Family Name,Category,Package,Description,File Type,Created By,Authorised By,Batch,TRM,AUD,REV,CFM,Source File,Source Sheet
440_CF_AL_eHorizontalElbow_Busway.rfa,440_CF,ELT_MSR,Electrical Revit Family,.rfa,MEP,DIG,7,03/07/2026,10/07/2026,17/07/2026,24/07/2026,DCMvn_Annotation Project_ELT_MSR_TIDP_Rev02.xlsx,TIDP 440+480_Rev 02
440_CF_AL_eVerticalElbow90Deg_Busway.rfa,440_CF,ELT_MSR,Electrical Revit Family,.rfa,MEP,DIG,7,03/07/2026,10/07/2026,17/07/2026,24/07/2026,DCMvn_Annotation Project_ELT_MSR_TIDP_Rev02.xlsx,TIDP 440+480_Rev 02
440_CF_AL_eVerticalOffsetElbow90Deg_Busway.rfa,440_CF,ELT_MSR,Electrical Revit Family,.rfa,MEP,DIG,7,03/07/2026,10/07/2026,17/07/2026,24/07/2026,DCMvn_Annotation Project_ELT_MSR_TIDP_Rev02.xlsx,TIDP 440+480_Rev 02
440_CF_AL_mHorizontalOffsetZShade_Busway.rfa,440_CF,ELT_MSR,Electrical Revit Family,.rfa,MEP,DIG,7,03/07/2026,10/07/2026,17/07/2026,24/07/2026,DCMvn_Annotation Project_ELT_MSR_TIDP_Rev02.xlsx,TIDP 440+480_Rev 02
440_CF_AL_mVerticalOffsetZShade_Busway.rfa,440_CF,ELT_MSR,Electrical Revit Family,.rfa,MEP,DIG,7,03/07/2026,10/07/2026,17/07/2026,24/07/2026,DCMvn_Annotation Project_ELT_MSR_TIDP_Rev02.xlsx,TIDP 440+480_Rev 02
440_CF_AL_StraightLength_Busway.rfa,440_CF,ELT_MSR,Electrical Revit Family,.rfa,MEP,DIG,7,03/07/2026,10/07/2026,17/07/2026,24/07/2026,DCMvn_Annotation Project_ELT_MSR_TIDP_Rev02.xlsx,TIDP 440+480_Rev 02
440_CF_AL_tVerticalTee_Busway.rfa,440_CF,ELT_MSR,Electrical Revit Family,.rfa,MEP,DIG,7,03/07/2026,10/07/2026,17/07/2026,24/07/2026,DCMvn_Annotation Project_ELT_MSR_TIDP_Rev02.xlsx,TIDP 440+480_Rev 02
440_CF_AL_uEndFlange_Busway.rfa,440_CF,ELT_MSR,Electrical Revit Family,.rfa,MEP,DIG,7,03/07/2026,10/07/2026,17/07/2026,24/07/2026,DCMvn_Annotation Project_ELT_MSR_TIDP_Rev02.xlsx,TIDP 440+480_Rev 02
440_CF_CO_eDoubleLeftElbow_Busway.rfa,440_CF,ELT_MSR,Electrical Revit Family,.rfa,MEP,DIG,7,03/07/2026,10/07/2026,17/07/2026,24/07/2026,DCMvn_Annotation Project_ELT_MSR_TIDP_Rev02.xlsx,TIDP 440+480_Rev 02
440_CF_CO_eEdgewiseElbow_Busway.rfa,440_CF,ELT_MSR,Electrical Revit Family,.rfa,MEP,DIG,7,03/07/2026,10/07/2026,17/07/2026,24/07/2026,DCMvn_Annotation Project_ELT_MSR_TIDP_Rev02.xlsx,TIDP 440+480_Rev 02
440_CF_CO_eEdgewiseElbowWithAngle_Busway.rfa,440_CF,ELT_MSR,Electrical Revit Family,.rfa,MEP,DIG,7,03/07/2026,10/07/2026,17/07/2026,24/07/2026,DCMvn_Annotation Project_ELT_MSR_TIDP_Rev02.xlsx,TIDP 440+480_Rev 02
440_CF_CO_eEdgewiseOffet_Standard.rfa,440_CF,ELT_MSR,Electrical Revit Family,.rfa,MEP,DIG,7,03/07/2026,10/07/2026,17/07/2026,24/07/2026,DCMvn_Annotation Project_ELT_MSR_TIDP_Rev02.xlsx,TIDP 440+480_Rev 02
440_CF_CO_eFlatwise_Standard.rfa,440_CF,ELT_MSR,Electrical Revit Family,.rfa,MEP,DIG,7,03/07/2026,10/07/2026,17/07/2026,24/07/2026,DCMvn_Annotation Project_ELT_MSR_TIDP_Rev02.xlsx,TIDP 440+480_Rev 02
440_CF_CO_eFlatwiseOffsetElbow_Busway.rfa,440_CF,ELT_MSR,Electrical Revit Family,.rfa,MEP,DIG,7,03/07/2026,10/07/2026,17/07/2026,24/07/2026,DCMvn_Annotation Project_ELT_MSR_TIDP_Rev02.xlsx,TIDP 440+480_Rev 02
440_CF_CO_mChannelMultiPort_Standard_FeedUnitForDryTransformer.rfa,440_CF,ELT_MSR,Electrical Revit Family,.rfa,MEP,DIG,7,03/07/2026,10/07/2026,17/07/2026,24/07/2026,DCMvn_Annotation Project_ELT_MSR_TIDP_Rev02.xlsx,TIDP 440+480_Rev 02
440_CF_CO_uFlangedEnd_Busway.rfa,440_CF,ELT_MSR,Electrical Revit Family,.rfa,MEP,DIG,8,03/07/2026,10/07/2026,17/07/2026,24/07/2026,DCMvn_Annotation Project_ELT_MSR_TIDP_Rev02.xlsx,TIDP 440+480_Rev 02
440_CF_CS_eCavityFloorBoxWithHeatResistantRoundFormworkBodyElbow_Standard.rfa,440_CF,ELT_MSR,Electrical Revit Family,.rfa,MEP,DIG,8,03/07/2026,10/07/2026,17/07/2026,24/07/2026,DCMvn_Annotation Project_ELT_MSR_TIDP_Rev02.xlsx,TIDP 440+480_Rev 02
440_CF_CS_eCavityFloorBoxWithHeatResistantSquareFormworkBodyElbow_Standard.rfa,440_CF,ELT_MSR,Electrical Revit Family,.rfa,MEP,DIG,8,03/07/2026,10/07/2026,17/07/2026,24/07/2026,DCMvn_Annotation Project_ELT_MSR_TIDP_Rev02.xlsx,TIDP 440+480_Rev 02
440_CF_CS_eCavityFloorBoxWithRoundFormworkBodyElbow_Standard.rfa,440_CF,ELT_MSR,Electrical Revit Family,.rfa,MEP,DIG,8,03/07/2026,10/07/2026,17/07/2026,24/07/2026,DCMvn_Annotation Project_ELT_MSR_TIDP_Rev02.xlsx,TIDP 440+480_Rev 02
440_CF_CS_eCavityFloorBoxWithSquareFormworkBodyElbow_Standard.rfa,440_CF,ELT_MSR,Electrical Revit Family,.rfa,MEP,DIG,8,03/07/2026,10/07/2026,17/07/2026,24/07/2026,DCMvn_Annotation Project_ELT_MSR_TIDP_Rev02.xlsx,TIDP 440+480_Rev 02
440_CF_CS_eScreedCovered_Standard_ChannelThreePartVerticalBend.rfa,440_CF,ELT_MSR,Electrical Revit Family,.rfa,MEP,DIG,8,03/07/2026,10/07/2026,17/07/2026,24/07/2026,DCMvn_Annotation Project_ELT_MSR_TIDP_Rev02.xlsx,TIDP 440+480_Rev 02
440_CF_CS_eScreedCovered_Standard_ChannelTwoPartVerticalBend.rfa,440_CF,ELT_MSR,Electrical Revit Family,.rfa,MEP,DIG,8,03/07/2026,10/07/2026,17/07/2026,24/07/2026,DCMvn_Annotation Project_ELT_MSR_TIDP_Rev02.xlsx,TIDP 440+480_Rev 02
440_CF_CS_tCavityFloorBoxWithHeatResistantRoundFormworkBodyTee_Standard.rfa,440_CF,ELT_MSR,Electrical Revit Family,.rfa,MEP,DIG,8,03/07/2026,10/07/2026,17/07/2026,24/07/2026,DCMvn_Annotation Project_ELT_MSR_TIDP_Rev02.xlsx,TIDP 440+480_Rev 02
440_CF_CS_tCavityFloorBoxWithHeatResistantSquareFormworkBodyTee_Standard.rfa,440_CF,ELT_MSR,Electrical Revit Family,.rfa,MEP,DIG,8,03/07/2026,10/07/2026,17/07/2026,24/07/2026,DCMvn_Annotation Project_ELT_MSR_TIDP_Rev02.xlsx,TIDP 440+480_Rev 02
440_CF_CS_tCavityFloorBoxWithRoundFormworkBodyTee_Standard.rfa,440_CF,ELT_MSR,Electrical Revit Family,.rfa,MEP,DIG,8,03/07/2026,10/07/2026,17/07/2026,24/07/2026,DCMvn_Annotation Project_ELT_MSR_TIDP_Rev02.xlsx,TIDP 440+480_Rev 02
440_CF_CS_tCavityFloorBoxWithSquareFormworkBodyTee_Standard.rfa,440_CF,ELT_MSR,Electrical Revit Family,.rfa,MEP,DIG,8,03/07/2026,10/07/2026,17/07/2026,24/07/2026,DCMvn_Annotation Project_ELT_MSR_TIDP_Rev02.xlsx,TIDP 440+480_Rev 02
440_CF_CS_uCavityFloorBoxWithHeatResistantRoundFormworkBodyEnd_Standard.rfa,440_CF,ELT_MSR,Electrical Revit Family,.rfa,MEP,DIG,8,03/07/2026,10/07/2026,17/07/2026,24/07/2026,DCMvn_Annotation Project_ELT_MSR_TIDP_Rev02.xlsx,TIDP 440+480_Rev 02
440_CF_CS_uCavityFloorBoxWithHeatResistantSquareFormworkBodyEnd_Standard.rfa,440_CF,ELT_MSR,Electrical Revit Family,.rfa,MEP,DIG,8,03/07/2026,10/07/2026,17/07/2026,24/07/2026,DCMvn_Annotation Project_ELT_MSR_TIDP_Rev02.xlsx,TIDP 440+480_Rev 02
440_CF_CS_uCavityFloorBoxWithRoundFormworkBodyEnd_Standard.rfa,440_CF,ELT_MSR,Electrical Revit Family,.rfa,MEP,DIG,8,03/07/2026,10/07/2026,17/07/2026,24/07/2026,DCMvn_Annotation Project_ELT_MSR_TIDP_Rev02.xlsx,TIDP 440+480_Rev 02
440_CF_CS_uCavityFloorBoxWithSquareFormworkBodyEnd_Standard.rfa,440_CF,ELT_MSR,Electrical Revit Family,.rfa,MEP,DIG,8,03/07/2026,10/07/2026,17/07/2026,24/07/2026,DCMvn_Annotation Project_ELT_MSR_TIDP_Rev02.xlsx,TIDP 440+480_Rev 02
440_CF_CS_xCavityFloorBoxWithHeatResistantRoundFormworkBodyCross_Standard.rfa,440_CF,ELT_MSR,Electrical Revit Family,.rfa,MEP,DIG,8,03/07/2026,10/07/2026,17/07/2026,24/07/2026,DCMvn_Annotation Project_ELT_MSR_TIDP_Rev02.xlsx,TIDP 440+480_Rev 02
440_CF_CS_xCavityFloorBoxWithHeatResistantSquareFormworkBodyCross_Standard.rfa,440_CF,ELT_MSR,Electrical Revit Family,.rfa,MEP,DIG,8,03/07/2026,10/07/2026,17/07/2026,24/07/2026,DCMvn_Annotation Project_ELT_MSR_TIDP_Rev02.xlsx,TIDP 440+480_Rev 02
440_CF_CS_xCavityFloorBoxWithRoundFormworkBodyCross_Standard.rfa,440_CF,ELT_MSR,Electrical Revit Family,.rfa,MEP,DIG,8,03/07/2026,10/07/2026,17/07/2026,24/07/2026,DCMvn_Annotation Project_ELT_MSR_TIDP_Rev02.xlsx,TIDP 440+480_Rev 02
440_CF_CS_xCavityFloorBoxWithSquareFormworkBodyCross_Standard.rfa,440_CF,ELT_MSR,Electrical Revit Family,.rfa,MEP,DIG,8,03/07/2026,10/07/2026,17/07/2026,24/07/2026,DCMvn_Annotation Project_ELT_MSR_TIDP_Rev02.xlsx,TIDP 440+480_Rev 02
440_CF_ehFlatwiseElbowFlangeEnd_Busway.rfa,440_CF,ELT_MSR,Electrical Revit Family,.rfa,MEP,DIG,8,03/07/2026,10/07/2026,17/07/2026,24/07/2026,DCMvn_Annotation Project_ELT_MSR_TIDP_Rev02.xlsx,TIDP 440+480_Rev 02
440_CF_ehFlatwiseElbowWithAngle_Busway.rfa,440_CF,ELT_MSR,Electrical Revit Family,.rfa,MEP,DIG,8,03/07/2026,10/07/2026,17/07/2026,24/07/2026,DCMvn_Annotation Project_ELT_MSR_TIDP_Rev02.xlsx,TIDP 440+480_Rev 02
440_CF_mFlatwiseTee_Busway.rfa,440_CF,ELT_MSR,Electrical Revit Family,.rfa,MEP,DIG,8,03/07/2026,10/07/2026,17/07/2026,24/07/2026,DCMvn_Annotation Project_ELT_MSR_TIDP_Rev02.xlsx,TIDP 440+480_Rev 02
440_CF_mPhaseTransition_Busway.rfa,440_CF,ELT_MSR,Electrical Revit Family,.rfa,MEP,DIG,8,03/07/2026,10/07/2026,17/07/2026,24/07/2026,DCMvn_Annotation Project_ELT_MSR_TIDP_Rev02.xlsx,TIDP 440+480_Rev 02
440_CF_mPotentialEqualisationBusbar.rfa,440_CF,ELT_MSR,Electrical Revit Family,.rfa,MEP,DIG,8,03/07/2026,10/07/2026,17/07/2026,24/07/2026,DCMvn_Annotation Project_ELT_MSR_TIDP_Rev02.xlsx,TIDP 440+480_Rev 02
440_CF_mStraightLength_Busway.rfa,440_CF,ELT_MSR,Electrical Revit Family,.rfa,MEP,DIG,8,03/07/2026,10/07/2026,17/07/2026,24/07/2026,DCMvn_Annotation Project_ELT_MSR_TIDP_Rev02.xlsx,TIDP 440+480_Rev 02
440_CF_ST_ehChannelHorizontalBend_Standard.rfa,440_CF,ELT_MSR,Electrical Revit Family,.rfa,MEP,DIG,8,03/07/2026,10/07/2026,17/07/2026,24/07/2026,DCMvn_Annotation Project_ELT_MSR_TIDP_Rev02.xlsx,TIDP 440+480_Rev 02
440_CF_ST_ehChannelHorizontalMiteredBend_Standard.rfa,440_CF,ELT_MSR,Electrical Revit Family,.rfa,MEP,DIG,8,10/07/2026,17/07/2026,24/07/2026,31/07/2026,DCMvn_Annotation Project_ELT_MSR_TIDP_Rev02.xlsx,TIDP 440+480_Rev 02
440_CF_ST_ehLadderHorizontalBend_Standard.rfa,440_CF,ELT_MSR,Electrical Revit Family,.rfa,MEP,DIG,9,10/07/2026,17/07/2026,24/07/2026,31/07/2026,DCMvn_Annotation Project_ELT_MSR_TIDP_Rev02.xlsx,TIDP 440+480_Rev 02
440_CF_ST_eiChannelVerticalInsideBend_Standard.rfa,440_CF,ELT_MSR,Electrical Revit Family,.rfa,MEP,DIG,8,10/07/2026,17/07/2026,24/07/2026,31/07/2026,DCMvn_Annotation Project_ELT_MSR_TIDP_Rev02.xlsx,TIDP 440+480_Rev 02
440_CF_ST_eiLadderVerticalInsideBend_Standard.rfa,440_CF,ELT_MSR,Electrical Revit Family,.rfa,MEP,DIG,9,10/07/2026,17/07/2026,24/07/2026,31/07/2026,DCMvn_Annotation Project_ELT_MSR_TIDP_Rev02.xlsx,TIDP 440+480_Rev 02
440_CF_ST_eoChannelVerticalOutsideBend_Standard.rfa,440_CF,ELT_MSR,Electrical Revit Family,.rfa,MEP,DIG,9,10/07/2026,17/07/2026,24/07/2026,31/07/2026,DCMvn_Annotation Project_ELT_MSR_TIDP_Rev02.xlsx,TIDP 440+480_Rev 02
440_CF_ST_eoLadderVerticalOutsideBend_Standard.rfa,440_CF,ELT_MSR,Electrical Revit Family,.rfa,MEP,DIG,9,10/07/2026,17/07/2026,24/07/2026,31/07/2026,DCMvn_Annotation Project_ELT_MSR_TIDP_Rev02.xlsx,TIDP 440+480_Rev 02
440_CF_ST_rChannelTransition_Standard.rfa,440_CF,ELT_MSR,Electrical Revit Family,.rfa,MEP,DIG,8,10/07/2026,17/07/2026,24/07/2026,31/07/2026,DCMvn_Annotation Project_ELT_MSR_TIDP_Rev02.xlsx,TIDP 440+480_Rev 02
440_CF_ST_rLadderTransition_Standard.rfa,440_CF,ELT_MSR,Electrical Revit Family,.rfa,MEP,DIG,9,10/07/2026,17/07/2026,24/07/2026,31/07/2026,DCMvn_Annotation Project_ELT_MSR_TIDP_Rev02.xlsx,TIDP 440+480_Rev 02
440_CF_ST_tChannelHorizontalTee_Standard.rfa,440_CF,ELT_MSR,Electrical Revit Family,.rfa,MEP,DIG,8,10/07/2026,17/07/2026,24/07/2026,31/07/2026,DCMvn_Annotation Project_ELT_MSR_TIDP_Rev02.xlsx,TIDP 440+480_Rev 02
440_CF_ST_tLadderHorizontalTee_Standard.rfa,440_CF,ELT_MSR,Electrical Revit Family,.rfa,MEP,DIG,9,10/07/2026,17/07/2026,24/07/2026,31/07/2026,DCMvn_Annotation Project_ELT_MSR_TIDP_Rev02.xlsx,TIDP 440+480_Rev 02
440_CF_ST_tvChannelVerticalDownTee_Standard.rfa,440_CF,ELT_MSR,Electrical Revit Family,.rfa,MEP,DIG,8,10/07/2026,17/07/2026,24/07/2026,31/07/2026,DCMvn_Annotation Project_ELT_MSR_TIDP_Rev02.xlsx,TIDP 440+480_Rev 02
440_CF_ST_tvLadderUTypeVerticalTee_Standard.rfa,440_CF,ELT_MSR,Electrical Revit Family,.rfa,MEP,DIG,9,10/07/2026,17/07/2026,24/07/2026,31/07/2026,DCMvn_Annotation Project_ELT_MSR_TIDP_Rev02.xlsx,TIDP 440+480_Rev 02
440_CF_ST_uChannelUnion_Standard.rfa,440_CF,ELT_MSR,Electrical Revit Family,.rfa,MEP,DIG,8,10/07/2026,17/07/2026,24/07/2026,31/07/2026,DCMvn_Annotation Project_ELT_MSR_TIDP_Rev02.xlsx,TIDP 440+480_Rev 02
440_CF_ST_uLadderUnion_Standard.rfa,440_CF,ELT_MSR,Electrical Revit Family,.rfa,MEP,DIG,9,10/07/2026,17/07/2026,24/07/2026,31/07/2026,DCMvn_Annotation Project_ELT_MSR_TIDP_Rev02.xlsx,TIDP 440+480_Rev 02
440_CF_ST_xChannelHorizontalCross_Standard.rfa,440_CF,ELT_MSR,Electrical Revit Family,.rfa,MEP,DIG,8,10/07/2026,17/07/2026,24/07/2026,31/07/2026,DCMvn_Annotation Project_ELT_MSR_TIDP_Rev02.xlsx,TIDP 440+480_Rev 02
440_CF_ST_xLadderHorizontalCross_Standard.rfa,440_CF,ELT_MSR,Electrical Revit Family,.rfa,MEP,DIG,9,10/07/2026,17/07/2026,24/07/2026,31/07/2026,DCMvn_Annotation Project_ELT_MSR_TIDP_Rev02.xlsx,TIDP 440+480_Rev 02
440_CF_ST_xvChannelVerticalCross_Standard.rfa,440_CF,ELT_MSR,Electrical Revit Family,.rfa,MEP,DIG,8,10/07/2026,17/07/2026,24/07/2026,31/07/2026,DCMvn_Annotation Project_ELT_MSR_TIDP_Rev02.xlsx,TIDP 440+480_Rev 02
440_CF_ST_xvLadderVerticalCross_Standard.rfa,440_CF,ELT_MSR,Electrical Revit Family,.rfa,MEP,DIG,9,10/07/2026,17/07/2026,24/07/2026,31/07/2026,DCMvn_Annotation Project_ELT_MSR_TIDP_Rev02.xlsx,TIDP 440+480_Rev 02
440_CF_uCableTapBoxCenter_Busway.rfa,440_CF,ELT_MSR,Electrical Revit Family,.rfa,MEP,DIG,9,10/07/2026,17/07/2026,24/07/2026,31/07/2026,DCMvn_Annotation Project_ELT_MSR_TIDP_Rev02.xlsx,TIDP 440+480_Rev 02
440_CF_uCableTapBoxEnd_Busway.rfa,440_CF,ELT_MSR,Electrical Revit Family,.rfa,MEP,DIG,9,10/07/2026,17/07/2026,24/07/2026,31/07/2026,DCMvn_Annotation Project_ELT_MSR_TIDP_Rev02.xlsx,TIDP 440+480_Rev 02
440_CF_uEndClosure_Busway.rfa,440_CF,ELT_MSR,Electrical Revit Family,.rfa,MEP,DIG,9,10/07/2026,17/07/2026,24/07/2026,31/07/2026,DCMvn_Annotation Project_ELT_MSR_TIDP_Rev02.xlsx,TIDP 440+480_Rev 02
440_CF_uFlexibleLink_Busway.rfa,440_CF,ELT_MSR,Electrical Revit Family,.rfa,MEP,DIG,9,10/07/2026,17/07/2026,24/07/2026,31/07/2026,DCMvn_Annotation Project_ELT_MSR_TIDP_Rev02.xlsx,TIDP 440+480_Rev 02
440_CF_UnfusedReducer_Busway.rfa,440_CF,ELT_MSR,Electrical Revit Family,.rfa,MEP,DIG,9,10/07/2026,17/07/2026,24/07/2026,31/07/2026,DCMvn_Annotation Project_ELT_MSR_TIDP_Rev02.xlsx,TIDP 440+480_Rev 02
440_CF_uWallFloorFlange_Busway.rfa,440_CF,ELT_MSR,Electrical Revit Family,.rfa,MEP,DIG,9,10/07/2026,17/07/2026,24/07/2026,31/07/2026,DCMvn_Annotation Project_ELT_MSR_TIDP_Rev02.xlsx,TIDP 440+480_Rev 02
440_CF_wChannelHorizontalWye_Standard.rfa,440_CF,ELT_MSR,Electrical Revit Family,.rfa,MEP,DIG,7,03/07/2026,10/07/2026,17/07/2026,24/07/2026,DCMvn_Annotation Project_ELT_MSR_TIDP_Rev02.xlsx,TIDP 440+480_Rev 02
440_CI_CS_tClamps_Standard.rfa,440_CI,ELT_MSR,Electrical Revit Family,.rfa,MEP,DIG,9,10/07/2026,17/07/2026,24/07/2026,31/07/2026,DCMvn_Annotation Project_ELT_MSR_TIDP_Rev02.xlsx,TIDP 440+480_Rev 02
440_CI_CS_tExpansionPiecesRound_Standard.rfa,440_CI,ELT_MSR,Electrical Revit Family,.rfa,MEP,DIG,9,10/07/2026,17/07/2026,24/07/2026,31/07/2026,DCMvn_Annotation Project_ELT_MSR_TIDP_Rev02.xlsx,TIDP 440+480_Rev 02
440_CI_CS_xClamps_Standard.rfa,440_CI,ELT_MSR,Electrical Revit Family,.rfa,MEP,DIG,9,10/07/2026,17/07/2026,24/07/2026,31/07/2026,DCMvn_Annotation Project_ELT_MSR_TIDP_Rev02.xlsx,TIDP 440+480_Rev 02
440_CI_CS_xExpansionPiecesRound_Standard.rfa,440_CI,ELT_MSR,Electrical Revit Family,.rfa,MEP,DIG,9,10/07/2026,17/07/2026,24/07/2026,31/07/2026,DCMvn_Annotation Project_ELT_MSR_TIDP_Rev02.xlsx,TIDP 440+480_Rev 02
440_CI_PC_mJunctionBox_Standard_Weatherproof.rfa,440_CI,ELT_MSR,Electrical Revit Family,.rfa,MEP,DIG,9,07/08/2026,14/08/2026,21/08/2026,28/08/2026,DCMvn_Annotation Project_ELT_MSR_TIDP_Rev02.xlsx,TIDP 440+480_Rev 02
440_CI_PVC_cConduitBodiesTypeE_Standard.rfa,440_CI,ELT_MSR,Electrical Revit Family,.rfa,MEP,DIG,9,10/07/2026,17/07/2026,24/07/2026,31/07/2026,DCMvn_Annotation Project_ELT_MSR_TIDP_Rev02.xlsx,TIDP 440+480_Rev 02
440_CI_PVC_cMarkerforConnectionLugs.rfa,440_CI,ELT_MSR,Electrical Revit Family,.rfa,MEP,DIG,9,10/07/2026,17/07/2026,24/07/2026,31/07/2026,DCMvn_Annotation Project_ELT_MSR_TIDP_Rev02.xlsx,TIDP 440+480_Rev 02
440_CI_PVC_ConduitSleeveCoupling_Standard.rfa,440_CI,ELT_MSR,Electrical Revit Family,.rfa,MEP,DIG,9,10/07/2026,17/07/2026,24/07/2026,31/07/2026,DCMvn_Annotation Project_ELT_MSR_TIDP_Rev02.xlsx,TIDP 440+480_Rev 02
440_CI_PVC_cTerminalOneWayBox_Standard.rfa,440_CI,ELT_MSR,Electrical Revit Family,.rfa,MEP,DIG,10,17/07/2026,24/07/2026,31/07/2026,07/08/2026,DCMvn_Annotation Project_ELT_MSR_TIDP_Rev02.xlsx,TIDP 440+480_Rev 02
440_CI_PVC_e30DegreeElbow_Standard.rfa,440_CI,ELT_MSR,Electrical Revit Family,.rfa,MEP,DIG,9,10/07/2026,17/07/2026,24/07/2026,31/07/2026,DCMvn_Annotation Project_ELT_MSR_TIDP_Rev02.xlsx,TIDP 440+480_Rev 02
440_CI_PVC_e45DegreeElbow_Standard.rfa,440_CI,ELT_MSR,Electrical Revit Family,.rfa,MEP,DIG,9,10/07/2026,17/07/2026,24/07/2026,31/07/2026,DCMvn_Annotation Project_ELT_MSR_TIDP_Rev02.xlsx,TIDP 440+480_Rev 02
440_CI_PVC_e90DegreeElbow_Standard.rfa,440_CI,ELT_MSR,Electrical Revit Family,.rfa,MEP,DIG,9,10/07/2026,17/07/2026,24/07/2026,31/07/2026,DCMvn_Annotation Project_ELT_MSR_TIDP_Rev02.xlsx,TIDP 440+480_Rev 02
440_CI_PVC_e90DegreeInspectionElbow_Standard.rfa,440_CI,ELT_MSR,Electrical Revit Family,.rfa,MEP,DIG,10,17/07/2026,24/07/2026,31/07/2026,07/08/2026,DCMvn_Annotation Project_ELT_MSR_TIDP_Rev02.xlsx,TIDP 440+480_Rev 02
440_CI_PVC_eAngledTwoWayBox_Standard.rfa,440_CI,ELT_MSR,Electrical Revit Family,.rfa,MEP,DIG,9,10/07/2026,17/07/2026,24/07/2026,31/07/2026,DCMvn_Annotation Project_ELT_MSR_TIDP_Rev02.xlsx,TIDP 440+480_Rev 02
440_CI_PVC_eConduitBodiesTypeLB_Standard.rfa,440_CI,ELT_MSR,Electrical Revit Family,.rfa,MEP,DIG,9,10/07/2026,17/07/2026,24/07/2026,31/07/2026,DCMvn_Annotation Project_ELT_MSR_TIDP_Rev02.xlsx,TIDP 440+480_Rev 02
440_CI_PVC_eConduitBodiesTypeLL_Standard.rfa,440_CI,ELT_MSR,Electrical Revit Family,.rfa,MEP,DIG,9,10/07/2026,17/07/2026,24/07/2026,31/07/2026,DCMvn_Annotation Project_ELT_MSR_TIDP_Rev02.xlsx,TIDP 440+480_Rev 02
440_CI_PVC_eConduitBodiesTypeLR_Standard.rfa,440_CI,ELT_MSR,Electrical Revit Family,.rfa,MEP,DIG,9,10/07/2026,17/07/2026,24/07/2026,31/07/2026,DCMvn_Annotation Project_ELT_MSR_TIDP_Rev02.xlsx,TIDP 440+480_Rev 02
440_CI_PVC_eInspectionBend_Standard.rfa,440_CI,ELT_MSR,Electrical Revit Family,.rfa,MEP,DIG,10,10/07/2026,17/07/2026,24/07/2026,31/07/2026,DCMvn_Annotation Project_ELT_MSR_TIDP_Rev02.xlsx,TIDP 440+480_Rev 02
440_CI_PVC_fCoupling_Standard.rfa,440_CI,ELT_MSR,Electrical Revit Family,.rfa,MEP,DIG,9,10/07/2026,17/07/2026,24/07/2026,31/07/2026,DCMvn_Annotation Project_ELT_MSR_TIDP_Rev02.xlsx,TIDP 440+480_Rev 02
440_CI_PVC_mHWayJuntionBox_Standard.rfa,440_CI,ELT_MSR,Electrical Revit Family,.rfa,MEP,DIG,9,10/07/2026,17/07/2026,24/07/2026,31/07/2026,DCMvn_Annotation Project_ELT_MSR_TIDP_Rev02.xlsx,TIDP 440+480_Rev 02
440_CI_PVC_mJunctionBox_Standard_ThreeWay.rfa,440_CI,ELT_MSR,Electrical Revit Family,.rfa,MEP,DIG,10,07/08/2026,14/08/2026,21/08/2026,28/08/2026,DCMvn_Annotation Project_ELT_MSR_TIDP_Rev02.xlsx,TIDP 440+480_Rev 02
440_CI_PVC_mUWayBox_Standard.rfa,440_CI,ELT_MSR,Electrical Revit Family,.rfa,MEP,DIG,10,17/07/2026,24/07/2026,31/07/2026,07/08/2026,DCMvn_Annotation Project_ELT_MSR_TIDP_Rev02.xlsx,TIDP 440+480_Rev 02
440_CI_PVC_mYWayBox_Standard.rfa,440_CI,ELT_MSR,Electrical Revit Family,.rfa,MEP,DIG,10,17/07/2026,24/07/2026,31/07/2026,07/08/2026,DCMvn_Annotation Project_ELT_MSR_TIDP_Rev02.xlsx,TIDP 440+480_Rev 02
440_CI_PVC_rReducer_Standard.rfa,440_CI,ELT_MSR,Electrical Revit Family,.rfa,MEP,DIG,10,17/07/2026,24/07/2026,31/07/2026,07/08/2026,DCMvn_Annotation Project_ELT_MSR_TIDP_Rev02.xlsx,TIDP 440+480_Rev 02
440_CI_PVC_tConduitBodiesTypeT_Standard.rfa,440_CI,ELT_MSR,Electrical Revit Family,.rfa,MEP,DIG,9,10/07/2026,17/07/2026,24/07/2026,31/07/2026,DCMvn_Annotation Project_ELT_MSR_TIDP_Rev02.xlsx,TIDP 440+480_Rev 02
440_CI_PVC_tInspectionTee_Standard.rfa,440_CI,ELT_MSR,Electrical Revit Family,.rfa,MEP,DIG,10,17/07/2026,24/07/2026,31/07/2026,07/08/2026,DCMvn_Annotation Project_ELT_MSR_TIDP_Rev02.xlsx,TIDP 440+480_Rev 02
440_CI_PVC_tTeeThreeWayBox_Standard.rfa,440_CI,ELT_MSR,Electrical Revit Family,.rfa,MEP,DIG,10,17/07/2026,24/07/2026,31/07/2026,07/08/2026,DCMvn_Annotation Project_ELT_MSR_TIDP_Rev02.xlsx,TIDP 440+480_Rev 02
440_CI_PVC_uConduitBodiesTypeC_Standard.rfa,440_CI,ELT_MSR,Electrical Revit Family,.rfa,MEP,DIG,9,10/07/2026,17/07/2026,24/07/2026,31/07/2026,DCMvn_Annotation Project_ELT_MSR_TIDP_Rev02.xlsx,TIDP 440+480_Rev 02
440_CI_PVC_uJunctionBox_Standard.rfa,440_CI,ELT_MSR,Electrical Revit Family,.rfa,MEP,DIG,10,07/08/2026,14/08/2026,21/08/2026,28/08/2026,DCMvn_Annotation Project_ELT_MSR_TIDP_Rev02.xlsx,TIDP 440+480_Rev 02
440_CI_PVC_uThroughTwoWayBox_Standard.rfa,440_CI,ELT_MSR,Electrical Revit Family,.rfa,MEP,DIG,10,17/07/2026,24/07/2026,31/07/2026,07/08/2026,DCMvn_Annotation Project_ELT_MSR_TIDP_Rev02.xlsx,TIDP 440+480_Rev 02
440_CI_PVC_xIntersectionFourWayBox_Standard.rfa,440_CI,ELT_MSR,Electrical Revit Family,.rfa,MEP,DIG,10,17/07/2026,24/07/2026,31/07/2026,07/08/2026,DCMvn_Annotation Project_ELT_MSR_TIDP_Rev02.xlsx,TIDP 440+480_Rev 02
440_CI_SS_cDeviceBoxes_Threaded.rfa,440_CI,ELT_MSR,Electrical Revit Family,.rfa,MEP,DIG,10,17/07/2026,24/07/2026,31/07/2026,07/08/2026,DCMvn_Annotation Project_ELT_MSR_TIDP_Rev02.xlsx,TIDP 440+480_Rev 02
440_CI_SS_e45DegreeElbow_Standard.rfa,440_CI,ELT_MSR,Electrical Revit Family,.rfa,MEP,DIG,10,17/07/2026,24/07/2026,31/07/2026,07/08/2026,DCMvn_Annotation Project_ELT_MSR_TIDP_Rev02.xlsx,TIDP 440+480_Rev 02
440_CI_SS_e45DegreeElbow_Threaded.rfa,440_CI,ELT_MSR,Electrical Revit Family,.rfa,MEP,DIG,10,17/07/2026,24/07/2026,31/07/2026,07/08/2026,DCMvn_Annotation Project_ELT_MSR_TIDP_Rev02.xlsx,TIDP 440+480_Rev 02
440_CI_SS_e90DegreeElbow_Standard.rfa,440_CI,ELT_MSR,Electrical Revit Family,.rfa,MEP,DIG,10,17/07/2026,24/07/2026,31/07/2026,07/08/2026,DCMvn_Annotation Project_ELT_MSR_TIDP_Rev02.xlsx,TIDP 440+480_Rev 02
440_CI_SS_e90DegreeElbow_Threaded.rfa,440_CI,ELT_MSR,Electrical Revit Family,.rfa,MEP,DIG,10,17/07/2026,24/07/2026,31/07/2026,07/08/2026,DCMvn_Annotation Project_ELT_MSR_TIDP_Rev02.xlsx,TIDP 440+480_Rev 02
440_CI_SS_eConduitBodies_Threaded_TypeLB.rfa,440_CI,ELT_MSR,Electrical Revit Family,.rfa,MEP,DIG,10,17/07/2026,24/07/2026,31/07/2026,07/08/2026,DCMvn_Annotation Project_ELT_MSR_TIDP_Rev02.xlsx,TIDP 440+480_Rev 02
440_CI_SS_eConduitBodies_Threaded_TypeLR.rfa,440_CI,ELT_MSR,Electrical Revit Family,.rfa,MEP,DIG,10,17/07/2026,24/07/2026,31/07/2026,07/08/2026,DCMvn_Annotation Project_ELT_MSR_TIDP_Rev02.xlsx,TIDP 440+480_Rev 02
440_CI_SS_eConduitBodies_Threaded_TypeLU.rfa,440_CI,ELT_MSR,Electrical Revit Family,.rfa,MEP,DIG,10,17/07/2026,24/07/2026,31/07/2026,07/08/2026,DCMvn_Annotation Project_ELT_MSR_TIDP_Rev02.xlsx,TIDP 440+480_Rev 02
440_CI_SS_eConduitBodies_TypeLL_Threaded.rfa,440_CI,ELT_MSR,Electrical Revit Family,.rfa,MEP,DIG,10,17/07/2026,24/07/2026,31/07/2026,07/08/2026,DCMvn_Annotation Project_ELT_MSR_TIDP_Rev02.xlsx,TIDP 440+480_Rev 02
440_CI_SS_eFlatConductorsElbow_Standard.rfa,440_CI,ELT_MSR,Electrical Revit Family,.rfa,MEP,DIG,10,17/07/2026,24/07/2026,31/07/2026,07/08/2026,DCMvn_Annotation Project_ELT_MSR_TIDP_Rev02.xlsx,TIDP 440+480_Rev 02
440_CI_SS_eInspectionElbow_Standard.rfa,440_CI,ELT_MSR,Electrical Revit Family,.rfa,MEP,DIG,10,17/07/2026,24/07/2026,31/07/2026,07/08/2026,DCMvn_Annotation Project_ELT_MSR_TIDP_Rev02.xlsx,TIDP 440+480_Rev 02
440_CI_SS_FlatStrip_Standard.rfa,440_CI,ELT_MSR,Electrical Revit Family,.rfa,MEP,DIG,10,17/07/2026,24/07/2026,31/07/2026,07/08/2026,DCMvn_Annotation Project_ELT_MSR_TIDP_Rev02.xlsx,TIDP 440+480_Rev 02
440_CI_SS_tConduitBodies_Threaded_TypeT.rfa,440_CI,ELT_MSR,Electrical Revit Family,.rfa,MEP,DIG,10,17/07/2026,24/07/2026,31/07/2026,07/08/2026,DCMvn_Annotation Project_ELT_MSR_TIDP_Rev02.xlsx,TIDP 440+480_Rev 02
440_CI_SS_tConduitBodies_Threaded_TypeTB.rfa,440_CI,ELT_MSR,Electrical Revit Family,.rfa,MEP,DIG,10,17/07/2026,24/07/2026,31/07/2026,07/08/2026,DCMvn_Annotation Project_ELT_MSR_TIDP_Rev02.xlsx,TIDP 440+480_Rev 02
440_CI_SS_uCFormConduitUnion_Threaded.rfa,440_CI,ELT_MSR,Electrical Revit Family,.rfa,MEP,DIG,10,17/07/2026,24/07/2026,31/07/2026,07/08/2026,DCMvn_Annotation Project_ELT_MSR_TIDP_Rev02.xlsx,TIDP 440+480_Rev 02
440_CI_SS_xConduitBodies_Threaded_TypeX.rfa,440_CI,ELT_MSR,Electrical Revit Family,.rfa,MEP,DIG,10,17/07/2026,24/07/2026,31/07/2026,07/08/2026,DCMvn_Annotation Project_ELT_MSR_TIDP_Rev02.xlsx,TIDP 440+480_Rev 02
440_CI_SS_xCrossConductorFlatToRound.rfa,440_CI,ELT_MSR,Electrical Revit Family,.rfa,MEP,DIG,10,17/07/2026,24/07/2026,31/07/2026,07/08/2026,DCMvn_Annotation Project_ELT_MSR_TIDP_Rev02.xlsx,TIDP 440+480_Rev 02
440_CI_SS_xFlatConductorCross.rfa,440_CI,ELT_MSR,Electrical Revit Family,.rfa,MEP,DIG,10,17/07/2026,24/07/2026,31/07/2026,07/08/2026,DCMvn_Annotation Project_ELT_MSR_TIDP_Rev02.xlsx,TIDP 440+480_Rev 02
440_CI_ST_mJunctionBox_Explosionproof.rfa,440_CI,ELT_MSR,Electrical Revit Family,.rfa,MEP,DIG,10,07/08/2026,14/08/2026,21/08/2026,28/08/2026,DCMvn_Annotation Project_ELT_MSR_TIDP_Rev02.xlsx,TIDP 440+480_Rev 02
440_EE_AutomaticTranferSwitchPanel.rfa,440_EE,ELT_MSR,Electrical Revit Family,.rfa,MEP,DIG,1,05/06/2026,12/06/2026,19/06/2026,25/06/2026,DCMvn_Annotation Project_ELT_MSR_TIDP_Rev02.xlsx,TIDP 440+480_Rev 02
440_EE_BatteryStorage.rfa,440_EE,ELT_MSR,Electrical Revit Family,.rfa,MEP,DIG,1,05/06/2026,12/06/2026,19/06/2026,25/06/2026,DCMvn_Annotation Project_ELT_MSR_TIDP_Rev02.xlsx,TIDP 440+480_Rev 02
440_EE_CircuitBreakerEnclosure.rfa,440_EE,ELT_MSR,Electrical Revit Family,.rfa,MEP,DIG,1,05/06/2026,12/06/2026,19/06/2026,25/06/2026,DCMvn_Annotation Project_ELT_MSR_TIDP_Rev02.xlsx,TIDP 440+480_Rev 02
440_EE_DCtoAC_Inverter.rfa,440_EE,ELT_MSR,Electrical Revit Family,.rfa,MEP,DIG,1,05/06/2026,12/06/2026,19/06/2026,25/06/2026,DCMvn_Annotation Project_ELT_MSR_TIDP_Rev02.xlsx,TIDP 440+480_Rev 02
440_EE_DieselGenerator.rfa,440_EE,ELT_MSR,Electrical Revit Family,.rfa,MEP,DIG,1,05/06/2026,12/06/2026,19/06/2026,25/06/2026,DCMvn_Annotation Project_ELT_MSR_TIDP_Rev02.xlsx,TIDP 440+480_Rev 02
440_EE_DieselTankGenerator.rfa,440_EE,ELT_MSR,Electrical Revit Family,.rfa,MEP,DIG,1,05/06/2026,12/06/2026,19/06/2026,25/06/2026,DCMvn_Annotation Project_ELT_MSR_TIDP_Rev02.xlsx,TIDP 440+480_Rev 02
440_EE_DistributionBox_DALI.rfa,440_EE,ELT_MSR,Electrical Revit Family,.rfa,MEP,DIG,1,05/06/2026,12/06/2026,19/06/2026,25/06/2026,DCMvn_Annotation Project_ELT_MSR_TIDP_Rev02.xlsx,TIDP 440+480_Rev 02
440_EE_DryTransformer.rfa,440_EE,ELT_MSR,Electrical Revit Family,.rfa,MEP,DIG,1,05/06/2026,12/06/2026,19/06/2026,25/06/2026,DCMvn_Annotation Project_ELT_MSR_TIDP_Rev02.xlsx,TIDP 440+480_Rev 02
440_EE_ElectricalCabinet_Standard.rfa,440_EE,ELT_MSR,Electrical Revit Family,.rfa,MEP,DIG,1,05/06/2026,12/06/2026,19/06/2026,25/06/2026,DCMvn_Annotation Project_ELT_MSR_TIDP_Rev02.xlsx,TIDP 440+480_Rev 02
440_EE_FlatRoofSolar.rfa,440_EE,ELT_MSR,Electrical Revit Family,.rfa,MEP,DIG,1,05/06/2026,12/06/2026,19/06/2026,25/06/2026,DCMvn_Annotation Project_ELT_MSR_TIDP_Rev02.xlsx,TIDP 440+480_Rev 02
440_EE_FlatRoofSolarFrame_NoSystem.rfa,440_EE,ELT_MSR,Electrical Revit Family,.rfa,MEP,DIG,1,05/06/2026,12/06/2026,19/06/2026,25/06/2026,DCMvn_Annotation Project_ELT_MSR_TIDP_Rev02.xlsx,TIDP 440+480_Rev 02
440_EE_FlatRoofSolarFrameWithRoot_NoSystem.rfa,440_EE,ELT_MSR,Electrical Revit Family,.rfa,MEP,DIG,1,05/06/2026,12/06/2026,19/06/2026,25/06/2026,DCMvn_Annotation Project_ELT_MSR_TIDP_Rev02.xlsx,TIDP 440+480_Rev 02
440_EE_FlatRoofSolarModule.rfa,440_EE,ELT_MSR,Electrical Revit Family,.rfa,MEP,DIG,1,05/06/2026,12/06/2026,19/06/2026,25/06/2026,DCMvn_Annotation Project_ELT_MSR_TIDP_Rev02.xlsx,TIDP 440+480_Rev 02
440_EE_GasInsulatedMediumVoltageSwitchgear_MSEVU.rfa,440_EE,ELT_MSR,Electrical Revit Family,.rfa,MEP,DIG,1,05/06/2026,12/06/2026,19/06/2026,25/06/2026,DCMvn_Annotation Project_ELT_MSR_TIDP_Rev02.xlsx,TIDP 440+480_Rev 02
440_EE_GasInsulatedMediumVoltageSwitchgear_MSKälte.rfa,440_EE,ELT_MSR,Electrical Revit Family,.rfa,MEP,DIG,1,05/06/2026,12/06/2026,19/06/2026,25/06/2026,DCMvn_Annotation Project_ELT_MSR_TIDP_Rev02.xlsx,TIDP 440+480_Rev 02
440_EE_GasInsulatedMediumVoltageSwitchgear_MSNord.rfa,440_EE,ELT_MSR,Electrical Revit Family,.rfa,MEP,DIG,1,05/06/2026,12/06/2026,19/06/2026,25/06/2026,DCMvn_Annotation Project_ELT_MSR_TIDP_Rev02.xlsx,TIDP 440+480_Rev 02
440_EE_GasInsulatedMediumVoltageSwitchgear_MsPvAnlage.rfa,440_EE,ELT_MSR,Electrical Revit Family,.rfa,MEP,DIG,1,05/06/2026,12/06/2026,19/06/2026,25/06/2026,DCMvn_Annotation Project_ELT_MSR_TIDP_Rev02.xlsx,TIDP 440+480_Rev 02
440_EE_GasInsulatedMediumVoltageSwitchgear_MSSüd.rfa,440_EE,ELT_MSR,Electrical Revit Family,.rfa,MEP,DIG,1,05/06/2026,12/06/2026,19/06/2026,25/06/2026,DCMvn_Annotation Project_ELT_MSR_TIDP_Rev02.xlsx,TIDP 440+480_Rev 02
440_EE_Generator_Standard.rfa,440_EE,ELT_MSR,Electrical Revit Family,.rfa,MEP,DIG,1,05/06/2026,12/06/2026,19/06/2026,25/06/2026,DCMvn_Annotation Project_ELT_MSR_TIDP_Rev02.xlsx,TIDP 440+480_Rev 02
440_EE_IndoorTransformer.rfa,440_EE,ELT_MSR,Electrical Revit Family,.rfa,MEP,DIG,1,05/06/2026,12/06/2026,19/06/2026,25/06/2026,DCMvn_Annotation Project_ELT_MSR_TIDP_Rev02.xlsx,TIDP 440+480_Rev 02
440_EE_kwhMeter_3Phases.rfa,440_EE,ELT_MSR,Electrical Revit Family,.rfa,MEP,DIG,1,05/06/2026,12/06/2026,19/06/2026,25/06/2026,DCMvn_Annotation Project_ELT_MSR_TIDP_Rev02.xlsx,TIDP 440+480_Rev 02
440_EE_LowVoltagePanel.rfa,440_EE,ELT_MSR,Electrical Revit Family,.rfa,MEP,DIG,1,05/06/2026,12/06/2026,19/06/2026,25/06/2026,DCMvn_Annotation Project_ELT_MSR_TIDP_Rev02.xlsx,TIDP 440+480_Rev 02
440_EE_LowVoltageSwitchboard_GHVNord_HOST.rfa,440_EE,ELT_MSR,Electrical Revit Family,.rfa,MEP,DIG,2,12/06/2026,19/06/2026,25/06/2026,03/07/2026,DCMvn_Annotation Project_ELT_MSR_TIDP_Rev02.xlsx,TIDP 440+480_Rev 02
440_EE_LowVoltageSwitchboard_GHVSüd_HOST.rfa,440_EE,ELT_MSR,Electrical Revit Family,.rfa,MEP,DIG,2,12/06/2026,19/06/2026,25/06/2026,03/07/2026,DCMvn_Annotation Project_ELT_MSR_TIDP_Rev02.xlsx,TIDP 440+480_Rev 02
440_EE_LowVoltageSwitchboard_NshvKälte_HOST.rfa,440_EE,ELT_MSR,Electrical Revit Family,.rfa,MEP,DIG,2,12/06/2026,19/06/2026,25/06/2026,03/07/2026,DCMvn_Annotation Project_ELT_MSR_TIDP_Rev02.xlsx,TIDP 440+480_Rev 02
440_EE_LowVoltageSwitchboard_NshvPV_HOST.rfa,440_EE,ELT_MSR,Electrical Revit Family,.rfa,MEP,DIG,2,12/06/2026,19/06/2026,25/06/2026,03/07/2026,DCMvn_Annotation Project_ELT_MSR_TIDP_Rev02.xlsx,TIDP 440+480_Rev 02
440_EE_MainDistributionBoard_WallMounted.rfa,440_EE,ELT_MSR,Electrical Revit Family,.rfa,MEP,DIG,2,12/06/2026,19/06/2026,25/06/2026,03/07/2026,DCMvn_Annotation Project_ELT_MSR_TIDP_Rev02.xlsx,TIDP 440+480_Rev 02
440_EE_MainSupply_GEVBnetwork.rfa,440_EE,ELT_MSR,Electrical Revit Family,.rfa,MEP,DIG,2,12/06/2026,19/06/2026,25/06/2026,03/07/2026,DCMvn_Annotation Project_ELT_MSR_TIDP_Rev02.xlsx,TIDP 440+480_Rev 02
440_EE_MainSupply_UPSmains.rfa,440_EE,ELT_MSR,Electrical Revit Family,.rfa,MEP,DIG,2,12/06/2026,19/06/2026,25/06/2026,03/07/2026,DCMvn_Annotation Project_ELT_MSR_TIDP_Rev02.xlsx,TIDP 440+480_Rev 02
440_EE_MainSwitchBoard.rfa,440_EE,ELT_MSR,Electrical Revit Family,.rfa,MEP,DIG,2,12/06/2026,19/06/2026,25/06/2026,03/07/2026,DCMvn_Annotation Project_ELT_MSR_TIDP_Rev02.xlsx,TIDP 440+480_Rev 02
440_EE_Manhole_Standard.rfa,440_EE,ELT_MSR,Electrical Revit Family,.rfa,MEP,DIG,2,12/06/2026,19/06/2026,25/06/2026,03/07/2026,DCMvn_Annotation Project_ELT_MSR_TIDP_Rev02.xlsx,TIDP 440+480_Rev 02
440_EE_MediumVoltageSwitchgear.rfa,440_EE,ELT_MSR,Electrical Revit Family,.rfa,MEP,DIG,2,12/06/2026,19/06/2026,25/06/2026,03/07/2026,DCMvn_Annotation Project_ELT_MSR_TIDP_Rev02.xlsx,TIDP 440+480_Rev 02
440_EE_MotorControlCenter_SwitchBoard.rfa,440_EE,ELT_MSR,Electrical Revit Family,.rfa,MEP,DIG,2,12/06/2026,19/06/2026,25/06/2026,03/07/2026,DCMvn_Annotation Project_ELT_MSR_TIDP_Rev02.xlsx,TIDP 440+480_Rev 02
440_EE_OilTransformer.rfa,440_EE,ELT_MSR,Electrical Revit Family,.rfa,MEP,DIG,2,12/06/2026,19/06/2026,25/06/2026,03/07/2026,DCMvn_Annotation Project_ELT_MSR_TIDP_Rev02.xlsx,TIDP 440+480_Rev 02
440_EE_OutdoorTransformer.rfa,440_EE,ELT_MSR,Electrical Revit Family,.rfa,MEP,DIG,2,12/06/2026,19/06/2026,25/06/2026,03/07/2026,DCMvn_Annotation Project_ELT_MSR_TIDP_Rev02.xlsx,TIDP 440+480_Rev 02
440_EE_PanelBoard.rfa,440_EE,ELT_MSR,Electrical Revit Family,.rfa,MEP,DIG,2,12/06/2026,19/06/2026,25/06/2026,03/07/2026,DCMvn_Annotation Project_ELT_MSR_TIDP_Rev02.xlsx,TIDP 440+480_Rev 02
440_EE_SilentDieselGenerator.rfa,440_EE,ELT_MSR,Electrical Revit Family,.rfa,MEP,DIG,2,12/06/2026,19/06/2026,25/06/2026,03/07/2026,DCMvn_Annotation Project_ELT_MSR_TIDP_Rev02.xlsx,TIDP 440+480_Rev 02
440_EE_SinglePhase_Panel.rfa,440_EE,ELT_MSR,Electrical Revit Family,.rfa,MEP,DIG,2,12/06/2026,19/06/2026,25/06/2026,03/07/2026,DCMvn_Annotation Project_ELT_MSR_TIDP_Rev02.xlsx,TIDP 440+480_Rev 02
440_EE_SpringVibration.rfa,440_EE,ELT_MSR,Electrical Revit Family,.rfa,MEP,DIG,2,12/06/2026,19/06/2026,25/06/2026,03/07/2026,DCMvn_Annotation Project_ELT_MSR_TIDP_Rev02.xlsx,TIDP 440+480_Rev 02
440_EE_SubmainSwitchBoard.rfa,440_EE,ELT_MSR,Electrical Revit Family,.rfa,MEP,DIG,2,12/06/2026,19/06/2026,25/06/2026,03/07/2026,DCMvn_Annotation Project_ELT_MSR_TIDP_Rev02.xlsx,TIDP 440+480_Rev 02
440_EE_SwitchCabinet_OutgoingPanel.rfa,440_EE,ELT_MSR,Electrical Revit Family,.rfa,MEP,DIG,2,12/06/2026,19/06/2026,25/06/2026,03/07/2026,DCMvn_Annotation Project_ELT_MSR_TIDP_Rev02.xlsx,TIDP 440+480_Rev 02
440_EE_SwitchCabinet_SupplyPanel.rfa,440_EE,ELT_MSR,Electrical Revit Family,.rfa,MEP,DIG,2,12/06/2026,19/06/2026,25/06/2026,03/07/2026,DCMvn_Annotation Project_ELT_MSR_TIDP_Rev02.xlsx,TIDP 440+480_Rev 02
440_EE_SynchronizationPanel.rfa,440_EE,ELT_MSR,Electrical Revit Family,.rfa,MEP,DIG,2,12/06/2026,19/06/2026,25/06/2026,03/07/2026,DCMvn_Annotation Project_ELT_MSR_TIDP_Rev02.xlsx,TIDP 440+480_Rev 02
440_EE_TransferDistributor.rfa,440_EE,ELT_MSR,Electrical Revit Family,.rfa,MEP,DIG,2,12/06/2026,19/06/2026,25/06/2026,03/07/2026,DCMvn_Annotation Project_ELT_MSR_TIDP_Rev02.xlsx,TIDP 440+480_Rev 02
440_EF_360DegreeRadiusMotionDetector_CeilingMounted.rfa,440_EF,ELT_MSR,Electrical Revit Family,.rfa,MEP,DIG,2,12/06/2026,19/06/2026,25/06/2026,03/07/2026,DCMvn_Annotation Project_ELT_MSR_TIDP_Rev02.xlsx,TIDP 440+480_Rev 02
440_EF_AL_SideFeedingUnitForTransformer_Busway.rfa,440_EF,ELT_MSR,Electrical Revit Family,.rfa,MEP,DIG,2,12/06/2026,19/06/2026,25/06/2026,03/07/2026,DCMvn_Annotation Project_ELT_MSR_TIDP_Rev02.xlsx,TIDP 440+480_Rev 02
440_EF_AL_TakeOffUnitWithFuseSwitch_Busway.rfa,440_EF,ELT_MSR,Electrical Revit Family,.rfa,MEP,DIG,2,12/06/2026,19/06/2026,25/06/2026,03/07/2026,DCMvn_Annotation Project_ELT_MSR_TIDP_Rev02.xlsx,TIDP 440+480_Rev 02
440_EF_AL_TopFeedingUnitForTransformer_Busway.rfa,440_EF,ELT_MSR,Electrical Revit Family,.rfa,MEP,DIG,2,12/06/2026,19/06/2026,25/06/2026,03/07/2026,DCMvn_Annotation Project_ELT_MSR_TIDP_Rev02.xlsx,TIDP 440+480_Rev 02
440_EF_BasementVentilationControl.rfa,440_EF,ELT_MSR,Electrical Revit Family,.rfa,MEP,DIG,3,19/06/2026,25/06/2026,03/07/2026,10/07/2026,DCMvn_Annotation Project_ELT_MSR_TIDP_Rev02.xlsx,TIDP 440+480_Rev 02
440_EF_CableConnection_PluginSystem.rfa,440_EF,ELT_MSR,Electrical Revit Family,.rfa,MEP,DIG,3,19/06/2026,25/06/2026,03/07/2026,10/07/2026,DCMvn_Annotation Project_ELT_MSR_TIDP_Rev02.xlsx,TIDP 440+480_Rev 02
440_EF_ConnectionBrackets.rfa,440_EF,ELT_MSR,Electrical Revit Family,.rfa,MEP,DIG,3,19/06/2026,25/06/2026,03/07/2026,10/07/2026,DCMvn_Annotation Project_ELT_MSR_TIDP_Rev02.xlsx,TIDP 440+480_Rev 02
440_EF_DALIPresenceDetector_CeilingSurface.rfa,440_EF,ELT_MSR,Electrical Revit Family,.rfa,MEP,DIG,3,19/06/2026,25/06/2026,03/07/2026,10/07/2026,DCMvn_Annotation Project_ELT_MSR_TIDP_Rev02.xlsx,TIDP 440+480_Rev 02
440_EF_DALIPresenceDetectorCombineLightingSensor_CeilingSurface.rfa,440_EF,ELT_MSR,Electrical Revit Family,.rfa,MEP,DIG,3,19/06/2026,25/06/2026,03/07/2026,10/07/2026,DCMvn_Annotation Project_ELT_MSR_TIDP_Rev02.xlsx,TIDP 440+480_Rev 02
440_EF_DataConnectionSocket_Audio_Out_HDMI.rfa,440_EF,ELT_MSR,Electrical Revit Family,.rfa,MEP,DIG,3,19/06/2026,25/06/2026,03/07/2026,10/07/2026,DCMvn_Annotation Project_ELT_MSR_TIDP_Rev02.xlsx,TIDP 440+480_Rev 02
440_EF_DataConnectionSocket_Ceiling.rfa,440_EF,ELT_MSR,Electrical Revit Family,.rfa,MEP,DIG,3,19/06/2026,25/06/2026,03/07/2026,10/07/2026,DCMvn_Annotation Project_ELT_MSR_TIDP_Rev02.xlsx,TIDP 440+480_Rev 02
440_EF_DataConnectionSocket_Floor.rfa,440_EF,ELT_MSR,Electrical Revit Family,.rfa,MEP,DIG,3,19/06/2026,25/06/2026,03/07/2026,10/07/2026,DCMvn_Annotation Project_ELT_MSR_TIDP_Rev02.xlsx,TIDP 440+480_Rev 02
440_EF_DataConnectionSocket_Wall.rfa,440_EF,ELT_MSR,Electrical Revit Family,.rfa,MEP,DIG,3,19/06/2026,25/06/2026,03/07/2026,10/07/2026,DCMvn_Annotation Project_ELT_MSR_TIDP_Rev02.xlsx,TIDP 440+480_Rev 02
440_EF_DaylightSensor_Ceiling.rfa,440_EF,ELT_MSR,Electrical Revit Family,.rfa,MEP,DIG,3,19/06/2026,25/06/2026,03/07/2026,10/07/2026,DCMvn_Annotation Project_ELT_MSR_TIDP_Rev02.xlsx,TIDP 440+480_Rev 02
440_EF_DaylightSensor_Wall.rfa,440_EF,ELT_MSR,Electrical Revit Family,.rfa,MEP,DIG,3,19/06/2026,25/06/2026,03/07/2026,10/07/2026,DCMvn_Annotation Project_ELT_MSR_TIDP_Rev02.xlsx,TIDP 440+480_Rev 02
440_EF_DimmerSwitch_WallRecessed.rfa,440_EF,ELT_MSR,Electrical Revit Family,.rfa,MEP,DIG,3,19/06/2026,25/06/2026,03/07/2026,10/07/2026,DCMvn_Annotation Project_ELT_MSR_TIDP_Rev02.xlsx,TIDP 440+480_Rev 02
440_EF_DoorbellPushButton_WallMounted.rfa,440_EF,ELT_MSR,Electrical Revit Family,.rfa,MEP,DIG,3,19/06/2026,25/06/2026,03/07/2026,10/07/2026,DCMvn_Annotation Project_ELT_MSR_TIDP_Rev02.xlsx,TIDP 440+480_Rev 02
440_EF_DoubleSocketOutlet_Ceiling.rfa,440_EF,ELT_MSR,Electrical Revit Family,.rfa,MEP,DIG,3,19/06/2026,25/06/2026,03/07/2026,10/07/2026,DCMvn_Annotation Project_ELT_MSR_TIDP_Rev02.xlsx,TIDP 440+480_Rev 02
440_EF_DoubleSocketOutlet_Floor.rfa,440_EF,ELT_MSR,Electrical Revit Family,.rfa,MEP,DIG,3,19/06/2026,25/06/2026,03/07/2026,10/07/2026,DCMvn_Annotation Project_ELT_MSR_TIDP_Rev02.xlsx,TIDP 440+480_Rev 02
440_EF_DoubleSocketOutlet_Wall.rfa,440_EF,ELT_MSR,Electrical Revit Family,.rfa,MEP,DIG,3,19/06/2026,25/06/2026,03/07/2026,10/07/2026,DCMvn_Annotation Project_ELT_MSR_TIDP_Rev02.xlsx,TIDP 440+480_Rev 02
440_EF_DoubleSocketOutletHorizontal_Wall.rfa,440_EF,ELT_MSR,Electrical Revit Family,.rfa,MEP,DIG,3,19/06/2026,25/06/2026,03/07/2026,10/07/2026,DCMvn_Annotation Project_ELT_MSR_TIDP_Rev02.xlsx,TIDP 440+480_Rev 02
440_EF_DoubleSocketOutletUSBTypeAC_WallSurface.rfa,440_EF,ELT_MSR,Electrical Revit Family,.rfa,MEP,DIG,3,19/06/2026,25/06/2026,03/07/2026,10/07/2026,DCMvn_Annotation Project_ELT_MSR_TIDP_Rev02.xlsx,TIDP 440+480_Rev 02
440_EF_DoubleSocketOutletVertical_Wall.rfa,440_EF,ELT_MSR,Electrical Revit Family,.rfa,MEP,DIG,3,19/06/2026,25/06/2026,03/07/2026,10/07/2026,DCMvn_Annotation Project_ELT_MSR_TIDP_Rev02.xlsx,TIDP 440+480_Rev 02
440_EF_DoubleSocketOutletVertical_WallFlush.rfa,440_EF,ELT_MSR,Electrical Revit Family,.rfa,MEP,DIG,3,19/06/2026,25/06/2026,03/07/2026,10/07/2026,DCMvn_Annotation Project_ELT_MSR_TIDP_Rev02.xlsx,TIDP 440+480_Rev 02
440_EF_EarthPit.rfa,440_EF,ELT_MSR,Electrical Revit Family,.rfa,MEP,DIG,3,19/06/2026,25/06/2026,03/07/2026,10/07/2026,DCMvn_Annotation Project_ELT_MSR_TIDP_Rev02.xlsx,TIDP 440+480_Rev 02
440_EF_EarthRod.rfa,440_EF,ELT_MSR,Electrical Revit Family,.rfa,MEP,DIG,3,19/06/2026,25/06/2026,03/07/2026,10/07/2026,DCMvn_Annotation Project_ELT_MSR_TIDP_Rev02.xlsx,TIDP 440+480_Rev 02
440_EF_EmergencyStopPushButtons.rfa,440_EF,ELT_MSR,Electrical Revit Family,.rfa,MEP,DIG,3,19/06/2026,25/06/2026,03/07/2026,10/07/2026,DCMvn_Annotation Project_ELT_MSR_TIDP_Rev02.xlsx,TIDP 440+480_Rev 02
440_EF_EnergyBollard.rfa,440_EF,ELT_MSR,Electrical Revit Family,.rfa,MEP,DIG,3,19/06/2026,25/06/2026,03/07/2026,10/07/2026,DCMvn_Annotation Project_ELT_MSR_TIDP_Rev02.xlsx,TIDP 440+480_Rev 02
440_EF_Equipotentialbondingbar.rfa,440_EF,ELT_MSR,Electrical Revit Family,.rfa,MEP,DIG,3,19/06/2026,25/06/2026,03/07/2026,10/07/2026,DCMvn_Annotation Project_ELT_MSR_TIDP_Rev02.xlsx,TIDP 440+480_Rev 02
440_EF_FixedConnection_1Pole.rfa,440_EF,ELT_MSR,Electrical Revit Family,.rfa,MEP,DIG,3,19/06/2026,25/06/2026,03/07/2026,10/07/2026,DCMvn_Annotation Project_ELT_MSR_TIDP_Rev02.xlsx,TIDP 440+480_Rev 02
440_EF_FixedConnection_400V.rfa,440_EF,ELT_MSR,Electrical Revit Family,.rfa,MEP,DIG,3,19/06/2026,25/06/2026,03/07/2026,10/07/2026,DCMvn_Annotation Project_ELT_MSR_TIDP_Rev02.xlsx,TIDP 440+480_Rev 02
440_EF_Isolator_3Phases.rfa,440_EF,ELT_MSR,Electrical Revit Family,.rfa,MEP,DIG,3,19/06/2026,25/06/2026,03/07/2026,10/07/2026,DCMvn_Annotation Project_ELT_MSR_TIDP_Rev02.xlsx,TIDP 440+480_Rev 02
440_EF_Isolator_SinglePhase.rfa,440_EF,ELT_MSR,Electrical Revit Family,.rfa,MEP,DIG,3,19/06/2026,25/06/2026,03/07/2026,10/07/2026,DCMvn_Annotation Project_ELT_MSR_TIDP_Rev02.xlsx,TIDP 440+480_Rev 02
440_EF_JunctionBox_Ceiling_3Pole.rfa,440_EF,ELT_MSR,Electrical Revit Family,.rfa,MEP,DIG,3,19/06/2026,25/06/2026,03/07/2026,10/07/2026,DCMvn_Annotation Project_ELT_MSR_TIDP_Rev02.xlsx,TIDP 440+480_Rev 02
440_EF_JunctionBox_Floor_3Pole.rfa,440_EF,ELT_MSR,Electrical Revit Family,.rfa,MEP,DIG,3,19/06/2026,25/06/2026,03/07/2026,10/07/2026,DCMvn_Annotation Project_ELT_MSR_TIDP_Rev02.xlsx,TIDP 440+480_Rev 02
440_EF_KeySwitch_WallRecessed.rfa,440_EF,ELT_MSR,Electrical Revit Family,.rfa,MEP,DIG,3,19/06/2026,25/06/2026,03/07/2026,10/07/2026,DCMvn_Annotation Project_ELT_MSR_TIDP_Rev02.xlsx,TIDP 440+480_Rev 02
440_EF_KNX_PushButtonSensor_2gang.rfa,440_EF,ELT_MSR,Electrical Revit Family,.rfa,MEP,DIG,4,25/06/2026,03/07/2026,10/07/2026,17/07/2026,DCMvn_Annotation Project_ELT_MSR_TIDP_Rev02.xlsx,TIDP 440+480_Rev 02
440_EF_KNXPresenceDetection_Ceiling.rfa,440_EF,ELT_MSR,Electrical Revit Family,.rfa,MEP,DIG,4,25/06/2026,03/07/2026,10/07/2026,17/07/2026,DCMvn_Annotation Project_ELT_MSR_TIDP_Rev02.xlsx,TIDP 440+480_Rev 02
440_EF_MainEquipotentialBondingBar.rfa,440_EF,ELT_MSR,Electrical Revit Family,.rfa,MEP,DIG,4,25/06/2026,03/07/2026,10/07/2026,17/07/2026,DCMvn_Annotation Project_ELT_MSR_TIDP_Rev02.xlsx,TIDP 440+480_Rev 02
440_EF_PanelBoard.rfa,440_EF,ELT_MSR,Electrical Revit Family,.rfa,MEP,DIG,4,25/06/2026,03/07/2026,10/07/2026,17/07/2026,DCMvn_Annotation Project_ELT_MSR_TIDP_Rev02.xlsx,TIDP 440+480_Rev 02
440_EF_PresenceDetector_Ceiling.rfa,440_EF,ELT_MSR,Electrical Revit Family,.rfa,MEP,DIG,4,25/06/2026,03/07/2026,10/07/2026,17/07/2026,DCMvn_Annotation Project_ELT_MSR_TIDP_Rev02.xlsx,TIDP 440+480_Rev 02
440_EF_PresenceDetector_Wall.rfa,440_EF,ELT_MSR,Electrical Revit Family,.rfa,MEP,DIG,4,25/06/2026,03/07/2026,10/07/2026,17/07/2026,DCMvn_Annotation Project_ELT_MSR_TIDP_Rev02.xlsx,TIDP 440+480_Rev 02
440_EF_PushButtonSensorKNX_4gang.rfa,440_EF,ELT_MSR,Electrical Revit Family,.rfa,MEP,DIG,4,25/06/2026,03/07/2026,10/07/2026,17/07/2026,DCMvn_Annotation Project_ELT_MSR_TIDP_Rev02.xlsx,TIDP 440+480_Rev 02
440_EF_Raumluftfühler.rfa,440_EF,ELT_MSR,Electrical Revit Family,.rfa,MEP,DIG,4,25/06/2026,03/07/2026,10/07/2026,17/07/2026,DCMvn_Annotation Project_ELT_MSR_TIDP_Rev02.xlsx,TIDP 440+480_Rev 02
440_EF_RoomSignallight.rfa,440_EF,ELT_MSR,Electrical Revit Family,.rfa,MEP,DIG,4,25/06/2026,03/07/2026,10/07/2026,17/07/2026,DCMvn_Annotation Project_ELT_MSR_TIDP_Rev02.xlsx,TIDP 440+480_Rev 02
440_EF_RotaryDimmer.rfa,440_EF,ELT_MSR,Electrical Revit Family,.rfa,MEP,DIG,4,25/06/2026,03/07/2026,10/07/2026,17/07/2026,DCMvn_Annotation Project_ELT_MSR_TIDP_Rev02.xlsx,TIDP 440+480_Rev 02
440_EF_ShaverSocketOutlet_Wall.rfa,440_EF,ELT_MSR,Electrical Revit Family,.rfa,MEP,DIG,4,25/06/2026,03/07/2026,10/07/2026,17/07/2026,DCMvn_Annotation Project_ELT_MSR_TIDP_Rev02.xlsx,TIDP 440+480_Rev 02
440_EF_SocketDistributionBox_Ceiling.rfa,440_EF,ELT_MSR,Electrical Revit Family,.rfa,MEP,DIG,4,25/06/2026,03/07/2026,10/07/2026,17/07/2026,DCMvn_Annotation Project_ELT_MSR_TIDP_Rev02.xlsx,TIDP 440+480_Rev 02
440_EF_SocketDistributionBox_Wall.rfa,440_EF,ELT_MSR,Electrical Revit Family,.rfa,MEP,DIG,4,25/06/2026,03/07/2026,10/07/2026,17/07/2026,DCMvn_Annotation Project_ELT_MSR_TIDP_Rev02.xlsx,TIDP 440+480_Rev 02
440_EF_SocketOutlet_FloorRecessed_Round.rfa,440_EF,ELT_MSR,Electrical Revit Family,.rfa,MEP,DIG,4,25/06/2026,03/07/2026,10/07/2026,17/07/2026,DCMvn_Annotation Project_ELT_MSR_TIDP_Rev02.xlsx,TIDP 440+480_Rev 02
440_EF_SocketOutlet_Horizontal_4Gangs_Wall.rfa,440_EF,ELT_MSR,Electrical Revit Family,.rfa,MEP,DIG,4,25/06/2026,03/07/2026,10/07/2026,17/07/2026,DCMvn_Annotation Project_ELT_MSR_TIDP_Rev02.xlsx,TIDP 440+480_Rev 02
440_EF_SocketOutlet_Wall.rfa,440_EF,ELT_MSR,Electrical Revit Family,.rfa,MEP,DIG,4,25/06/2026,03/07/2026,10/07/2026,17/07/2026,DCMvn_Annotation Project_ELT_MSR_TIDP_Rev02.xlsx,TIDP 440+480_Rev 02
440_EF_SocketOutlet_Wall_3Phase.rfa,440_EF,ELT_MSR,Electrical Revit Family,.rfa,MEP,DIG,4,25/06/2026,03/07/2026,10/07/2026,17/07/2026,DCMvn_Annotation Project_ELT_MSR_TIDP_Rev02.xlsx,TIDP 440+480_Rev 02
440_EF_SocketOutlet_Wall_4Gangs.rfa,440_EF,ELT_MSR,Electrical Revit Family,.rfa,MEP,DIG,4,25/06/2026,03/07/2026,10/07/2026,17/07/2026,DCMvn_Annotation Project_ELT_MSR_TIDP_Rev02.xlsx,TIDP 440+480_Rev 02
440_EF_SocketOutlet_Wall_Combination.rfa,440_EF,ELT_MSR,Electrical Revit Family,.rfa,MEP,DIG,4,25/06/2026,03/07/2026,10/07/2026,17/07/2026,DCMvn_Annotation Project_ELT_MSR_TIDP_Rev02.xlsx,TIDP 440+480_Rev 02
440_EF_SocketOutlet_WallMounted_WaterProof.rfa,440_EF,ELT_MSR,Electrical Revit Family,.rfa,MEP,DIG,4,25/06/2026,03/07/2026,10/07/2026,17/07/2026,DCMvn_Annotation Project_ELT_MSR_TIDP_Rev02.xlsx,TIDP 440+480_Rev 02
440_EF_SocketOutletCombination_Ceiling.rfa,440_EF,ELT_MSR,Electrical Revit Family,.rfa,MEP,DIG,4,25/06/2026,03/07/2026,10/07/2026,17/07/2026,DCMvn_Annotation Project_ELT_MSR_TIDP_Rev02.xlsx,TIDP 440+480_Rev 02
440_EF_SocketOutletRound_Floor.rfa,440_EF,ELT_MSR,Electrical Revit Family,.rfa,MEP,DIG,4,25/06/2026,03/07/2026,10/07/2026,17/07/2026,DCMvn_Annotation Project_ELT_MSR_TIDP_Rev02.xlsx,TIDP 440+480_Rev 02
440_EF_Switch_1Gang.rfa,440_EF,ELT_MSR,Electrical Revit Family,.rfa,MEP,DIG,4,25/06/2026,03/07/2026,10/07/2026,17/07/2026,DCMvn_Annotation Project_ELT_MSR_TIDP_Rev02.xlsx,TIDP 440+480_Rev 02
440_EF_Switch_2Gang.rfa,440_EF,ELT_MSR,Electrical Revit Family,.rfa,MEP,DIG,4,25/06/2026,03/07/2026,10/07/2026,17/07/2026,DCMvn_Annotation Project_ELT_MSR_TIDP_Rev02.xlsx,TIDP 440+480_Rev 02
440_EF_Switch_2Gang2Way.rfa,440_EF,ELT_MSR,Electrical Revit Family,.rfa,MEP,DIG,4,25/06/2026,03/07/2026,10/07/2026,17/07/2026,DCMvn_Annotation Project_ELT_MSR_TIDP_Rev02.xlsx,TIDP 440+480_Rev 02
440_EF_Switch_3Gang.rfa,440_EF,ELT_MSR,Electrical Revit Family,.rfa,MEP,DIG,4,25/06/2026,03/07/2026,10/07/2026,17/07/2026,DCMvn_Annotation Project_ELT_MSR_TIDP_Rev02.xlsx,TIDP 440+480_Rev 02
440_EF_SwitchableSocketOutlet_Ceiling.rfa,440_EF,ELT_MSR,Electrical Revit Family,.rfa,MEP,DIG,4,25/06/2026,03/07/2026,10/07/2026,17/07/2026,DCMvn_Annotation Project_ELT_MSR_TIDP_Rev02.xlsx,TIDP 440+480_Rev 02
440_EF_SwitchableSocketOutlet_Floor.rfa,440_EF,ELT_MSR,Electrical Revit Family,.rfa,MEP,DIG,4,25/06/2026,03/07/2026,10/07/2026,17/07/2026,DCMvn_Annotation Project_ELT_MSR_TIDP_Rev02.xlsx,TIDP 440+480_Rev 02
440_EF_SwitchPushButton_FlushMounted.rfa,440_EF,ELT_MSR,Electrical Revit Family,.rfa,MEP,DIG,4,25/06/2026,03/07/2026,10/07/2026,17/07/2026,DCMvn_Annotation Project_ELT_MSR_TIDP_Rev02.xlsx,TIDP 440+480_Rev 02
440_EF_Thermosat.rfa,440_EF,ELT_MSR,Electrical Revit Family,.rfa,MEP,DIG,5,24/07/2026,31/07/2026,07/08/2026,14/08/2026,DCMvn_Annotation Project_ELT_MSR_TIDP_Rev02.xlsx,TIDP 440+480_Rev 02
440_EF_TouchPanelRoomOperating_WallMounted.rfa,440_EF,ELT_MSR,Electrical Revit Family,.rfa,MEP,DIG,5,24/07/2026,31/07/2026,07/08/2026,14/08/2026,DCMvn_Annotation Project_ELT_MSR_TIDP_Rev02.xlsx,TIDP 440+480_Rev 02
440_EF_TripleSocketOutlet_Ceiling.rfa,440_EF,ELT_MSR,Electrical Revit Family,.rfa,MEP,DIG,5,24/07/2026,31/07/2026,07/08/2026,14/08/2026,DCMvn_Annotation Project_ELT_MSR_TIDP_Rev02.xlsx,TIDP 440+480_Rev 02
440_EF_TripleSocketOutlet_Floor.rfa,440_EF,ELT_MSR,Electrical Revit Family,.rfa,MEP,DIG,5,24/07/2026,31/07/2026,07/08/2026,14/08/2026,DCMvn_Annotation Project_ELT_MSR_TIDP_Rev02.xlsx,TIDP 440+480_Rev 02
440_EF_TripleSocketOutlet_Wall.rfa,440_EF,ELT_MSR,Electrical Revit Family,.rfa,MEP,DIG,5,24/07/2026,31/07/2026,07/08/2026,14/08/2026,DCMvn_Annotation Project_ELT_MSR_TIDP_Rev02.xlsx,TIDP 440+480_Rev 02
440_EF_WindowMotor_WallMounted.rfa,440_EF,ELT_MSR,Electrical Revit Family,.rfa,MEP,DIG,5,24/07/2026,31/07/2026,07/08/2026,14/08/2026,DCMvn_Annotation Project_ELT_MSR_TIDP_Rev02.xlsx,TIDP 440+480_Rev 02
440_LD_DoubleSwitchSocket_WallMounted.rfa,440_LD,ELT_MSR,Electrical Revit Family,.rfa,MEP,DIG,7,07/08/2026,14/08/2026,21/08/2026,28/08/2026,DCMvn_Annotation Project_ELT_MSR_TIDP_Rev02.xlsx,TIDP 440+480_Rev 02
440_LD_SingleSwitchSocket_WallMounted.rfa,440_LD,ELT_MSR,Electrical Revit Family,.rfa,MEP,DIG,7,07/08/2026,14/08/2026,21/08/2026,28/08/2026,DCMvn_Annotation Project_ELT_MSR_TIDP_Rev02.xlsx,TIDP 440+480_Rev 02
440_LF_LEDSpotEmergencyLightingLuminaire_CeilingMounted_Square_SQ5D.rfa,440_LF,ELT_MSR,Electrical Revit Family,.rfa,MEP,DIG,6,31/07/2026,07/08/2026,14/08/2026,21/08/2026,DCMvn_Annotation Project_ELT_MSR_TIDP_Rev02.xlsx,TIDP 440+480_Rev 02
440_LF_LEDSpotEmergencyLightingLuminaire_CeilingRecessed_Round.rfa,440_LF,ELT_MSR,Electrical Revit Family,.rfa,MEP,DIG,6,31/07/2026,07/08/2026,14/08/2026,21/08/2026,DCMvn_Annotation Project_ELT_MSR_TIDP_Rev02.xlsx,TIDP 440+480_Rev 02
440_LF_LEDSpotEmergencyLightingLuminaire_CeilingRecessed_Round_SQ6.rfa,440_LF,ELT_MSR,Electrical Revit Family,.rfa,MEP,DIG,6,31/07/2026,07/08/2026,14/08/2026,21/08/2026,DCMvn_Annotation Project_ELT_MSR_TIDP_Rev02.xlsx,TIDP 440+480_Rev 02
440_NC_EmergencyPullCordSwitch_Wall.rfa,440_NC,ELT_MSR,Electrical Revit Family,.rfa,MEP,DIG,7,07/08/2026,14/08/2026,21/08/2026,28/08/2026,DCMvn_Annotation Project_ELT_MSR_TIDP_Rev02.xlsx,TIDP 440+480_Rev 02
440_SE_AccessPanel_Ceiling.rfa,440_SE,ELT_MSR,Electrical Revit Family,.rfa,MEP,DIG,7,07/08/2026,14/08/2026,21/08/2026,28/08/2026,DCMvn_Annotation Project_ELT_MSR_TIDP_Rev02.xlsx,TIDP 440+480_Rev 02
440_SE_Penetration_CuraFlex.rfa,440_SE,ELT_MSR,Electrical Revit Family,.rfa,MEP,DIG,7,07/08/2026,14/08/2026,21/08/2026,28/08/2026,DCMvn_Annotation Project_ELT_MSR_TIDP_Rev02.xlsx,TIDP 440+480_Rev 02
442_EE_ChargeController.rfa,442_EE,ELT_MSR,Electrical Revit Family,.rfa,MEP,DIG,1,05/06/2026,12/06/2026,19/06/2026,25/06/2026,DCMvn_Annotation Project_ELT_MSR_TIDP_Rev02.xlsx,TIDP 440+480_Rev 02
442_EF_SealedBatteries.rfa,442_EF,ELT_MSR,MSR Revit Family,.rfa,MEP,DIG,12,21/08/2026,28/08/2026,04/09/2026,11/09/2026,DCMvn_Annotation Project_ELT_MSR_TIDP_Rev02.xlsx,TIDP 440+480_Rev 02
442_SD_UPSBattery_FloorStand_Rectangular.rfa,442_SD,ELT_MSR,MSR Revit Family,.rfa,MEP,DIG,13,28/08/2026,04/09/2026,11/09/2026,18/09/2026,DCMvn_Annotation Project_ELT_MSR_TIDP_Rev02.xlsx,TIDP 440+480_Rev 02
443_EF_OvervoltageProtection_WallFlush.rfa,443_EF,ELT_MSR,MSR Revit Family,.rfa,MEP,DIG,12,21/08/2026,28/08/2026,04/09/2026,11/09/2026,DCMvn_Annotation Project_ELT_MSR_TIDP_Rev02.xlsx,TIDP 440+480_Rev 02
444_CI_ABS_mIndustrialBox.rfa,444_CI,ELT_MSR,MSR Revit Family,.rfa,MEP,DIG,12,21/08/2026,28/08/2026,04/09/2026,11/09/2026,DCMvn_Annotation Project_ELT_MSR_TIDP_Rev02.xlsx,TIDP 440+480_Rev 02
444_EF_GooseneckBushing_NoSystem.rfa,444_EF,ELT_MSR,Electrical Revit Family,.rfa,MEP,DIG,3,19/06/2026,25/06/2026,03/07/2026,10/07/2026,DCMvn_Annotation Project_ELT_MSR_TIDP_Rev02.xlsx,TIDP 440+480_Rev 02
444_EF_InstallationTrunking.rfa,444_EF,ELT_MSR,Electrical Revit Family,.rfa,MEP,DIG,3,19/06/2026,25/06/2026,03/07/2026,10/07/2026,DCMvn_Annotation Project_ELT_MSR_TIDP_Rev02.xlsx,TIDP 440+480_Rev 02
444_EF_SocketOutlet_Rec_Floor.rfa,444_EF,ELT_MSR,Electrical Revit Family,.rfa,MEP,DIG,4,25/06/2026,03/07/2026,10/07/2026,17/07/2026,DCMvn_Annotation Project_ELT_MSR_TIDP_Rev02.xlsx,TIDP 440+480_Rev 02
444_EF_SocketOutlet_VerticalWallSurface_4Gangs.rfa,444_EF,ELT_MSR,Electrical Revit Family,.rfa,MEP,DIG,4,25/06/2026,03/07/2026,10/07/2026,17/07/2026,DCMvn_Annotation Project_ELT_MSR_TIDP_Rev02.xlsx,TIDP 440+480_Rev 02
444_EF_SwitchableSocketOutlet_WallSurface.rfa,444_EF,ELT_MSR,Electrical Revit Family,.rfa,MEP,DIG,4,25/06/2026,03/07/2026,10/07/2026,17/07/2026,DCMvn_Annotation Project_ELT_MSR_TIDP_Rev02.xlsx,TIDP 440+480_Rev 02
444_EF_USBSocketOutlet_WallFlush.rfa,444_EF,ELT_MSR,Electrical Revit Family,.rfa,MEP,DIG,4,25/06/2026,03/07/2026,10/07/2026,17/07/2026,DCMvn_Annotation Project_ELT_MSR_TIDP_Rev02.xlsx,TIDP 440+480_Rev 02
445_LF_3FoldPendantLight_CeilingSuspended.rfa,445_LF,ELT_MSR,Electrical Revit Family,.rfa,MEP,DIG,5,24/07/2026,31/07/2026,07/08/2026,14/08/2026,DCMvn_Annotation Project_ELT_MSR_TIDP_Rev02.xlsx,TIDP 440+480_Rev 02
445_LF_BathroomLuminaire_WallMounted_Rectangular.rfa,445_LF,ELT_MSR,Electrical Revit Family,.rfa,MEP,DIG,5,24/07/2026,31/07/2026,07/08/2026,14/08/2026,DCMvn_Annotation Project_ELT_MSR_TIDP_Rev02.xlsx,TIDP 440+480_Rev 02
445_LF_CoreLineLEDLight_CeilingSuspended.rfa,445_LF,ELT_MSR,Electrical Revit Family,.rfa,MEP,DIG,5,24/07/2026,31/07/2026,07/08/2026,14/08/2026,DCMvn_Annotation Project_ELT_MSR_TIDP_Rev02.xlsx,TIDP 440+480_Rev 02
445_LF_CoreLineLEDLight_WallSurface.rfa,445_LF,ELT_MSR,Electrical Revit Family,.rfa,MEP,DIG,5,24/07/2026,31/07/2026,07/08/2026,14/08/2026,DCMvn_Annotation Project_ELT_MSR_TIDP_Rev02.xlsx,TIDP 440+480_Rev 02
445_LF_CorelineSlimDownlight_CeilingMounted.rfa,445_LF,ELT_MSR,Electrical Revit Family,.rfa,MEP,DIG,5,24/07/2026,31/07/2026,07/08/2026,14/08/2026,DCMvn_Annotation Project_ELT_MSR_TIDP_Rev02.xlsx,TIDP 440+480_Rev 02
445_LF_CorelineSlimDownlight_CeilingRecessed.rfa,445_LF,ELT_MSR,Electrical Revit Family,.rfa,MEP,DIG,5,24/07/2026,31/07/2026,07/08/2026,14/08/2026,DCMvn_Annotation Project_ELT_MSR_TIDP_Rev02.xlsx,TIDP 440+480_Rev 02
445_LF_CorelineSpotlight_CeilingRecessed.rfa,445_LF,ELT_MSR,Electrical Revit Family,.rfa,MEP,DIG,5,24/07/2026,31/07/2026,07/08/2026,14/08/2026,DCMvn_Annotation Project_ELT_MSR_TIDP_Rev02.xlsx,TIDP 440+480_Rev 02
445_LF_DownlightLEDrigid_CeilingRecessed.rfa,445_LF,ELT_MSR,Electrical Revit Family,.rfa,MEP,DIG,5,24/07/2026,31/07/2026,07/08/2026,14/08/2026,DCMvn_Annotation Project_ELT_MSR_TIDP_Rev02.xlsx,TIDP 440+480_Rev 02
445_LF_DownlightLEDSwivelling_CeilingRecessed.rfa,445_LF,ELT_MSR,Electrical Revit Family,.rfa,MEP,DIG,5,24/07/2026,31/07/2026,07/08/2026,14/08/2026,DCMvn_Annotation Project_ELT_MSR_TIDP_Rev02.xlsx,TIDP 440+480_Rev 02
445_LF_EscapeSign_CeilingMounted.rfa,445_LF,ELT_MSR,Electrical Revit Family,.rfa,MEP,DIG,5,24/07/2026,31/07/2026,07/08/2026,14/08/2026,DCMvn_Annotation Project_ELT_MSR_TIDP_Rev02.xlsx,TIDP 440+480_Rev 02
445_LF_EscapeSign_CeilingRecessed.rfa,445_LF,ELT_MSR,Electrical Revit Family,.rfa,MEP,DIG,5,24/07/2026,31/07/2026,07/08/2026,14/08/2026,DCMvn_Annotation Project_ELT_MSR_TIDP_Rev02.xlsx,TIDP 440+480_Rev 02
445_LF_EscapeSign_WallMounted.rfa,445_LF,ELT_MSR,Electrical Revit Family,.rfa,MEP,DIG,5,24/07/2026,31/07/2026,07/08/2026,14/08/2026,DCMvn_Annotation Project_ELT_MSR_TIDP_Rev02.xlsx,TIDP 440+480_Rev 02
445_LF_ExitCube_Ceiling.rfa,445_LF,ELT_MSR,Electrical Revit Family,.rfa,MEP,DIG,5,24/07/2026,31/07/2026,07/08/2026,14/08/2026,DCMvn_Annotation Project_ELT_MSR_TIDP_Rev02.xlsx,TIDP 440+480_Rev 02
445_LF_FixedOpticSmallBodyIroundOutdoorlight_CeilingRecessed.rfa,445_LF,ELT_MSR,Electrical Revit Family,.rfa,MEP,DIG,5,24/07/2026,31/07/2026,07/08/2026,14/08/2026,DCMvn_Annotation Project_ELT_MSR_TIDP_Rev02.xlsx,TIDP 440+480_Rev 02
445_LF_GreenSpaceAccentSpotlightRigid_CeilingRecessed.rfa,445_LF,ELT_MSR,Electrical Revit Family,.rfa,MEP,DIG,5,24/07/2026,31/07/2026,07/08/2026,14/08/2026,DCMvn_Annotation Project_ELT_MSR_TIDP_Rev02.xlsx,TIDP 440+480_Rev 02
445_LF_InteriorLuminaireBL_CeilingRecessed_Rectangular.rfa,445_LF,ELT_MSR,Electrical Revit Family,.rfa,MEP,DIG,7,07/08/2026,14/08/2026,21/08/2026,28/08/2026,DCMvn_Annotation Project_ELT_MSR_TIDP_Rev02.xlsx,TIDP 440+480_Rev 02
445_LF_InteriorLuminaireINDMP_CeilingRecessed_Round.rfa,445_LF,ELT_MSR,Electrical Revit Family,.rfa,MEP,DIG,7,07/08/2026,14/08/2026,21/08/2026,28/08/2026,DCMvn_Annotation Project_ELT_MSR_TIDP_Rev02.xlsx,TIDP 440+480_Rev 02
445_LF_LaserBladeLightXS_CeilingRecessed.rfa,445_LF,ELT_MSR,Electrical Revit Family,.rfa,MEP,DIG,5,24/07/2026,31/07/2026,07/08/2026,14/08/2026,DCMvn_Annotation Project_ELT_MSR_TIDP_Rev02.xlsx,TIDP 440+480_Rev 02
445_LF_LaserBladeLightXSWallWasher_CeilingRecessed.rfa,445_LF,ELT_MSR,Electrical Revit Family,.rfa,MEP,DIG,5,24/07/2026,31/07/2026,07/08/2026,14/08/2026,DCMvn_Annotation Project_ELT_MSR_TIDP_Rev02.xlsx,TIDP 440+480_Rev 02
445_LF_LeadSacidTwinHeadEmergencyLight_WallSurface.rfa,445_LF,ELT_MSR,Electrical Revit Family,.rfa,MEP,DIG,5,24/07/2026,31/07/2026,07/08/2026,14/08/2026,DCMvn_Annotation Project_ELT_MSR_TIDP_Rev02.xlsx,TIDP 440+480_Rev 02
445_LF_LED_HighBayPendantLight_CeilingSuspended_GentleSpaceWithAdjustableRod.rfa,445_LF,ELT_MSR,Electrical Revit Family,.rfa,MEP,DIG,6,31/07/2026,07/08/2026,14/08/2026,21/08/2026,DCMvn_Annotation Project_ELT_MSR_TIDP_Rev02.xlsx,TIDP 440+480_Rev 02
445_LF_LEDAccentRigidlight_CeilingRecessed_Rectangular.rfa,445_LF,ELT_MSR,Electrical Revit Family,.rfa,MEP,DIG,5,24/07/2026,31/07/2026,07/08/2026,14/08/2026,DCMvn_Annotation Project_ELT_MSR_TIDP_Rev02.xlsx,TIDP 440+480_Rev 02
445_LF_LEDBAPPendantLightWithAdjustableRod_CeilingSuspended.rfa,445_LF,ELT_MSR,Electrical Revit Family,.rfa,MEP,DIG,5,24/07/2026,31/07/2026,07/08/2026,14/08/2026,DCMvn_Annotation Project_ELT_MSR_TIDP_Rev02.xlsx,TIDP 440+480_Rev 02
445_LF_LEDDeckeneinbauMontage_CeilingMounted_LG6E.rfa,445_LF,ELT_MSR,Electrical Revit Family,.rfa,MEP,DIG,5,24/07/2026,31/07/2026,07/08/2026,14/08/2026,DCMvn_Annotation Project_ELT_MSR_TIDP_Rev02.xlsx,TIDP 440+480_Rev 02
445_LF_LEDDoubleHeadEmergencyLight_WallSurface.rfa,445_LF,ELT_MSR,Electrical Revit Family,.rfa,MEP,DIG,5,24/07/2026,31/07/2026,07/08/2026,14/08/2026,DCMvn_Annotation Project_ELT_MSR_TIDP_Rev02.xlsx,TIDP 440+480_Rev 02
445_LF_LEDDownlightForWC_CeilingRecessed.rfa,445_LF,ELT_MSR,Electrical Revit Family,.rfa,MEP,DIG,5,24/07/2026,31/07/2026,07/08/2026,14/08/2026,DCMvn_Annotation Project_ELT_MSR_TIDP_Rev02.xlsx,TIDP 440+480_Rev 02
445_LF_LEDDownlightOP_CeilingRecessed_Round.rfa,445_LF,ELT_MSR,Electrical Revit Family,.rfa,MEP,DIG,7,07/08/2026,14/08/2026,21/08/2026,28/08/2026,DCMvn_Annotation Project_ELT_MSR_TIDP_Rev02.xlsx,TIDP 440+480_Rev 02
445_LF_LEDDownlightSFNB_CeilingRecessed_Round.rfa,445_LF,ELT_MSR,Electrical Revit Family,.rfa,MEP,DIG,7,07/08/2026,14/08/2026,21/08/2026,28/08/2026,DCMvn_Annotation Project_ELT_MSR_TIDP_Rev02.xlsx,TIDP 440+480_Rev 02
445_LF_LEDDownlightSM_CeilingRecessed_Round.rfa,445_LF,ELT_MSR,Electrical Revit Family,.rfa,MEP,DIG,6,31/07/2026,07/08/2026,14/08/2026,21/08/2026,DCMvn_Annotation Project_ELT_MSR_TIDP_Rev02.xlsx,TIDP 440+480_Rev 02
445_LF_LEDHighBayPendantLight_CeilingSuspended_GentleSpaceWithAdjustableRod.rfa,445_LF,ELT_MSR,Electrical Revit Family,.rfa,MEP,DIG,6,31/07/2026,07/08/2026,14/08/2026,21/08/2026,DCMvn_Annotation Project_ELT_MSR_TIDP_Rev02.xlsx,TIDP 440+480_Rev 02
445_LF_LedinaireHighbayPendantLightWithAdjustableRod_CeilingSuspended.rfa,445_LF,ELT_MSR,Electrical Revit Family,.rfa,MEP,DIG,6,31/07/2026,07/08/2026,14/08/2026,21/08/2026,DCMvn_Annotation Project_ELT_MSR_TIDP_Rev02.xlsx,TIDP 440+480_Rev 02
445_LF_LedinaireSlimDownlight_CeilingSuspended.rfa,445_LF,ELT_MSR,Electrical Revit Family,.rfa,MEP,DIG,6,31/07/2026,07/08/2026,14/08/2026,21/08/2026,DCMvn_Annotation Project_ELT_MSR_TIDP_Rev02.xlsx,TIDP 440+480_Rev 02
445_LF_LEDLuminaireMP_CeilingMounted_Rectangular.rfa,445_LF,ELT_MSR,Electrical Revit Family,.rfa,MEP,DIG,7,07/08/2026,14/08/2026,21/08/2026,28/08/2026,DCMvn_Annotation Project_ELT_MSR_TIDP_Rev02.xlsx,TIDP 440+480_Rev 02
445_LF_LEDLuminaireOP_CeilingMounted_Rectangular.rfa,445_LF,ELT_MSR,Electrical Revit Family,.rfa,MEP,DIG,6,31/07/2026,07/08/2026,14/08/2026,21/08/2026,DCMvn_Annotation Project_ELT_MSR_TIDP_Rev02.xlsx,TIDP 440+480_Rev 02
445_LF_LEDMasterEmergencyLightingLuminaire_WallMounted.rfa,445_LF,ELT_MSR,Electrical Revit Family,.rfa,MEP,DIG,6,31/07/2026,07/08/2026,14/08/2026,21/08/2026,DCMvn_Annotation Project_ELT_MSR_TIDP_Rev02.xlsx,TIDP 440+480_Rev 02
445_LF_LEDPanel_CeilingRecessed.rfa,445_LF,ELT_MSR,Electrical Revit Family,.rfa,MEP,DIG,6,31/07/2026,07/08/2026,14/08/2026,21/08/2026,DCMvn_Annotation Project_ELT_MSR_TIDP_Rev02.xlsx,TIDP 440+480_Rev 02
445_LF_LEDPendantLightWithAdjustableRod_CeilingSuspended.rfa,445_LF,ELT_MSR,Electrical Revit Family,.rfa,MEP,DIG,6,31/07/2026,07/08/2026,14/08/2026,21/08/2026,DCMvn_Annotation Project_ELT_MSR_TIDP_Rev02.xlsx,TIDP 440+480_Rev 02
445_LF_LEDPendantRingLight.rfa,445_LF,ELT_MSR,Electrical Revit Family,.rfa,MEP,DIG,6,31/07/2026,07/08/2026,14/08/2026,21/08/2026,DCMvn_Annotation Project_ELT_MSR_TIDP_Rev02.xlsx,TIDP 440+480_Rev 02
445_LF_LEDSignalLightForWC_WallMounted.rfa,445_LF,ELT_MSR,Electrical Revit Family,.rfa,MEP,DIG,6,31/07/2026,07/08/2026,14/08/2026,21/08/2026,DCMvn_Annotation Project_ELT_MSR_TIDP_Rev02.xlsx,TIDP 440+480_Rev 02
445_LF_LEDSpotEmergencyLightingLuminaire_CeilingMounted_Square.rfa,445_LF,ELT_MSR,Electrical Revit Family,.rfa,MEP,DIG,6,31/07/2026,07/08/2026,14/08/2026,21/08/2026,DCMvn_Annotation Project_ELT_MSR_TIDP_Rev02.xlsx,TIDP 440+480_Rev 02
445_LF_LEDSpotEmergencyLightingLuminaire_CeilingRecessed_Square_SQ5E.rfa,445_LF,ELT_MSR,Electrical Revit Family,.rfa,MEP,DIG,6,31/07/2026,07/08/2026,14/08/2026,21/08/2026,DCMvn_Annotation Project_ELT_MSR_TIDP_Rev02.xlsx,TIDP 440+480_Rev 02
445_LF_LEDSpotEmergencyLightingLuminaire_CeilingSuspended_Round.rfa,445_LF,ELT_MSR,Electrical Revit Family,.rfa,MEP,DIG,6,31/07/2026,07/08/2026,14/08/2026,21/08/2026,DCMvn_Annotation Project_ELT_MSR_TIDP_Rev02.xlsx,TIDP 440+480_Rev 02
445_LF_LEDSpotEmergencyLightingLuminaire_CeilingSuspended_Square.rfa,445_LF,ELT_MSR,Electrical Revit Family,.rfa,MEP,DIG,6,31/07/2026,07/08/2026,14/08/2026,21/08/2026,DCMvn_Annotation Project_ELT_MSR_TIDP_Rev02.xlsx,TIDP 440+480_Rev 02
445_LF_LEDSpotEmergencyLightingLuminaire_WallMounted_Square_SQ5A.rfa,445_LF,ELT_MSR,Electrical Revit Family,.rfa,MEP,DIG,6,31/07/2026,07/08/2026,14/08/2026,21/08/2026,DCMvn_Annotation Project_ELT_MSR_TIDP_Rev02.xlsx,TIDP 440+480_Rev 02
445_LF_LEDSpotEmergencyLightingLuminaireInFireResistantCeiling_CeilingRecessed.rfa,445_LF,ELT_MSR,Electrical Revit Family,.rfa,MEP,DIG,6,31/07/2026,07/08/2026,14/08/2026,21/08/2026,DCMvn_Annotation Project_ELT_MSR_TIDP_Rev02.xlsx,TIDP 440+480_Rev 02
445_LF_LEDStairEmergencyLight_WallSurface.rfa,445_LF,ELT_MSR,Electrical Revit Family,.rfa,MEP,DIG,6,31/07/2026,07/08/2026,14/08/2026,21/08/2026,DCMvn_Annotation Project_ELT_MSR_TIDP_Rev02.xlsx,TIDP 440+480_Rev 02
445_LF_LEDStripLight_CeilingMounted_Rectangular.rfa,445_LF,ELT_MSR,Electrical Revit Family,.rfa,MEP,DIG,6,31/07/2026,07/08/2026,14/08/2026,21/08/2026,DCMvn_Annotation Project_ELT_MSR_TIDP_Rev02.xlsx,TIDP 440+480_Rev 02
445_LF_LEDStripLight_CeilingRecessed_Rectangular.rfa,445_LF,ELT_MSR,Electrical Revit Family,.rfa,MEP,DIG,6,31/07/2026,07/08/2026,14/08/2026,21/08/2026,DCMvn_Annotation Project_ELT_MSR_TIDP_Rev02.xlsx,TIDP 440+480_Rev 02
445_LF_LEDStripLight_WallSurface_Rectangular.rfa,445_LF,ELT_MSR,Electrical Revit Family,.rfa,MEP,DIG,6,31/07/2026,07/08/2026,14/08/2026,21/08/2026,DCMvn_Annotation Project_ELT_MSR_TIDP_Rev02.xlsx,TIDP 440+480_Rev 02
445_LF_LEDTwinHeadsFastChargingIP30EmergencyLight_WallSurface.rfa,445_LF,ELT_MSR,Electrical Revit Family,.rfa,MEP,DIG,6,31/07/2026,07/08/2026,14/08/2026,21/08/2026,DCMvn_Annotation Project_ELT_MSR_TIDP_Rev02.xlsx,TIDP 440+480_Rev 02
445_LF_LEDTwoHeadWaterProofIP65EmergencyLight_WallSurface.rfa,445_LF,ELT_MSR,Electrical Revit Family,.rfa,MEP,DIG,6,31/07/2026,07/08/2026,14/08/2026,21/08/2026,DCMvn_Annotation Project_ELT_MSR_TIDP_Rev02.xlsx,TIDP 440+480_Rev 02
445_LF_LEDUplight_FloorRecessed_Round.rfa,445_LF,ELT_MSR,Electrical Revit Family,.rfa,MEP,DIG,6,31/07/2026,07/08/2026,14/08/2026,21/08/2026,DCMvn_Annotation Project_ELT_MSR_TIDP_Rev02.xlsx,TIDP 440+480_Rev 02
445_LF_LuxSpaceAccentPerformanceSpotlightSwiveling_CeilingRecessed.rfa,445_LF,ELT_MSR,Electrical Revit Family,.rfa,MEP,DIG,6,31/07/2026,07/08/2026,14/08/2026,21/08/2026,DCMvn_Annotation Project_ELT_MSR_TIDP_Rev02.xlsx,TIDP 440+480_Rev 02
445_LF_LuxSpaceCompactAnbaudownlight_CeilingSuspended.rfa,445_LF,ELT_MSR,Electrical Revit Family,.rfa,MEP,DIG,7,07/08/2026,14/08/2026,21/08/2026,28/08/2026,DCMvn_Annotation Project_ELT_MSR_TIDP_Rev02.xlsx,TIDP 440+480_Rev 02
445_LF_LuxSpaceDownlight_CeilingRecessed_Square.rfa,445_LF,ELT_MSR,Electrical Revit Family,.rfa,MEP,DIG,7,07/08/2026,14/08/2026,21/08/2026,28/08/2026,DCMvn_Annotation Project_ELT_MSR_TIDP_Rev02.xlsx,TIDP 440+480_Rev 02
445_LF_MoistureProofLuminaire_CeilingSuspended_Rectangular.rfa,445_LF,ELT_MSR,Electrical Revit Family,.rfa,MEP,DIG,7,07/08/2026,14/08/2026,21/08/2026,28/08/2026,DCMvn_Annotation Project_ELT_MSR_TIDP_Rev02.xlsx,TIDP 440+480_Rev 02
445_LF_MoistureProofLuminaire_WallSurface_Rectangular.rfa,445_LF,ELT_MSR,Electrical Revit Family,.rfa,MEP,DIG,7,07/08/2026,14/08/2026,21/08/2026,28/08/2026,DCMvn_Annotation Project_ELT_MSR_TIDP_Rev02.xlsx,TIDP 440+480_Rev 02
445_LF_OpticalLight_CeilingRecessed_Round_Outdoor.rfa,445_LF,ELT_MSR,Electrical Revit Family,.rfa,MEP,DIG,7,07/08/2026,14/08/2026,21/08/2026,28/08/2026,DCMvn_Annotation Project_ELT_MSR_TIDP_Rev02.xlsx,TIDP 440+480_Rev 02
445_LF_TrackSpot-S_CeilingMounted.rfa,445_LF,ELT_MSR,Electrical Revit Family,.rfa,MEP,DIG,7,07/08/2026,14/08/2026,21/08/2026,28/08/2026,DCMvn_Annotation Project_ELT_MSR_TIDP_Rev02.xlsx,TIDP 440+480_Rev 02
445_LF_TruelineLinearLuminaire_CeilingRecessed.rfa,445_LF,ELT_MSR,Electrical Revit Family,.rfa,MEP,DIG,7,07/08/2026,14/08/2026,21/08/2026,28/08/2026,DCMvn_Annotation Project_ELT_MSR_TIDP_Rev02.xlsx,TIDP 440+480_Rev 02
445_LF_UVCAirDisinfectionLight_WallSurface.rfa,445_LF,ELT_MSR,Electrical Revit Family,.rfa,MEP,DIG,7,07/08/2026,14/08/2026,21/08/2026,28/08/2026,DCMvn_Annotation Project_ELT_MSR_TIDP_Rev02.xlsx,TIDP 440+480_Rev 02
446_EF_AirTerminationRods_FloorStand.rfa,446_EF,ELT_MSR,Electrical Revit Family,.rfa,MEP,DIG,2,12/06/2026,19/06/2026,25/06/2026,03/07/2026,DCMvn_Annotation Project_ELT_MSR_TIDP_Rev02.xlsx,TIDP 440+480_Rev 02
446_EF_AirTerminationRodsForMetalRoofs.rfa,446_EF,ELT_MSR,Electrical Revit Family,.rfa,MEP,DIG,2,12/06/2026,19/06/2026,25/06/2026,03/07/2026,DCMvn_Annotation Project_ELT_MSR_TIDP_Rev02.xlsx,TIDP 440+480_Rev 02
446_EF_Earthing_WallSurface.rfa,446_EF,ELT_MSR,Electrical Revit Family,.rfa,MEP,DIG,3,19/06/2026,25/06/2026,03/07/2026,10/07/2026,DCMvn_Annotation Project_ELT_MSR_TIDP_Rev02.xlsx,TIDP 440+480_Rev 02
446_EF_EarthingFixedPoint_WallSurface.rfa,446_EF,ELT_MSR,Electrical Revit Family,.rfa,MEP,DIG,3,19/06/2026,25/06/2026,03/07/2026,10/07/2026,DCMvn_Annotation Project_ELT_MSR_TIDP_Rev02.xlsx,TIDP 440+480_Rev 02
446_EF_EarthTestBox.rfa,446_EF,ELT_MSR,Electrical Revit Family,.rfa,MEP,DIG,3,19/06/2026,25/06/2026,03/07/2026,10/07/2026,DCMvn_Annotation Project_ELT_MSR_TIDP_Rev02.xlsx,TIDP 440+480_Rev 02
446_EF_EquipotentialBondingBusbars_WallMounted.rfa,446_EF,ELT_MSR,Electrical Revit Family,.rfa,MEP,DIG,3,19/06/2026,25/06/2026,03/07/2026,10/07/2026,DCMvn_Annotation Project_ELT_MSR_TIDP_Rev02.xlsx,TIDP 440+480_Rev 02
446_EF_LightningCounterDevice.rfa,446_EF,ELT_MSR,MSR Revit Family,.rfa,MEP,DIG,12,21/08/2026,28/08/2026,04/09/2026,11/09/2026,DCMvn_Annotation Project_ELT_MSR_TIDP_Rev02.xlsx,TIDP 440+480_Rev 02
446_EF_LightningRod_NoSystem.rfa,446_EF,ELT_MSR,MSR Revit Family,.rfa,MEP,DIG,12,21/08/2026,28/08/2026,04/09/2026,11/09/2026,DCMvn_Annotation Project_ELT_MSR_TIDP_Rev02.xlsx,TIDP 440+480_Rev 02
451_DD_TelOutlet_WallMounted_2Gangs.rfa,451_DD,ELT_MSR,MSR Revit Family,.rfa,MEP,DIG,13,28/08/2026,04/09/2026,11/09/2026,18/09/2026,DCMvn_Annotation Project_ELT_MSR_TIDP_Rev02.xlsx,TIDP 440+480_Rev 02
451_EF_TelephoneOutlet_Single.rfa,451_EF,ELT_MSR,Electrical Revit Family,.rfa,MEP,DIG,4,25/06/2026,03/07/2026,10/07/2026,17/07/2026,DCMvn_Annotation Project_ELT_MSR_TIDP_Rev02.xlsx,TIDP 440+480_Rev 02
452_CD_CallButtonPullCord.rfa,452_CD,ELT_MSR,MSR Revit Family,.rfa,MEP,DIG,12,21/08/2026,28/08/2026,04/09/2026,11/09/2026,DCMvn_Annotation Project_ELT_MSR_TIDP_Rev02.xlsx,TIDP 440+480_Rev 02
452_EF_TouchButton_WallMounted.rfa,452_EF,ELT_MSR,MSR Revit Family,.rfa,MEP,DIG,12,21/08/2026,28/08/2026,04/09/2026,11/09/2026,DCMvn_Annotation Project_ELT_MSR_TIDP_Rev02.xlsx,TIDP 440+480_Rev 02
454_CD_CabinetLoudspeaker6W_WallMounted_Circular.rfa,454_CD,ELT_MSR,MSR Revit Family,.rfa,MEP,DIG,12,21/08/2026,28/08/2026,04/09/2026,11/09/2026,DCMvn_Annotation Project_ELT_MSR_TIDP_Rev02.xlsx,TIDP 440+480_Rev 02
454_CD_CabinetLoudspeaker6W_WallMounted_Rectangular.rfa,454_CD,ELT_MSR,MSR Revit Family,.rfa,MEP,DIG,12,21/08/2026,28/08/2026,04/09/2026,11/09/2026,DCMvn_Annotation Project_ELT_MSR_TIDP_Rev02.xlsx,TIDP 440+480_Rev 02
454_CD_CabinetLoudspeaker6W_WallMounted_Square.rfa,454_CD,ELT_MSR,MSR Revit Family,.rfa,MEP,DIG,12,21/08/2026,28/08/2026,04/09/2026,11/09/2026,DCMvn_Annotation Project_ELT_MSR_TIDP_Rev02.xlsx,TIDP 440+480_Rev 02
454_CD_FireDepartmentContactPoint_WallMounted.rfa,454_CD,ELT_MSR,MSR Revit Family,.rfa,MEP,DIG,12,21/08/2026,28/08/2026,04/09/2026,11/09/2026,DCMvn_Annotation Project_ELT_MSR_TIDP_Rev02.xlsx,TIDP 440+480_Rev 02
454_CD_HornLoudspeaker15W_WallMounted.rfa,454_CD,ELT_MSR,MSR Revit Family,.rfa,MEP,DIG,12,21/08/2026,28/08/2026,04/09/2026,11/09/2026,DCMvn_Annotation Project_ELT_MSR_TIDP_Rev02.xlsx,TIDP 440+480_Rev 02
454_CD_Loudspeaker6W_CeilingRecessed.rfa,454_CD,ELT_MSR,MSR Revit Family,.rfa,MEP,DIG,12,21/08/2026,28/08/2026,04/09/2026,11/09/2026,DCMvn_Annotation Project_ELT_MSR_TIDP_Rev02.xlsx,TIDP 440+480_Rev 02
454_EE_PublicAddressSystemPanel_FloorMounted.rfa,454_EE,ELT_MSR,MSR Revit Family,.rfa,MEP,DIG,12,21/08/2026,28/08/2026,04/09/2026,11/09/2026,DCMvn_Annotation Project_ELT_MSR_TIDP_Rev02.xlsx,TIDP 440+480_Rev 02
454_FA_VandalResistantLoudSpeaker.rfa,454_FA,ELT_MSR,MSR Revit Family,.rfa,MEP,DIG,11,14/08/2026,21/08/2026,28/08/2026,04/09/2026,DCMvn_Annotation Project_ELT_MSR_TIDP_Rev02.xlsx,TIDP 440+480_Rev 02
455_CD_IndoorAntenna_Ceiling.rfa,455_CD,ELT_MSR,Electrical Revit Family,.rfa,MEP,DIG,7,07/08/2026,14/08/2026,21/08/2026,28/08/2026,DCMvn_Annotation Project_ELT_MSR_TIDP_Rev02.xlsx,TIDP 440+480_Rev 02
455_DD_TVOutlet_WallMounted_1Gang.rfa,455_DD,ELT_MSR,MSR Revit Family,.rfa,MEP,DIG,13,28/08/2026,04/09/2026,11/09/2026,18/09/2026,DCMvn_Annotation Project_ELT_MSR_TIDP_Rev02.xlsx,TIDP 440+480_Rev 02
456_CD_DeskIntercomStation.rfa,456_CD,ELT_MSR,MSR Revit Family,.rfa,MEP,DIG,12,21/08/2026,28/08/2026,04/09/2026,11/09/2026,DCMvn_Annotation Project_ELT_MSR_TIDP_Rev02.xlsx,TIDP 440+480_Rev 02
456_CD_Siren.rfa,456_CD,ELT_MSR,MSR Revit Family,.rfa,MEP,DIG,12,21/08/2026,28/08/2026,04/09/2026,11/09/2026,DCMvn_Annotation Project_ELT_MSR_TIDP_Rev02.xlsx,TIDP 440+480_Rev 02
456_EE_BMABusCoupler.rfa,456_EE,ELT_MSR,Electrical Revit Family,.rfa,MEP,DIG,2,12/06/2026,19/06/2026,25/06/2026,03/07/2026,DCMvn_Annotation Project_ELT_MSR_TIDP_Rev02.xlsx,TIDP 440+480_Rev 02
456_EE_ConventionalControlPanel_WallSurface_Rectangular.rfa,456_EE,ELT_MSR,MSR Revit Family,.rfa,MEP,DIG,11,21/08/2026,28/08/2026,04/09/2026,11/09/2026,DCMvn_Annotation Project_ELT_MSR_TIDP_Rev02.xlsx,TIDP 440+480_Rev 02
456_EE_PowerSupplyUnitAccessControl_WallMounted.rfa,456_EE,ELT_MSR,MSR Revit Family,.rfa,MEP,DIG,12,21/08/2026,28/08/2026,04/09/2026,11/09/2026,DCMvn_Annotation Project_ELT_MSR_TIDP_Rev02.xlsx,TIDP 440+480_Rev 02
456_FA_AddressableSensor.rfa,456_FA,ELT_MSR,MSR Revit Family,.rfa,MEP,DIG,10,14/08/2026,21/08/2026,28/08/2026,04/09/2026,DCMvn_Annotation Project_ELT_MSR_TIDP_Rev02.xlsx,TIDP 440+480_Rev 02
456_FA_AspiratingSmokeDetector_WallMounted.rfa,456_FA,ELT_MSR,MSR Revit Family,.rfa,MEP,DIG,10,14/08/2026,21/08/2026,28/08/2026,04/09/2026,DCMvn_Annotation Project_ELT_MSR_TIDP_Rev02.xlsx,TIDP 440+480_Rev 02
456_FA_AspiratingSmokesSystem2Channel_WallMounted.rfa,456_FA,ELT_MSR,Electrical Revit Family,.rfa,MEP,DIG,7,07/08/2026,14/08/2026,21/08/2026,28/08/2026,DCMvn_Annotation Project_ELT_MSR_TIDP_Rev02.xlsx,TIDP 440+480_Rev 02
456_FA_BeamSensor_WallSurface_Rectangular.rfa,456_FA,ELT_MSR,MSR Revit Family,.rfa,MEP,DIG,11,14/08/2026,21/08/2026,28/08/2026,04/09/2026,DCMvn_Annotation Project_ELT_MSR_TIDP_Rev02.xlsx,TIDP 440+480_Rev 02
456_FA_CouplerUnit.rfa,456_FA,ELT_MSR,MSR Revit Family,.rfa,MEP,DIG,11,14/08/2026,21/08/2026,28/08/2026,04/09/2026,DCMvn_Annotation Project_ELT_MSR_TIDP_Rev02.xlsx,TIDP 440+480_Rev 02
456_FA_Detector_CO1224A.rfa,456_FA,ELT_MSR,MSR Revit Family,.rfa,MEP,DIG,11,14/08/2026,21/08/2026,28/08/2026,04/09/2026,DCMvn_Annotation Project_ELT_MSR_TIDP_Rev02.xlsx,TIDP 440+480_Rev 02
456_FA_Detector_CO1224TR.rfa,456_FA,ELT_MSR,MSR Revit Family,.rfa,MEP,DIG,11,14/08/2026,21/08/2026,28/08/2026,04/09/2026,DCMvn_Annotation Project_ELT_MSR_TIDP_Rev02.xlsx,TIDP 440+480_Rev 02
456_FA_DetectorWithHorn.rfa,456_FA,ELT_MSR,MSR Revit Family,.rfa,MEP,DIG,11,14/08/2026,21/08/2026,28/08/2026,04/09/2026,DCMvn_Annotation Project_ELT_MSR_TIDP_Rev02.xlsx,TIDP 440+480_Rev 02
456_FA_EmegencyDoorRelease_WallMounted.rfa,456_FA,ELT_MSR,MSR Revit Family,.rfa,MEP,DIG,11,14/08/2026,21/08/2026,28/08/2026,04/09/2026,DCMvn_Annotation Project_ELT_MSR_TIDP_Rev02.xlsx,TIDP 440+480_Rev 02
456_FA_FireAlarmCenter.rfa,456_FA,ELT_MSR,MSR Revit Family,.rfa,MEP,DIG,11,14/08/2026,21/08/2026,28/08/2026,04/09/2026,DCMvn_Annotation Project_ELT_MSR_TIDP_Rev02.xlsx,TIDP 440+480_Rev 02
456_FA_FireAlarmControlPanel.rfa,456_FA,ELT_MSR,MSR Revit Family,.rfa,MEP,DIG,11,14/08/2026,21/08/2026,28/08/2026,04/09/2026,DCMvn_Annotation Project_ELT_MSR_TIDP_Rev02.xlsx,TIDP 440+480_Rev 02
456_FA_FireAlarmZoneModuleControl.rfa,456_FA,ELT_MSR,MSR Revit Family,.rfa,MEP,DIG,11,14/08/2026,21/08/2026,28/08/2026,04/09/2026,DCMvn_Annotation Project_ELT_MSR_TIDP_Rev02.xlsx,TIDP 440+480_Rev 02
456_FA_FireBrigadeInformationCenter_WallMounted.rfa,456_FA,ELT_MSR,MSR Revit Family,.rfa,MEP,DIG,11,14/08/2026,21/08/2026,28/08/2026,04/09/2026,DCMvn_Annotation Project_ELT_MSR_TIDP_Rev02.xlsx,TIDP 440+480_Rev 02
456_FA_FireDepartmentKeyDepot.rfa,456_FA,ELT_MSR,MSR Revit Family,.rfa,MEP,DIG,11,14/08/2026,21/08/2026,28/08/2026,04/09/2026,DCMvn_Annotation Project_ELT_MSR_TIDP_Rev02.xlsx,TIDP 440+480_Rev 02
456_FA_HeatSensor.rfa,456_FA,ELT_MSR,MSR Revit Family,.rfa,MEP,DIG,11,14/08/2026,21/08/2026,28/08/2026,04/09/2026,DCMvn_Annotation Project_ELT_MSR_TIDP_Rev02.xlsx,TIDP 440+480_Rev 02
456_FA_LinearHeatDetector.rfa,456_FA,ELT_MSR,MSR Revit Family,.rfa,MEP,DIG,11,14/08/2026,21/08/2026,28/08/2026,04/09/2026,DCMvn_Annotation Project_ELT_MSR_TIDP_Rev02.xlsx,TIDP 440+480_Rev 02
456_FA_ManualCallPoint_WallMounted_Square.rfa,456_FA,ELT_MSR,MSR Revit Family,.rfa,MEP,DIG,11,14/08/2026,21/08/2026,28/08/2026,04/09/2026,DCMvn_Annotation Project_ELT_MSR_TIDP_Rev02.xlsx,TIDP 440+480_Rev 02
456_FA_ManualCallPoint_WallMounted_Square_Waterproof.rfa,456_FA,ELT_MSR,MSR Revit Family,.rfa,MEP,DIG,11,14/08/2026,21/08/2026,28/08/2026,04/09/2026,DCMvn_Annotation Project_ELT_MSR_TIDP_Rev02.xlsx,TIDP 440+480_Rev 02
456_FA_MultiSensorDetector_Ceiling.rfa,456_FA,ELT_MSR,MSR Revit Family,.rfa,MEP,DIG,11,14/08/2026,21/08/2026,28/08/2026,04/09/2026,DCMvn_Annotation Project_ELT_MSR_TIDP_Rev02.xlsx,TIDP 440+480_Rev 02
456_FA_O2TMultisensordetector.rfa,456_FA,ELT_MSR,MSR Revit Family,.rfa,MEP,DIG,11,14/08/2026,21/08/2026,28/08/2026,04/09/2026,DCMvn_Annotation Project_ELT_MSR_TIDP_Rev02.xlsx,TIDP 440+480_Rev 02
456_FA_O2TMultisensordetector_BottomSlab.rfa,456_FA,ELT_MSR,MSR Revit Family,.rfa,MEP,DIG,11,14/08/2026,21/08/2026,28/08/2026,04/09/2026,DCMvn_Annotation Project_ELT_MSR_TIDP_Rev02.xlsx,TIDP 440+480_Rev 02
456_FA_PhotoelectricSmokeDetector.rfa,456_FA,ELT_MSR,MSR Revit Family,.rfa,MEP,DIG,11,14/08/2026,21/08/2026,28/08/2026,04/09/2026,DCMvn_Annotation Project_ELT_MSR_TIDP_Rev02.xlsx,TIDP 440+480_Rev 02
456_FA_PhotoThermalSensor_CeilingMouted_Round.rfa,456_FA,ELT_MSR,MSR Revit Family,.rfa,MEP,DIG,11,14/08/2026,21/08/2026,28/08/2026,04/09/2026,DCMvn_Annotation Project_ELT_MSR_TIDP_Rev02.xlsx,TIDP 440+480_Rev 02
456_FA_PresenceDetector24m_Ceiling.rfa,456_FA,ELT_MSR,MSR Revit Family,.rfa,MEP,DIG,11,14/08/2026,21/08/2026,28/08/2026,04/09/2026,DCMvn_Annotation Project_ELT_MSR_TIDP_Rev02.xlsx,TIDP 440+480_Rev 02
456_FA_PresenceDetectorHTS_Ceiling.rfa,456_FA,ELT_MSR,MSR Revit Family,.rfa,MEP,DIG,11,14/08/2026,21/08/2026,28/08/2026,04/09/2026,DCMvn_Annotation Project_ELT_MSR_TIDP_Rev02.xlsx,TIDP 440+480_Rev 02
456_FA_PushButton_WallMounted_RWA.rfa,456_FA,ELT_MSR,MSR Revit Family,.rfa,MEP,DIG,11,14/08/2026,21/08/2026,28/08/2026,04/09/2026,DCMvn_Annotation Project_ELT_MSR_TIDP_Rev02.xlsx,TIDP 440+480_Rev 02
456_FA_SmokeSamplingHead_Ceiling.rfa,456_FA,ELT_MSR,Electrical Revit Family,.rfa,MEP,DIG,7,07/08/2026,14/08/2026,21/08/2026,28/08/2026,DCMvn_Annotation Project_ELT_MSR_TIDP_Rev02.xlsx,TIDP 440+480_Rev 02
456_FA_SmokeSensor_BottomSlab.rfa,456_FA,ELT_MSR,MSR Revit Family,.rfa,MEP,DIG,11,14/08/2026,21/08/2026,28/08/2026,04/09/2026,DCMvn_Annotation Project_ELT_MSR_TIDP_Rev02.xlsx,TIDP 440+480_Rev 02
456_FA_SmokeSensor_Ceiling.rfa,456_FA,ELT_MSR,MSR Revit Family,.rfa,MEP,DIG,11,14/08/2026,21/08/2026,28/08/2026,04/09/2026,DCMvn_Annotation Project_ELT_MSR_TIDP_Rev02.xlsx,TIDP 440+480_Rev 02
456_FA_SmokeSensor_RaiseFloor.rfa,456_FA,ELT_MSR,MSR Revit Family,.rfa,MEP,DIG,11,14/08/2026,21/08/2026,28/08/2026,04/09/2026,DCMvn_Annotation Project_ELT_MSR_TIDP_Rev02.xlsx,TIDP 440+480_Rev 02
456_FA_WindandRainDetector_WallMounted_RWA.rfa,456_FA,ELT_MSR,MSR Revit Family,.rfa,MEP,DIG,11,14/08/2026,21/08/2026,28/08/2026,04/09/2026,DCMvn_Annotation Project_ELT_MSR_TIDP_Rev02.xlsx,TIDP 440+480_Rev 02
456_SD_AnalogCamera.rfa,456_SD,ELT_MSR,MSR Revit Family,.rfa,MEP,DIG,12,28/08/2026,04/09/2026,11/09/2026,18/09/2026,DCMvn_Annotation Project_ELT_MSR_TIDP_Rev02.xlsx,TIDP 440+480_Rev 02
456_SD_CameraHub_16Port.rfa,456_SD,ELT_MSR,MSR Revit Family,.rfa,MEP,DIG,12,28/08/2026,04/09/2026,11/09/2026,18/09/2026,DCMvn_Annotation Project_ELT_MSR_TIDP_Rev02.xlsx,TIDP 440+480_Rev 02
456_SD_CameraHub_8Port.rfa,456_SD,ELT_MSR,MSR Revit Family,.rfa,MEP,DIG,12,28/08/2026,04/09/2026,11/09/2026,18/09/2026,DCMvn_Annotation Project_ELT_MSR_TIDP_Rev02.xlsx,TIDP 440+480_Rev 02
456_SD_CardReader.rfa,456_SD,ELT_MSR,MSR Revit Family,.rfa,MEP,DIG,12,28/08/2026,04/09/2026,11/09/2026,18/09/2026,DCMvn_Annotation Project_ELT_MSR_TIDP_Rev02.xlsx,TIDP 440+480_Rev 02
456_SD_DomeCamera_Indoor.rfa,456_SD,ELT_MSR,MSR Revit Family,.rfa,MEP,DIG,12,28/08/2026,04/09/2026,11/09/2026,18/09/2026,DCMvn_Annotation Project_ELT_MSR_TIDP_Rev02.xlsx,TIDP 440+480_Rev 02
456_SD_DomeCamera_Outdoor.rfa,456_SD,ELT_MSR,MSR Revit Family,.rfa,MEP,DIG,12,28/08/2026,04/09/2026,11/09/2026,18/09/2026,DCMvn_Annotation Project_ELT_MSR_TIDP_Rev02.xlsx,TIDP 440+480_Rev 02
456_SD_ElectricalLock_DoorMounted.rfa,456_SD,ELT_MSR,MSR Revit Family,.rfa,MEP,DIG,13,28/08/2026,04/09/2026,11/09/2026,18/09/2026,DCMvn_Annotation Project_ELT_MSR_TIDP_Rev02.xlsx,TIDP 440+480_Rev 02
456_SD_FingerScan.rfa,456_SD,ELT_MSR,MSR Revit Family,.rfa,MEP,DIG,13,28/08/2026,04/09/2026,11/09/2026,18/09/2026,DCMvn_Annotation Project_ELT_MSR_TIDP_Rev02.xlsx,TIDP 440+480_Rev 02
456_SD_FingerScanFace_WallMounted.rfa,456_SD,ELT_MSR,MSR Revit Family,.rfa,MEP,DIG,13,28/08/2026,04/09/2026,11/09/2026,18/09/2026,DCMvn_Annotation Project_ELT_MSR_TIDP_Rev02.xlsx,TIDP 440+480_Rev 02
456_SD_FixCameraIP_Indoor.rfa,456_SD,ELT_MSR,MSR Revit Family,.rfa,MEP,DIG,13,28/08/2026,04/09/2026,11/09/2026,18/09/2026,DCMvn_Annotation Project_ELT_MSR_TIDP_Rev02.xlsx,TIDP 440+480_Rev 02
456_SD_FixCameraIP_Outdoor.rfa,456_SD,ELT_MSR,MSR Revit Family,.rfa,MEP,DIG,13,28/08/2026,04/09/2026,11/09/2026,18/09/2026,DCMvn_Annotation Project_ELT_MSR_TIDP_Rev02.xlsx,TIDP 440+480_Rev 02
456_SD_Monitor.rfa,456_SD,ELT_MSR,MSR Revit Family,.rfa,MEP,DIG,13,28/08/2026,04/09/2026,11/09/2026,18/09/2026,DCMvn_Annotation Project_ELT_MSR_TIDP_Rev02.xlsx,TIDP 440+480_Rev 02
456_SD_PTZCamera_Indoor.rfa,456_SD,ELT_MSR,MSR Revit Family,.rfa,MEP,DIG,13,28/08/2026,04/09/2026,11/09/2026,18/09/2026,DCMvn_Annotation Project_ELT_MSR_TIDP_Rev02.xlsx,TIDP 440+480_Rev 02
456_SD_PTZCamera_Outdoor.rfa,456_SD,ELT_MSR,MSR Revit Family,.rfa,MEP,DIG,13,28/08/2026,04/09/2026,11/09/2026,18/09/2026,DCMvn_Annotation Project_ELT_MSR_TIDP_Rev02.xlsx,TIDP 440+480_Rev 02
456_SD_SecurityAlarmBell.rfa,456_SD,ELT_MSR,MSR Revit Family,.rfa,MEP,DIG,13,28/08/2026,04/09/2026,11/09/2026,18/09/2026,DCMvn_Annotation Project_ELT_MSR_TIDP_Rev02.xlsx,TIDP 440+480_Rev 02
456_SD_ThermalCamera.rfa,456_SD,ELT_MSR,MSR Revit Family,.rfa,MEP,DIG,13,28/08/2026,04/09/2026,11/09/2026,18/09/2026,DCMvn_Annotation Project_ELT_MSR_TIDP_Rev02.xlsx,TIDP 440+480_Rev 02
457_CD_Router_Indoor.rfa,457_CD,ELT_MSR,MSR Revit Family,.rfa,MEP,DIG,12,21/08/2026,28/08/2026,04/09/2026,11/09/2026,DCMvn_Annotation Project_ELT_MSR_TIDP_Rev02.xlsx,TIDP 440+480_Rev 02
457_DD_LanAndTelOutlet_WallSurface.rfa,457_DD,ELT_MSR,MSR Revit Family,.rfa,MEP,DIG,13,28/08/2026,04/09/2026,11/09/2026,18/09/2026,DCMvn_Annotation Project_ELT_MSR_TIDP_Rev02.xlsx,TIDP 440+480_Rev 02
457_DD_LanOutlet_WallMounted_2Gangs.rfa,457_DD,ELT_MSR,MSR Revit Family,.rfa,MEP,DIG,13,28/08/2026,04/09/2026,11/09/2026,18/09/2026,DCMvn_Annotation Project_ELT_MSR_TIDP_Rev02.xlsx,TIDP 440+480_Rev 02
457_EE_DataCabinet.rfa,457_EE,ELT_MSR,MSR Revit Family,.rfa,MEP,DIG,12,21/08/2026,28/08/2026,04/09/2026,11/09/2026,DCMvn_Annotation Project_ELT_MSR_TIDP_Rev02.xlsx,TIDP 440+480_Rev 02
457_EE_DataServerCabinet_FloorStand_Rectangular.rfa,457_EE,ELT_MSR,MSR Revit Family,.rfa,MEP,DIG,12,21/08/2026,28/08/2026,04/09/2026,11/09/2026,DCMvn_Annotation Project_ELT_MSR_TIDP_Rev02.xlsx,TIDP 440+480_Rev 02
457_EF_DataConnectionSocket_CeilingMounted_WaterProof.rfa,457_EF,ELT_MSR,Electrical Revit Family,.rfa,MEP,DIG,3,19/06/2026,25/06/2026,03/07/2026,10/07/2026,DCMvn_Annotation Project_ELT_MSR_TIDP_Rev02.xlsx,TIDP 440+480_Rev 02
457_EF_VideoModul.rfa,457_EF,ELT_MSR,Electrical Revit Family,.rfa,MEP,DIG,5,24/07/2026,31/07/2026,07/08/2026,14/08/2026,DCMvn_Annotation Project_ELT_MSR_TIDP_Rev02.xlsx,TIDP 440+480_Rev 02
457_SD_DomeCamera_Outdoor.rfa,457_SD,ELT_MSR,Electrical Revit Family,.rfa,MEP,DIG,7,07/08/2026,14/08/2026,21/08/2026,28/08/2026,DCMvn_Annotation Project_ELT_MSR_TIDP_Rev02.xlsx,TIDP 440+480_Rev 02
480_EE_WallControlPanel_WallMounted.rfa,480_EE,ELT_MSR,MSR Revit Family,.rfa,MEP,DIG,12,21/08/2026,28/08/2026,04/09/2026,11/09/2026,DCMvn_Annotation Project_ELT_MSR_TIDP_Rev02.xlsx,TIDP 440+480_Rev 02
480_EF_IndividualRoomController.rfa,480_EF,ELT_MSR,MSR Revit Family,.rfa,MEP,DIG,12,21/08/2026,28/08/2026,04/09/2026,11/09/2026,DCMvn_Annotation Project_ELT_MSR_TIDP_Rev02.xlsx,TIDP 440+480_Rev 02
480_FA_AddressableManualPullStation.rfa,480_FA,ELT_MSR,MSR Revit Family,.rfa,MEP,DIG,10,14/08/2026,21/08/2026,28/08/2026,04/09/2026,DCMvn_Annotation Project_ELT_MSR_TIDP_Rev02.xlsx,TIDP 440+480_Rev 02
480_FA_AnnunciatorPanel.rfa,480_FA,ELT_MSR,MSR Revit Family,.rfa,MEP,DIG,10,14/08/2026,21/08/2026,28/08/2026,04/09/2026,DCMvn_Annotation Project_ELT_MSR_TIDP_Rev02.xlsx,TIDP 440+480_Rev 02
480_FA_Bell.rfa,480_FA,ELT_MSR,MSR Revit Family,.rfa,MEP,DIG,11,14/08/2026,21/08/2026,28/08/2026,04/09/2026,DCMvn_Annotation Project_ELT_MSR_TIDP_Rev02.xlsx,TIDP 440+480_Rev 02
480_FA_FireDoorHolder.rfa,480_FA,ELT_MSR,MSR Revit Family,.rfa,MEP,DIG,11,14/08/2026,21/08/2026,28/08/2026,04/09/2026,DCMvn_Annotation Project_ELT_MSR_TIDP_Rev02.xlsx,TIDP 440+480_Rev 02
480_FA_LEDIndicator_WallMounted.rfa,480_FA,ELT_MSR,MSR Revit Family,.rfa,MEP,DIG,11,14/08/2026,21/08/2026,28/08/2026,04/09/2026,DCMvn_Annotation Project_ELT_MSR_TIDP_Rev02.xlsx,TIDP 440+480_Rev 02
480_FA_SmokeDectectorOpticalSignal_Ceiling.rfa,480_FA,ELT_MSR,MSR Revit Family,.rfa,MEP,DIG,11,14/08/2026,21/08/2026,28/08/2026,04/09/2026,DCMvn_Annotation Project_ELT_MSR_TIDP_Rev02.xlsx,TIDP 440+480_Rev 02
480_FA_TransferUnit.rfa,480_FA,ELT_MSR,MSR Revit Family,.rfa,MEP,DIG,11,14/08/2026,21/08/2026,28/08/2026,04/09/2026,DCMvn_Annotation Project_ELT_MSR_TIDP_Rev02.xlsx,TIDP 440+480_Rev 02
481_DD_BACnetGateway.rfa,481_DD,ELT_MSR,MSR Revit Family,.rfa,MEP,DIG,13,28/08/2026,04/09/2026,11/09/2026,18/09/2026,DCMvn_Annotation Project_ELT_MSR_TIDP_Rev02.xlsx,TIDP 440+480_Rev 02
481_EE_SmartHomeAccessPoint_WLAN.rfa,481_EE,ELT_MSR,Electrical Revit Family,.rfa,MEP,DIG,7,07/08/2026,14/08/2026,21/08/2026,28/08/2026,DCMvn_Annotation Project_ELT_MSR_TIDP_Rev02.xlsx,TIDP 440+480_Rev 02
481_EF_Hygrostat.rfa,481_EF,ELT_MSR,Electrical Revit Family,.rfa,MEP,DIG,3,19/06/2026,25/06/2026,03/07/2026,10/07/2026,DCMvn_Annotation Project_ELT_MSR_TIDP_Rev02.xlsx,TIDP 440+480_Rev 02
481_EF_OutdoorAirTemperatureSensor.rfa,481_EF,ELT_MSR,Electrical Revit Family,.rfa,MEP,DIG,2,12/06/2026,19/06/2026,25/06/2026,03/07/2026,DCMvn_Annotation Project_ELT_MSR_TIDP_Rev02.xlsx,TIDP 440+480_Rev 02
482_EE_ControlDistribution_WallMounted.rfa,482_EE,ELT_MSR,MSR Revit Family,.rfa,MEP,DIG,11,21/08/2026,28/08/2026,04/09/2026,11/09/2026,DCMvn_Annotation Project_ELT_MSR_TIDP_Rev02.xlsx,TIDP 440+480_Rev 02
482_EE_Distribution_FloorStanding_Indoor.rfa,482_EE,ELT_MSR,MSR Revit Family,.rfa,MEP,DIG,12,21/08/2026,28/08/2026,04/09/2026,11/09/2026,DCMvn_Annotation Project_ELT_MSR_TIDP_Rev02.xlsx,TIDP 440+480_Rev 02
482_EE_Distribution_FloorStanding_Outdoor.rfa,482_EE,ELT_MSR,MSR Revit Family,.rfa,MEP,DIG,12,21/08/2026,28/08/2026,04/09/2026,11/09/2026,DCMvn_Annotation Project_ELT_MSR_TIDP_Rev02.xlsx,TIDP 440+480_Rev 02
482_EE_RackCabinet_WallMounted.rfa,482_EE,ELT_MSR,MSR Revit Family,.rfa,MEP,DIG,12,21/08/2026,28/08/2026,04/09/2026,11/09/2026,DCMvn_Annotation Project_ELT_MSR_TIDP_Rev02.xlsx,TIDP 440+480_Rev 02
482_EE_SwitchCabinet_FloorStand_Rectangular.rfa,482_EE,ELT_MSR,MSR Revit Family,.rfa,MEP,DIG,12,21/08/2026,28/08/2026,04/09/2026,11/09/2026,DCMvn_Annotation Project_ELT_MSR_TIDP_Rev02.xlsx,TIDP 440+480_Rev 02
484_EF_Transferbox.rfa,484_EF,ELT_MSR,MSR Revit Family,.rfa,MEP,DIG,12,21/08/2026,28/08/2026,04/09/2026,11/09/2026,DCMvn_Annotation Project_ELT_MSR_TIDP_Rev02.xlsx,TIDP 440+480_Rev 02
420_HeatExchangerTank_VerticalPump.rfa,420_He,HKG,Heating Revit Family,.rfa,MEP,DIG,2,18/06/2026,24/06/2026,30/06/2026,06/07/2026,DCMvn_HKG_TIDP_Rev 01.xlsx,TIDP 410_Rev 02
420_ME_AirCoolHeatPump_MonoBlock.rfa,420_ME,HKG,Heating Revit Family,.rfa,MEP,DIG,2,18/06/2026,24/06/2026,30/06/2026,06/07/2026,DCMvn_HKG_TIDP_Rev 01.xlsx,TIDP 410_Rev 02
420_ME_AirCurtain_StandingType.rfa,420_ME,HKG,Heating Revit Family,.rfa,MEP,DIG,2,18/06/2026,24/06/2026,30/06/2026,06/07/2026,DCMvn_HKG_TIDP_Rev 01.xlsx,TIDP 410_Rev 02
420_ME_AirCurtain_WallMounted.rfa,420_ME,HKG,Heating Revit Family,.rfa,MEP,DIG,2,18/06/2026,24/06/2026,30/06/2026,06/07/2026,DCMvn_HKG_TIDP_Rev 01.xlsx,TIDP 410_Rev 02
420_ME_AirCurtain_WallMounted_Standard.rfa,420_ME,HKG,Heating Revit Family,.rfa,MEP,DIG,2,18/06/2026,24/06/2026,30/06/2026,06/07/2026,DCMvn_HKG_TIDP_Rev 01.xlsx,TIDP 410_Rev 02
420_ME_AirHeater_Top.rfa,420_ME,HKG,Heating Revit Family,.rfa,MEP,DIG,2,18/06/2026,24/06/2026,30/06/2026,06/07/2026,DCMvn_HKG_TIDP_Rev 01.xlsx,TIDP 410_Rev 02
420_ME_AirSoureHeatPump.rfa,420_ME,HKG,Heating Revit Family,.rfa,MEP,DIG,2,18/06/2026,24/06/2026,30/06/2026,06/07/2026,DCMvn_HKG_TIDP_Rev 01.xlsx,TIDP 410_Rev 02
420_ME_BufferHeatingTank.rfa,420_ME,HKG,Heating Revit Family,.rfa,MEP,DIG,2,18/06/2026,24/06/2026,30/06/2026,06/07/2026,DCMvn_HKG_TIDP_Rev 01.xlsx,TIDP 410_Rev 02
420_ME_BufferTank_Custom.rfa,420_ME,HKG,Heating Revit Family,.rfa,MEP,DIG,2,18/06/2026,24/06/2026,30/06/2026,06/07/2026,DCMvn_HKG_TIDP_Rev 01.xlsx,TIDP 410_Rev 02
420_ME_BufferTank_Standard.rfa,420_ME,HKG,Heating Revit Family,.rfa,MEP,DIG,2,18/06/2026,24/06/2026,30/06/2026,06/07/2026,DCMvn_HKG_TIDP_Rev 01.xlsx,TIDP 410_Rev 02
420_ME_BufferTank_StorathermHeat&WithInsulation.rfa,420_ME,HKG,Heating Revit Family,.rfa,MEP,DIG,2,18/06/2026,24/06/2026,30/06/2026,06/07/2026,DCMvn_HKG_TIDP_Rev 01.xlsx,TIDP 410_Rev 02
420_ME_BufferTank_StorathermHeat1Coil&WithInsulation.rfa,420_ME,HKG,Heating Revit Family,.rfa,MEP,DIG,2,18/06/2026,24/06/2026,30/06/2026,06/07/2026,DCMvn_HKG_TIDP_Rev 01.xlsx,TIDP 410_Rev 02
420_ME_BufferTank_StorathermHeat1Coil&WithoutInsulation.rfa,420_ME,HKG,Heating Revit Family,.rfa,MEP,DIG,2,18/06/2026,24/06/2026,30/06/2026,06/07/2026,DCMvn_HKG_TIDP_Rev 01.xlsx,TIDP 410_Rev 02
420_ME_BufferTank_StorathermHeat2Coil&WithInsulation.rfa,420_ME,HKG,Heating Revit Family,.rfa,MEP,DIG,2,18/06/2026,24/06/2026,30/06/2026,06/07/2026,DCMvn_HKG_TIDP_Rev 01.xlsx,TIDP 410_Rev 02
420_ME_BufferTank_StorathermHeatCombi1Coil&WithInsulation.rfa,420_ME,HKG,Heating Revit Family,.rfa,MEP,DIG,2,18/06/2026,24/06/2026,30/06/2026,06/07/2026,DCMvn_HKG_TIDP_Rev 01.xlsx,TIDP 410_Rev 02
420_ME_BufferTank_StorathermHeatCombi2Coil&WithInsulation.rfa,420_ME,HKG,Heating Revit Family,.rfa,MEP,DIG,2,18/06/2026,24/06/2026,30/06/2026,06/07/2026,DCMvn_HKG_TIDP_Rev 01.xlsx,TIDP 410_Rev 02
420_ME_BufferTank_StorathermHeatFlange&WithInsulation.rfa,420_ME,HKG,Heating Revit Family,.rfa,MEP,DIG,2,18/06/2026,24/06/2026,30/06/2026,06/07/2026,DCMvn_HKG_TIDP_Rev 01.xlsx,TIDP 410_Rev 02
420_ME_BufferTank_StorathermHeatFlange&WithoutInsulation.rfa,420_ME,HKG,Heating Revit Family,.rfa,MEP,DIG,2,18/06/2026,24/06/2026,30/06/2026,06/07/2026,DCMvn_HKG_TIDP_Rev 01.xlsx,TIDP 410_Rev 02
420_ME_CeilingPanel_Standard.rfa,420_ME,HKG,Heating Revit Family,.rfa,MEP,DIG,2,18/06/2026,24/06/2026,30/06/2026,06/07/2026,DCMvn_HKG_TIDP_Rev 01.xlsx,TIDP 410_Rev 02
420_ME_CentrifugalPumpWithElectricMotor_Horizontal.rfa,420_ME,HKG,Heating Revit Family,.rfa,MEP,DIG,2,18/06/2026,24/06/2026,30/06/2026,06/07/2026,DCMvn_HKG_TIDP_Rev 01.xlsx,TIDP 410_Rev 02
420_ME_ColdWaterTank.rfa,420_ME,HKG,Heating Revit Family,.rfa,MEP,DIG,2,18/06/2026,24/06/2026,30/06/2026,06/07/2026,DCMvn_HKG_TIDP_Rev 01.xlsx,TIDP 410_Rev 02
420_ME_CompressedAirTank.rfa,420_ME,HKG,Heating Revit Family,.rfa,MEP,DIG,2,18/06/2026,24/06/2026,30/06/2026,06/07/2026,DCMvn_HKG_TIDP_Rev 01.xlsx,TIDP 410_Rev 02
420_ME_ControlValveGroup.rfa,420_ME,HKG,Heating Revit Family,.rfa,MEP,DIG,2,18/06/2026,24/06/2026,30/06/2026,06/07/2026,DCMvn_HKG_TIDP_Rev 01.xlsx,TIDP 410_Rev 02
420_ME_Convector_FloorSurface.rfa,420_ME,HKG,Heating Revit Family,.rfa,MEP,DIG,2,18/06/2026,24/06/2026,30/06/2026,06/07/2026,DCMvn_HKG_TIDP_Rev 01.xlsx,TIDP 410_Rev 02
420_ME_EnergyDistributor_6Pairs.rfa,420_ME,HKG,Heating Revit Family,.rfa,MEP,DIG,2,18/06/2026,24/06/2026,30/06/2026,06/07/2026,DCMvn_HKG_TIDP_Rev 01.xlsx,TIDP 410_Rev 02
420_ME_EnergyDistributor_8Pairs.rfa,420_ME,HKG,Heating Revit Family,.rfa,MEP,DIG,2,18/06/2026,24/06/2026,30/06/2026,06/07/2026,DCMvn_HKG_TIDP_Rev 01.xlsx,TIDP 410_Rev 02
420_ME_ExpansionTank_FloorStand.rfa,420_ME,HKG,Heating Revit Family,.rfa,MEP,DIG,2,18/06/2026,24/06/2026,30/06/2026,06/07/2026,DCMvn_HKG_TIDP_Rev 01.xlsx,TIDP 410_Rev 02
420_ME_ExpansionTank_Standard.rfa,420_ME,HKG,Heating Revit Family,.rfa,MEP,DIG,2,18/06/2026,24/06/2026,30/06/2026,06/07/2026,DCMvn_HKG_TIDP_Rev 01.xlsx,TIDP 410_Rev 02
420_ME_FacadeHeating_Standard.rfa,420_ME,HKG,Heating Revit Family,.rfa,MEP,DIG,2,18/06/2026,24/06/2026,30/06/2026,06/07/2026,DCMvn_HKG_TIDP_Rev 01.xlsx,TIDP 410_Rev 02
420_ME_Fancoilunit_UnderfloorTrench_KathermNK.rfa,420_ME,HKG,Heating Revit Family,.rfa,MEP,DIG,2,18/06/2026,24/06/2026,30/06/2026,06/07/2026,DCMvn_HKG_TIDP_Rev 01.xlsx,TIDP 410_Rev 02
420_ME_Fancoilunit_UnderfloorTrench_KathermQE_NoSystem.rfa,420_ME,HKG,Heating Revit Family,.rfa,MEP,DIG,2,18/06/2026,24/06/2026,30/06/2026,06/07/2026,DCMvn_HKG_TIDP_Rev 01.xlsx,TIDP 410_Rev 02
420_ME_Fancoilunit_UnderfloorTrench_KathermQK.rfa,420_ME,HKG,Heating Revit Family,.rfa,MEP,DIG,2,18/06/2026,24/06/2026,30/06/2026,06/07/2026,DCMvn_HKG_TIDP_Rev 01.xlsx,TIDP 410_Rev 02
420_ME_Fancoilunit_UnderfloorTrench_KathermQKnano.rfa,420_ME,HKG,Heating Revit Family,.rfa,MEP,DIG,2,18/06/2026,24/06/2026,30/06/2026,06/07/2026,DCMvn_HKG_TIDP_Rev 01.xlsx,TIDP 410_Rev 02
420_ME_Fancoilunit_UnderfloorTrench_KathermQL_1Connector.rfa,420_ME,HKG,Heating Revit Family,.rfa,MEP,DIG,2,18/06/2026,24/06/2026,30/06/2026,06/07/2026,DCMvn_HKG_TIDP_Rev 01.xlsx,TIDP 410_Rev 02
420_ME_Fancoilunit_UnderfloorTrench_KathermQL_2Connector.rfa,420_ME,HKG,Heating Revit Family,.rfa,MEP,DIG,2,18/06/2026,24/06/2026,30/06/2026,06/07/2026,DCMvn_HKG_TIDP_Rev 01.xlsx,TIDP 410_Rev 02
420_ME_Fancoilunit_UnderfloorTrench_KathermQL_3Connector.rfa,420_ME,HKG,Heating Revit Family,.rfa,MEP,DIG,2,18/06/2026,24/06/2026,30/06/2026,06/07/2026,DCMvn_HKG_TIDP_Rev 01.xlsx,TIDP 410_Rev 02
420_ME_Fancoilunit_UnderfloorTrench_KathermQL_4Connector.rfa,420_ME,HKG,Heating Revit Family,.rfa,MEP,DIG,2,18/06/2026,24/06/2026,30/06/2026,06/07/2026,DCMvn_HKG_TIDP_Rev 01.xlsx,TIDP 410_Rev 02
420_ME_Fancoilunit_UnderfloorTrench_KathermQL_5Connector.rfa,420_ME,HKG,Heating Revit Family,.rfa,MEP,DIG,2,18/06/2026,24/06/2026,30/06/2026,06/07/2026,DCMvn_HKG_TIDP_Rev 01.xlsx,TIDP 410_Rev 02
420_ME_FWTransfer.rfa,420_ME,HKG,Heating Revit Family,.rfa,MEP,DIG,2,18/06/2026,24/06/2026,30/06/2026,06/07/2026,DCMvn_HKG_TIDP_Rev 01.xlsx,TIDP 410_Rev 02
420_ME_HeatExchangerFreeCooling_Flange.rfa,420_ME,HKG,Heating Revit Family,.rfa,MEP,DIG,2,18/06/2026,24/06/2026,30/06/2026,06/07/2026,DCMvn_HKG_TIDP_Rev 01.xlsx,TIDP 410_Rev 02
420_ME_HeatingCoolingSails_Ceiling.rfa,420_ME,HKG,Heating Revit Family,.rfa,MEP,DIG,2,18/06/2026,24/06/2026,30/06/2026,06/07/2026,DCMvn_HKG_TIDP_Rev 01.xlsx,TIDP 410_Rev 02
420_ME_HeatPump_PackageDrooftop_48And50UA&UH.rfa,420_ME,HKG,Heating Revit Family,.rfa,MEP,DIG,2,18/06/2026,24/06/2026,30/06/2026,06/07/2026,DCMvn_HKG_TIDP_Rev 01.xlsx,TIDP 410_Rev 02
420_ME_HeatTransferStation_Custom.rfa,420_ME,HKG,Heating Revit Family,.rfa,MEP,DIG,3,30/06/2026,06/07/2026,10/07/2026,16/07/2026,DCMvn_HKG_TIDP_Rev 01.xlsx,TIDP 410_Rev 02
420_ME_HomeStation_DHK.rfa,420_ME,HKG,Heating Revit Family,.rfa,MEP,DIG,3,30/06/2026,06/07/2026,10/07/2026,16/07/2026,DCMvn_HKG_TIDP_Rev 01.xlsx,TIDP 410_Rev 02
420_ME_HomeStation_GHK.rfa,420_ME,HKG,Heating Revit Family,.rfa,MEP,DIG,3,30/06/2026,06/07/2026,10/07/2026,16/07/2026,DCMvn_HKG_TIDP_Rev 01.xlsx,TIDP 410_Rev 02
420_ME_HomeStation_GHKFBH.rfa,420_ME,HKG,Heating Revit Family,.rfa,MEP,DIG,3,30/06/2026,06/07/2026,10/07/2026,16/07/2026,DCMvn_HKG_TIDP_Rev 01.xlsx,TIDP 410_Rev 02
420_ME_HotWaterBoiler.rfa,420_ME,HKG,Heating Revit Family,.rfa,MEP,DIG,3,30/06/2026,06/07/2026,10/07/2026,16/07/2026,DCMvn_HKG_TIDP_Rev 01.xlsx,TIDP 410_Rev 02
420_ME_HotWaterStorageTank_Standard.rfa,420_ME,HKG,Heating Revit Family,.rfa,MEP,DIG,3,30/06/2026,06/07/2026,10/07/2026,16/07/2026,DCMvn_HKG_TIDP_Rev 01.xlsx,TIDP 410_Rev 02
420_ME_HotWaterStorageTank_StorathermAqua.rfa,420_ME,HKG,Heating Revit Family,.rfa,MEP,DIG,3,30/06/2026,06/07/2026,10/07/2026,16/07/2026,DCMvn_HKG_TIDP_Rev 01.xlsx,TIDP 410_Rev 02
420_ME_HotWaterStorageTank_StorathermAquaCompact&Electricheater.rfa,420_ME,HKG,Heating Revit Family,.rfa,MEP,DIG,3,30/06/2026,06/07/2026,10/07/2026,16/07/2026,DCMvn_HKG_TIDP_Rev 01.xlsx,TIDP 410_Rev 02
420_ME_HotWaterStorageTank_StorathermAquaCompact1Coil&Electricheater.rfa,420_ME,HKG,Heating Revit Family,.rfa,MEP,DIG,3,30/06/2026,06/07/2026,10/07/2026,16/07/2026,DCMvn_HKG_TIDP_Rev 01.xlsx,TIDP 410_Rev 02
420_ME_HotWaterStorageTank_StorathermAquaCompact1Coil.rfa,420_ME,HKG,Heating Revit Family,.rfa,MEP,DIG,3,30/06/2026,06/07/2026,10/07/2026,16/07/2026,DCMvn_HKG_TIDP_Rev 01.xlsx,TIDP 410_Rev 02
420_ME_HotWaterStorageTank_StorathermAquaCompactHorizontal.rfa,420_ME,HKG,Heating Revit Family,.rfa,MEP,DIG,3,30/06/2026,06/07/2026,10/07/2026,16/07/2026,DCMvn_HKG_TIDP_Rev 01.xlsx,TIDP 410_Rev 02
420_ME_HotWaterStorageTank_StorathermAquaCompactWallHung.rfa,420_ME,HKG,Heating Revit Family,.rfa,MEP,DIG,3,30/06/2026,06/07/2026,10/07/2026,16/07/2026,DCMvn_HKG_TIDP_Rev 01.xlsx,TIDP 410_Rev 02
420_ME_HotWaterStorageTank_StorathermAquaEEC.rfa,420_ME,HKG,Heating Revit Family,.rfa,MEP,DIG,3,30/06/2026,06/07/2026,10/07/2026,16/07/2026,DCMvn_HKG_TIDP_Rev 01.xlsx,TIDP 410_Rev 02
420_ME_HotWaterStorageTank_StorathermAquaHeatPump1Coil.rfa,420_ME,HKG,Heating Revit Family,.rfa,MEP,DIG,3,30/06/2026,06/07/2026,10/07/2026,16/07/2026,DCMvn_HKG_TIDP_Rev 01.xlsx,TIDP 410_Rev 02
420_ME_HotWaterStorageTank_StorathermAquaHeatPump2Coil.rfa,420_ME,HKG,Heating Revit Family,.rfa,MEP,DIG,3,30/06/2026,06/07/2026,10/07/2026,16/07/2026,DCMvn_HKG_TIDP_Rev 01.xlsx,TIDP 410_Rev 02
420_ME_HotWaterStorageTank_StorathermAquaInox.rfa,420_ME,HKG,Heating Revit Family,.rfa,MEP,DIG,3,30/06/2026,06/07/2026,10/07/2026,16/07/2026,DCMvn_HKG_TIDP_Rev 01.xlsx,TIDP 410_Rev 02
420_ME_HotWaterStorageTank_StorathermAquaLoad1Flange.rfa,420_ME,HKG,Heating Revit Family,.rfa,MEP,DIG,3,30/06/2026,06/07/2026,10/07/2026,16/07/2026,DCMvn_HKG_TIDP_Rev 01.xlsx,TIDP 410_Rev 02
420_ME_HotWaterStorageTank_StorathermAquaLoad2Flange.rfa,420_ME,HKG,Heating Revit Family,.rfa,MEP,DIG,3,30/06/2026,06/07/2026,10/07/2026,16/07/2026,DCMvn_HKG_TIDP_Rev 01.xlsx,TIDP 410_Rev 02
420_ME_HotWaterStorageTank_StorathermAquaLoad3Flange.rfa,420_ME,HKG,Heating Revit Family,.rfa,MEP,DIG,3,30/06/2026,06/07/2026,10/07/2026,16/07/2026,DCMvn_HKG_TIDP_Rev 01.xlsx,TIDP 410_Rev 02
420_ME_HotWaterStorageTank_StorathermAquaLoad4Flange.rfa,420_ME,HKG,Heating Revit Family,.rfa,MEP,DIG,3,30/06/2026,06/07/2026,10/07/2026,16/07/2026,DCMvn_HKG_TIDP_Rev 01.xlsx,TIDP 410_Rev 02
420_ME_HotWaterStorageTank_StorathermAquaSolar.rfa,420_ME,HKG,Heating Revit Family,.rfa,MEP,DIG,3,30/06/2026,06/07/2026,10/07/2026,16/07/2026,DCMvn_HKG_TIDP_Rev 01.xlsx,TIDP 410_Rev 02
420_ME_HotWaterStorageTank_StorathermAquaSolarEEC.rfa,420_ME,HKG,Heating Revit Family,.rfa,MEP,DIG,3,30/06/2026,06/07/2026,10/07/2026,16/07/2026,DCMvn_HKG_TIDP_Rev 01.xlsx,TIDP 410_Rev 02
420_ME_HotWaterTank.rfa,420_ME,HKG,Heating Revit Family,.rfa,MEP,DIG,3,30/06/2026,06/07/2026,10/07/2026,16/07/2026,DCMvn_HKG_TIDP_Rev 01.xlsx,TIDP 410_Rev 02
420_ME_HydraulicSeparator_Flanged.rfa,420_ME,HKG,Heating Revit Family,.rfa,MEP,DIG,3,30/06/2026,06/07/2026,10/07/2026,16/07/2026,DCMvn_HKG_TIDP_Rev 01.xlsx,TIDP 410_Rev 02
420_ME_HydraulicSeparator_Threaded.rfa,420_ME,HKG,Heating Revit Family,.rfa,MEP,DIG,3,30/06/2026,06/07/2026,10/07/2026,16/07/2026,DCMvn_HKG_TIDP_Rev 01.xlsx,TIDP 410_Rev 02
420_ME_KTS_ThermoBox.rfa,420_ME,HKG,Heating Revit Family,.rfa,MEP,DIG,3,30/06/2026,06/07/2026,10/07/2026,16/07/2026,DCMvn_HKG_TIDP_Rev 01.xlsx,TIDP 410_Rev 02
420_ME_LargeBecomixVessel_Vertical.rfa,420_ME,HKG,Heating Revit Family,.rfa,MEP,DIG,3,30/06/2026,06/07/2026,10/07/2026,16/07/2026,DCMvn_HKG_TIDP_Rev 01.xlsx,TIDP 410_Rev 02
420_ME_Manifold12Connection_Custom.rfa,420_ME,HKG,Heating Revit Family,.rfa,MEP,DIG,3,30/06/2026,06/07/2026,10/07/2026,16/07/2026,DCMvn_HKG_TIDP_Rev 01.xlsx,TIDP 410_Rev 02
420_ME_ManifoldCabinet_UP110.rfa,420_ME,HKG,Heating Revit Family,.rfa,MEP,DIG,3,30/06/2026,06/07/2026,10/07/2026,16/07/2026,DCMvn_HKG_TIDP_Rev 01.xlsx,TIDP 410_Rev 02
420_ME_MixedBecomixVessel_Vertical.rfa,420_ME,HKG,Heating Revit Family,.rfa,MEP,DIG,3,30/06/2026,06/07/2026,10/07/2026,16/07/2026,DCMvn_HKG_TIDP_Rev 01.xlsx,TIDP 410_Rev 02
420_ME_MultiOutdoorUnit_SingleFan.rfa,420_ME,HKG,Heating Revit Family,.rfa,MEP,DIG,3,30/06/2026,06/07/2026,10/07/2026,16/07/2026,DCMvn_HKG_TIDP_Rev 01.xlsx,TIDP 410_Rev 02
420_ME_PlateHeatExchanger.rfa,420_ME,HKG,Heating Revit Family,.rfa,MEP,DIG,3,30/06/2026,06/07/2026,10/07/2026,16/07/2026,DCMvn_HKG_TIDP_Rev 01.xlsx,TIDP 410_Rev 02
420_ME_Pump_WaterJetPump_3Way_Flanged.rfa,420_ME,HKG,Heating Revit Family,.rfa,MEP,DIG,3,30/06/2026,06/07/2026,10/07/2026,16/07/2026,DCMvn_HKG_TIDP_Rev 01.xlsx,TIDP 410_Rev 02
420_ME_Pump_WaterJetPump_3Way_Threaded.rfa,420_ME,HKG,Heating Revit Family,.rfa,MEP,DIG,3,30/06/2026,06/07/2026,10/07/2026,16/07/2026,DCMvn_HKG_TIDP_Rev 01.xlsx,TIDP 410_Rev 02
420_ME_QuantumW500_DoubleCapacitor.rfa,420_ME,HKG,Heating Revit Family,.rfa,MEP,DIG,3,30/06/2026,06/07/2026,10/07/2026,16/07/2026,DCMvn_HKG_TIDP_Rev 01.xlsx,TIDP 410_Rev 02
420_ME_Radiator_WallMounted_Standard.rfa,420_ME,HKG,Heating Revit Family,.rfa,MEP,DIG,3,30/06/2026,06/07/2026,10/07/2026,16/07/2026,DCMvn_HKG_TIDP_Rev 01.xlsx,TIDP 410_Rev 02
420_ME_RadiatorBathroom_WallMounted_Basic.rfa,420_ME,HKG,Heating Revit Family,.rfa,MEP,DIG,3,30/06/2026,06/07/2026,10/07/2026,16/07/2026,DCMvn_HKG_TIDP_Rev 01.xlsx,TIDP 410_Rev 02
420_ME_RadiatorBathroom_WallMounted_BasicR.rfa,420_ME,HKG,Heating Revit Family,.rfa,MEP,DIG,3,30/06/2026,06/07/2026,10/07/2026,16/07/2026,DCMvn_HKG_TIDP_Rev 01.xlsx,TIDP 410_Rev 02
420_ME_RadiatorBathroom_WallMounted_Casteo.rfa,420_ME,HKG,Heating Revit Family,.rfa,MEP,DIG,3,30/06/2026,06/07/2026,10/07/2026,16/07/2026,DCMvn_HKG_TIDP_Rev 01.xlsx,TIDP 410_Rev 02
420_ME_RadiatorBathroom_WallMounted_Credohalf.rfa,420_ME,HKG,Heating Revit Family,.rfa,MEP,DIG,3,30/06/2026,06/07/2026,10/07/2026,16/07/2026,DCMvn_HKG_TIDP_Rev 01.xlsx,TIDP 410_Rev 02
420_ME_RadiatorBathroom_WallMounted_Credohalfflat.rfa,420_ME,HKG,Heating Revit Family,.rfa,MEP,DIG,3,30/06/2026,06/07/2026,10/07/2026,16/07/2026,DCMvn_HKG_TIDP_Rev 01.xlsx,TIDP 410_Rev 02
420_ME_RadiatorBathroom_WallMounted_Credohalfround.rfa,420_ME,HKG,Heating Revit Family,.rfa,MEP,DIG,3,30/06/2026,06/07/2026,10/07/2026,16/07/2026,DCMvn_HKG_TIDP_Rev 01.xlsx,TIDP 410_Rev 02
420_ME_RadiatorBathroom_WallMounted_Credoplus.rfa,420_ME,HKG,Heating Revit Family,.rfa,MEP,DIG,3,30/06/2026,06/07/2026,10/07/2026,16/07/2026,DCMvn_HKG_TIDP_Rev 01.xlsx,TIDP 410_Rev 02
420_ME_RadiatorBathroom_WallMounted_DecorArteLine.rfa,420_ME,HKG,Heating Revit Family,.rfa,MEP,DIG,3,30/06/2026,06/07/2026,10/07/2026,16/07/2026,DCMvn_HKG_TIDP_Rev 01.xlsx,TIDP 410_Rev 02
420_ME_RadiatorBathroom_WallMounted_DecorArtePlan.rfa,420_ME,HKG,Heating Revit Family,.rfa,MEP,DIG,3,30/06/2026,06/07/2026,10/07/2026,16/07/2026,DCMvn_HKG_TIDP_Rev 01.xlsx,TIDP 410_Rev 02
420_ME_RadiatorBathroom_WallMounted_DecorArtePureHorizontal.rfa,420_ME,HKG,Heating Revit Family,.rfa,MEP,DIG,3,30/06/2026,06/07/2026,10/07/2026,16/07/2026,DCMvn_HKG_TIDP_Rev 01.xlsx,TIDP 410_Rev 02
420_ME_RadiatorBathroom_WallMounted_DecorArtePureVertical.rfa,420_ME,HKG,Heating Revit Family,.rfa,MEP,DIG,3,30/06/2026,06/07/2026,10/07/2026,16/07/2026,DCMvn_HKG_TIDP_Rev 01.xlsx,TIDP 410_Rev 02
420_ME_RadiatorBathroom_WallMounted_Diveo.rfa,420_ME,HKG,Heating Revit Family,.rfa,MEP,DIG,3,30/06/2026,06/07/2026,10/07/2026,16/07/2026,DCMvn_HKG_TIDP_Rev 01.xlsx,TIDP 410_Rev 02
420_ME_RadiatorBathroom_WallMounted_Duett.rfa,420_ME,HKG,Heating Revit Family,.rfa,MEP,DIG,3,30/06/2026,06/07/2026,10/07/2026,16/07/2026,DCMvn_HKG_TIDP_Rev 01.xlsx,TIDP 410_Rev 02
420_ME_RadiatorBathroom_WallMounted_Elveo_NoSystem.rfa,420_ME,HKG,Heating Revit Family,.rfa,MEP,DIG,3,30/06/2026,06/07/2026,10/07/2026,16/07/2026,DCMvn_HKG_TIDP_Rev 01.xlsx,TIDP 410_Rev 02
420_ME_RadiatorBathroom_WallMounted_Fineo.rfa,420_ME,HKG,Heating Revit Family,.rfa,MEP,DIG,3,30/06/2026,06/07/2026,10/07/2026,16/07/2026,DCMvn_HKG_TIDP_Rev 01.xlsx,TIDP 410_Rev 02
420_ME_RadiatorBathroom_WallMounted_Geneocircle.rfa,420_ME,HKG,Heating Revit Family,.rfa,MEP,DIG,3,30/06/2026,06/07/2026,10/07/2026,16/07/2026,DCMvn_HKG_TIDP_Rev 01.xlsx,TIDP 410_Rev 02
420_ME_RadiatorBathroom_WallMounted_Geneoquadris.rfa,420_ME,HKG,Heating Revit Family,.rfa,MEP,DIG,3,30/06/2026,06/07/2026,10/07/2026,16/07/2026,DCMvn_HKG_TIDP_Rev 01.xlsx,TIDP 410_Rev 02
420_ME_RadiatorBathroom_WallMounted_Icaro.rfa,420_ME,HKG,Heating Revit Family,.rfa,MEP,DIG,3,30/06/2026,06/07/2026,10/07/2026,16/07/2026,DCMvn_HKG_TIDP_Rev 01.xlsx,TIDP 410_Rev 02
420_ME_RadiatorBathroom_WallMounted_Ideos.rfa,420_ME,HKG,Heating Revit Family,.rfa,MEP,DIG,3,30/06/2026,06/07/2026,10/07/2026,16/07/2026,DCMvn_HKG_TIDP_Rev 01.xlsx,TIDP 410_Rev 02
420_ME_RadiatorBathroom_WallMounted_Ineo.rfa,420_ME,HKG,Heating Revit Family,.rfa,MEP,DIG,3,30/06/2026,06/07/2026,10/07/2026,16/07/2026,DCMvn_HKG_TIDP_Rev 01.xlsx,TIDP 410_Rev 02
420_ME_RadiatorBathroom_WallMounted_Leveo.rfa,420_ME,HKG,Heating Revit Family,.rfa,MEP,DIG,3,30/06/2026,06/07/2026,10/07/2026,16/07/2026,DCMvn_HKG_TIDP_Rev 01.xlsx,TIDP 410_Rev 02
420_ME_RadiatorBathroom_WallMounted_Pateo.rfa,420_ME,HKG,Heating Revit Family,.rfa,MEP,DIG,3,30/06/2026,06/07/2026,10/07/2026,16/07/2026,DCMvn_HKG_TIDP_Rev 01.xlsx,TIDP 410_Rev 02
420_ME_RadiatorBathroom_WallMounted_Pio1layer.rfa,420_ME,HKG,Heating Revit Family,.rfa,MEP,DIG,3,30/06/2026,06/07/2026,10/07/2026,16/07/2026,DCMvn_HKG_TIDP_Rev 01.xlsx,TIDP 410_Rev 02
420_ME_RadiatorBathroom_WallMounted_Pio2layer.rfa,420_ME,HKG,Heating Revit Family,.rfa,MEP,DIG,3,30/06/2026,06/07/2026,10/07/2026,16/07/2026,DCMvn_HKG_TIDP_Rev 01.xlsx,TIDP 410_Rev 02
420_ME_RadiatorBathroom_WallMounted_PioPlus.rfa,420_ME,HKG,Heating Revit Family,.rfa,MEP,DIG,3,30/06/2026,06/07/2026,10/07/2026,16/07/2026,DCMvn_HKG_TIDP_Rev 01.xlsx,TIDP 410_Rev 02
420_ME_RadiatorBathroom_WallMounted_Rubeo.rfa,420_ME,HKG,Heating Revit Family,.rfa,MEP,DIG,3,30/06/2026,06/07/2026,10/07/2026,16/07/2026,DCMvn_HKG_TIDP_Rev 01.xlsx,TIDP 410_Rev 02
420_ME_RadiatorBathroom_WallMounted_Signo.rfa,420_ME,HKG,Heating Revit Family,.rfa,MEP,DIG,3,30/06/2026,06/07/2026,10/07/2026,16/07/2026,DCMvn_HKG_TIDP_Rev 01.xlsx,TIDP 410_Rev 02
420_ME_RadiatorBathroom_WallMounted_Tabeo.rfa,420_ME,HKG,Heating Revit Family,.rfa,MEP,DIG,3,30/06/2026,06/07/2026,10/07/2026,16/07/2026,DCMvn_HKG_TIDP_Rev 01.xlsx,TIDP 410_Rev 02
420_ME_RadiatorBathroom_WallMounted_TabeoV.rfa,420_ME,HKG,Heating Revit Family,.rfa,MEP,DIG,3,30/06/2026,06/07/2026,10/07/2026,16/07/2026,DCMvn_HKG_TIDP_Rev 01.xlsx,TIDP 410_Rev 02
420_ME_RadiatorElectricPanel_WallMounted_xThermPlanHorizontal_NoSystem.rfa,420_ME,HKG,Heating Revit Family,.rfa,MEP,DIG,3,30/06/2026,06/07/2026,10/07/2026,16/07/2026,DCMvn_HKG_TIDP_Rev 01.xlsx,TIDP 410_Rev 02
420_ME_RadiatorElectricPanel_WallMounted_xThermPlanVertical_NoSystem.rfa,420_ME,HKG,Heating Revit Family,.rfa,MEP,DIG,3,30/06/2026,06/07/2026,10/07/2026,16/07/2026,DCMvn_HKG_TIDP_Rev 01.xlsx,TIDP 410_Rev 02
420_ME_RadiatorElectricPanel_WallMounted_xThermProfileHorizontal_NoSystem.rfa,420_ME,HKG,Heating Revit Family,.rfa,MEP,DIG,3,30/06/2026,06/07/2026,10/07/2026,16/07/2026,DCMvn_HKG_TIDP_Rev 01.xlsx,TIDP 410_Rev 02
420_ME_RadiatorFlatPanel_WallMounted_ThermX2PlanK.rfa,420_ME,HKG,Heating Revit Family,.rfa,MEP,DIG,3,30/06/2026,06/07/2026,10/07/2026,16/07/2026,DCMvn_HKG_TIDP_Rev 01.xlsx,TIDP 410_Rev 02
420_ME_RadiatorFlatPanel_WallMounted_ThermX2PlanKHygiene.rfa,420_ME,HKG,Heating Revit Family,.rfa,MEP,DIG,3,30/06/2026,06/07/2026,10/07/2026,16/07/2026,DCMvn_HKG_TIDP_Rev 01.xlsx,TIDP 410_Rev 02
420_ME_RadiatorFlatPanel_WallMounted_ThermX2PlanKReplacement.rfa,420_ME,HKG,Heating Revit Family,.rfa,MEP,DIG,3,30/06/2026,06/07/2026,10/07/2026,16/07/2026,DCMvn_HKG_TIDP_Rev 01.xlsx,TIDP 410_Rev 02
420_ME_RadiatorFlatPanel_WallMounted_ThermX2PlanV.rfa,420_ME,HKG,Heating Revit Family,.rfa,MEP,DIG,3,30/06/2026,06/07/2026,10/07/2026,16/07/2026,DCMvn_HKG_TIDP_Rev 01.xlsx,TIDP 410_Rev 02
420_ME_RadiatorFlatPanel_WallMounted_ThermX2PlanVHygiene.rfa,420_ME,HKG,Heating Revit Family,.rfa,MEP,DIG,3,30/06/2026,06/07/2026,10/07/2026,16/07/2026,DCMvn_HKG_TIDP_Rev 01.xlsx,TIDP 410_Rev 02
420_ME_RadiatorFlatPanel_WallMounted_ThermX2PlanVPlus.rfa,420_ME,HKG,Heating Revit Family,.rfa,MEP,DIG,3,30/06/2026,06/07/2026,10/07/2026,16/07/2026,DCMvn_HKG_TIDP_Rev 01.xlsx,TIDP 410_Rev 02
420_ME_RadiatorFlatPanel_WallMounted_ThermX2PlanVPlusHygiene.rfa,420_ME,HKG,Heating Revit Family,.rfa,MEP,DIG,3,30/06/2026,06/07/2026,10/07/2026,16/07/2026,DCMvn_HKG_TIDP_Rev 01.xlsx,TIDP 410_Rev 02
420_ME_RadiatorFlatPanel_WallMounted_ThermX2ProfileK.rfa,420_ME,HKG,Heating Revit Family,.rfa,MEP,DIG,3,30/06/2026,06/07/2026,10/07/2026,16/07/2026,DCMvn_HKG_TIDP_Rev 01.xlsx,TIDP 410_Rev 02
420_ME_RadiatorFlatPanel_WallMounted_ThermX2ProfileKHygiene.rfa,420_ME,HKG,Heating Revit Family,.rfa,MEP,DIG,3,30/06/2026,06/07/2026,10/07/2026,16/07/2026,DCMvn_HKG_TIDP_Rev 01.xlsx,TIDP 410_Rev 02
420_ME_RadiatorFlatPanel_WallMounted_ThermX2ProfileKReplacement.rfa,420_ME,HKG,Heating Revit Family,.rfa,MEP,DIG,3,30/06/2026,06/07/2026,10/07/2026,16/07/2026,DCMvn_HKG_TIDP_Rev 01.xlsx,TIDP 410_Rev 02
420_ME_RadiatorFlatPanel_WallMounted_ThermX2ProfileV.rfa,420_ME,HKG,Heating Revit Family,.rfa,MEP,DIG,3,30/06/2026,06/07/2026,10/07/2026,16/07/2026,DCMvn_HKG_TIDP_Rev 01.xlsx,TIDP 410_Rev 02
420_ME_RadiatorFlatPanel_WallMounted_ThermX2ProfileVHygiene.rfa,420_ME,HKG,Heating Revit Family,.rfa,MEP,DIG,3,30/06/2026,06/07/2026,10/07/2026,16/07/2026,DCMvn_HKG_TIDP_Rev 01.xlsx,TIDP 410_Rev 02
420_ME_RadiatorFlatPanel_WallMounted_ThermX2ProfileVPlus.rfa,420_ME,HKG,Heating Revit Family,.rfa,MEP,DIG,3,30/06/2026,06/07/2026,10/07/2026,16/07/2026,DCMvn_HKG_TIDP_Rev 01.xlsx,TIDP 410_Rev 02
420_ME_RadiatorFlatPanel_WallMounted_ThermX2ProfileVPlusHygiene.rfa,420_ME,HKG,Heating Revit Family,.rfa,MEP,DIG,3,30/06/2026,06/07/2026,10/07/2026,16/07/2026,DCMvn_HKG_TIDP_Rev 01.xlsx,TIDP 410_Rev 02
420_ME_RadiatorFlatPanel_WallMounted_VerteoPlan.rfa,420_ME,HKG,Heating Revit Family,.rfa,MEP,DIG,3,30/06/2026,06/07/2026,10/07/2026,16/07/2026,DCMvn_HKG_TIDP_Rev 01.xlsx,TIDP 410_Rev 02
420_ME_RadiatorFlatPanel_WallMounted_VerteoProfile.rfa,420_ME,HKG,Heating Revit Family,.rfa,MEP,DIG,3,30/06/2026,06/07/2026,10/07/2026,16/07/2026,DCMvn_HKG_TIDP_Rev 01.xlsx,TIDP 410_Rev 02
420_ME_RadiatorFlatPanel_WallMounted_xFlairPlanK.rfa,420_ME,HKG,Heating Revit Family,.rfa,MEP,DIG,3,30/06/2026,06/07/2026,10/07/2026,16/07/2026,DCMvn_HKG_TIDP_Rev 01.xlsx,TIDP 410_Rev 02
420_ME_RadiatorFlatPanel_WallMounted_xFlairPlanV.rfa,420_ME,HKG,Heating Revit Family,.rfa,MEP,DIG,3,30/06/2026,06/07/2026,10/07/2026,16/07/2026,DCMvn_HKG_TIDP_Rev 01.xlsx,TIDP 410_Rev 02
420_ME_RadiatorFlatPanel_WallMounted_xFlairPlanVPlus.rfa,420_ME,HKG,Heating Revit Family,.rfa,MEP,DIG,3,30/06/2026,06/07/2026,10/07/2026,16/07/2026,DCMvn_HKG_TIDP_Rev 01.xlsx,TIDP 410_Rev 02
420_ME_RadiatorFlatPanel_WallMounted_xFlairProfileK.rfa,420_ME,HKG,Heating Revit Family,.rfa,MEP,DIG,3,30/06/2026,06/07/2026,10/07/2026,16/07/2026,DCMvn_HKG_TIDP_Rev 01.xlsx,TIDP 410_Rev 02
420_ME_RadiatorFlatPanel_WallMounted_xFlairProfileV.rfa,420_ME,HKG,Heating Revit Family,.rfa,MEP,DIG,3,30/06/2026,06/07/2026,10/07/2026,16/07/2026,DCMvn_HKG_TIDP_Rev 01.xlsx,TIDP 410_Rev 02
420_ME_RadiatorFlatPanel_WallMounted_xFlairProfileVPlus.rfa,420_ME,HKG,Heating Revit Family,.rfa,MEP,DIG,3,30/06/2026,06/07/2026,10/07/2026,16/07/2026,DCMvn_HKG_TIDP_Rev 01.xlsx,TIDP 410_Rev 02
420_ME_RadiatorHeatingWall_WallMounted_Horizontal.rfa,420_ME,HKG,Heating Revit Family,.rfa,MEP,DIG,3,30/06/2026,06/07/2026,10/07/2026,16/07/2026,DCMvn_HKG_TIDP_Rev 01.xlsx,TIDP 410_Rev 02
420_ME_RadiatorHeatingWall_WallMounted_ValveHorizontal.rfa,420_ME,HKG,Heating Revit Family,.rfa,MEP,DIG,3,30/06/2026,06/07/2026,10/07/2026,16/07/2026,DCMvn_HKG_TIDP_Rev 01.xlsx,TIDP 410_Rev 02
420_ME_RadiatorHeatingWall_WallMounted_ValveVertical.rfa,420_ME,HKG,Heating Revit Family,.rfa,MEP,DIG,3,30/06/2026,06/07/2026,10/07/2026,16/07/2026,DCMvn_HKG_TIDP_Rev 01.xlsx,TIDP 410_Rev 02
420_ME_RadiatorHeatingWall_WallMounted_Vertical.rfa,420_ME,HKG,Heating Revit Family,.rfa,MEP,DIG,3,30/06/2026,06/07/2026,10/07/2026,16/07/2026,DCMvn_HKG_TIDP_Rev 01.xlsx,TIDP 410_Rev 02
420_ME_RectangularTubeManifold_8Connection.rfa,420_ME,HKG,Heating Revit Family,.rfa,MEP,DIG,3,30/06/2026,06/07/2026,10/07/2026,16/07/2026,DCMvn_HKG_TIDP_Rev 01.xlsx,TIDP 410_Rev 02
420_ME_SinglePassTubeHeatExchanger_Horizontal.rfa,420_ME,HKG,Heating Revit Family,.rfa,MEP,DIG,3,30/06/2026,06/07/2026,10/07/2026,16/07/2026,DCMvn_HKG_TIDP_Rev 01.xlsx,TIDP 410_Rev 02
420_ME_WaterHeater_Vertical.rfa,420_ME,HKG,Heating Revit Family,.rfa,MEP,DIG,3,30/06/2026,06/07/2026,10/07/2026,16/07/2026,DCMvn_HKG_TIDP_Rev 01.xlsx,TIDP 410_Rev 02
420_PA_6WayValve_Thread.rfa,420_PA,HKG,Heating Revit Family,.rfa,MEP,DIG,1,08/06/2026,12/06/2026,18/06/2026,24/06/2026,DCMvn_HKG_TIDP_Rev 01.xlsx,TIDP 410_Rev 02
420_PA_AirReleaseValve_Flanged_Standard.rfa,420_PA,HKG,Heating Revit Family,.rfa,MEP,DIG,1,08/06/2026,12/06/2026,18/06/2026,24/06/2026,DCMvn_HKG_TIDP_Rev 01.xlsx,TIDP 410_Rev 02
420_PA_AirReleaseValve_Thread_Standard.rfa,420_PA,HKG,Heating Revit Family,.rfa,MEP,DIG,1,08/06/2026,12/06/2026,18/06/2026,24/06/2026,DCMvn_HKG_TIDP_Rev 01.xlsx,TIDP 410_Rev 02
420_PA_AirValve_Thread.rfa,420_PA,HKG,Heating Revit Family,.rfa,MEP,DIG,1,08/06/2026,12/06/2026,18/06/2026,24/06/2026,DCMvn_HKG_TIDP_Rev 01.xlsx,TIDP 410_Rev 02
420_PA_BalancingValve_Flanged.rfa,420_PA,HKG,Heating Revit Family,.rfa,MEP,DIG,1,08/06/2026,12/06/2026,18/06/2026,24/06/2026,DCMvn_HKG_TIDP_Rev 01.xlsx,TIDP 410_Rev 02
420_PA_BalancingValve_Flanged_Standard.rfa,420_PA,HKG,Heating Revit Family,.rfa,MEP,DIG,1,08/06/2026,12/06/2026,18/06/2026,24/06/2026,DCMvn_HKG_TIDP_Rev 01.xlsx,TIDP 410_Rev 02
420_PA_BalancingValve_Thread.rfa,420_PA,HKG,Heating Revit Family,.rfa,MEP,DIG,1,08/06/2026,12/06/2026,18/06/2026,24/06/2026,DCMvn_HKG_TIDP_Rev 01.xlsx,TIDP 410_Rev 02
420_PA_BalancingValve_Thread_Standard.rfa,420_PA,HKG,Heating Revit Family,.rfa,MEP,DIG,1,08/06/2026,12/06/2026,18/06/2026,24/06/2026,DCMvn_HKG_TIDP_Rev 01.xlsx,TIDP 410_Rev 02
420_PA_BallValve3Way_LPort.rfa,420_PA,HKG,Heating Revit Family,.rfa,MEP,DIG,1,08/06/2026,12/06/2026,18/06/2026,24/06/2026,DCMvn_HKG_TIDP_Rev 01.xlsx,TIDP 410_Rev 02
420_PA_BallValve3Way_TPort.rfa,420_PA,HKG,Heating Revit Family,.rfa,MEP,DIG,1,08/06/2026,12/06/2026,18/06/2026,24/06/2026,DCMvn_HKG_TIDP_Rev 01.xlsx,TIDP 410_Rev 02
420_PA_BallValve_Flanged.rfa,420_PA,HKG,Heating Revit Family,.rfa,MEP,DIG,1,08/06/2026,12/06/2026,18/06/2026,24/06/2026,DCMvn_HKG_TIDP_Rev 01.xlsx,TIDP 410_Rev 02
420_PA_BallValve_Flanged_LeverStandard.rfa,420_PA,HKG,Heating Revit Family,.rfa,MEP,DIG,1,08/06/2026,12/06/2026,18/06/2026,24/06/2026,DCMvn_HKG_TIDP_Rev 01.xlsx,TIDP 410_Rev 02
420_PA_BallValve_Flanged_WheelStandard.rfa,420_PA,HKG,Heating Revit Family,.rfa,MEP,DIG,1,08/06/2026,12/06/2026,18/06/2026,24/06/2026,DCMvn_HKG_TIDP_Rev 01.xlsx,TIDP 410_Rev 02
420_PA_BallValve_FullBore.rfa,420_PA,HKG,Heating Revit Family,.rfa,MEP,DIG,1,08/06/2026,12/06/2026,18/06/2026,24/06/2026,DCMvn_HKG_TIDP_Rev 01.xlsx,TIDP 410_Rev 02
420_PA_BallValve_Thread_LeverStandard.rfa,420_PA,HKG,Heating Revit Family,.rfa,MEP,DIG,1,08/06/2026,12/06/2026,18/06/2026,24/06/2026,DCMvn_HKG_TIDP_Rev 01.xlsx,TIDP 410_Rev 02
420_PA_BallValve_Thread_WheelStandard.rfa,420_PA,HKG,Heating Revit Family,.rfa,MEP,DIG,1,08/06/2026,12/06/2026,18/06/2026,24/06/2026,DCMvn_HKG_TIDP_Rev 01.xlsx,TIDP 410_Rev 02
420_PA_BallValve_Threaded.rfa,420_PA,HKG,Heating Revit Family,.rfa,MEP,DIG,1,08/06/2026,12/06/2026,18/06/2026,24/06/2026,DCMvn_HKG_TIDP_Rev 01.xlsx,TIDP 410_Rev 02
420_PA_BasketStrainerValve_Flanged_Standard.rfa,420_PA,HKG,Heating Revit Family,.rfa,MEP,DIG,1,08/06/2026,12/06/2026,18/06/2026,24/06/2026,DCMvn_HKG_TIDP_Rev 01.xlsx,TIDP 410_Rev 02
420_PA_BasketStrainerValve_Thread_Standard.rfa,420_PA,HKG,Heating Revit Family,.rfa,MEP,DIG,1,08/06/2026,12/06/2026,18/06/2026,24/06/2026,DCMvn_HKG_TIDP_Rev 01.xlsx,TIDP 410_Rev 02
420_PA_ButterflyValve_Flanged_GearStandard.rfa,420_PA,HKG,Heating Revit Family,.rfa,MEP,DIG,1,08/06/2026,12/06/2026,18/06/2026,24/06/2026,DCMvn_HKG_TIDP_Rev 01.xlsx,TIDP 410_Rev 02
420_PA_ButterflyValve_Flanged_Handle.rfa,420_PA,HKG,Heating Revit Family,.rfa,MEP,DIG,1,08/06/2026,12/06/2026,18/06/2026,24/06/2026,DCMvn_HKG_TIDP_Rev 01.xlsx,TIDP 410_Rev 02
420_PA_ButterflyValve_Flanged_LeverStandard.rfa,420_PA,HKG,Heating Revit Family,.rfa,MEP,DIG,1,08/06/2026,12/06/2026,18/06/2026,24/06/2026,DCMvn_HKG_TIDP_Rev 01.xlsx,TIDP 410_Rev 02
420_PA_ButterflyValve_Thread_GearStandard.rfa,420_PA,HKG,Heating Revit Family,.rfa,MEP,DIG,1,08/06/2026,12/06/2026,18/06/2026,24/06/2026,DCMvn_HKG_TIDP_Rev 01.xlsx,TIDP 410_Rev 02
420_PA_ButterflyValve_Thread_LeverStandard.rfa,420_PA,HKG,Heating Revit Family,.rfa,MEP,DIG,1,08/06/2026,12/06/2026,18/06/2026,24/06/2026,DCMvn_HKG_TIDP_Rev 01.xlsx,TIDP 410_Rev 02
420_PA_ButterflyValveHandwheel_Flanged.rfa,420_PA,HKG,Heating Revit Family,.rfa,MEP,DIG,1,08/06/2026,12/06/2026,18/06/2026,24/06/2026,DCMvn_HKG_TIDP_Rev 01.xlsx,TIDP 410_Rev 02
420_PA_ButterflyvalveMotor_Flanged.rfa,420_PA,HKG,Heating Revit Family,.rfa,MEP,DIG,1,08/06/2026,12/06/2026,18/06/2026,24/06/2026,DCMvn_HKG_TIDP_Rev 01.xlsx,TIDP 410_Rev 02
420_PA_CapValve_Thread.rfa,420_PA,HKG,Heating Revit Family,.rfa,MEP,DIG,1,08/06/2026,12/06/2026,18/06/2026,24/06/2026,DCMvn_HKG_TIDP_Rev 01.xlsx,TIDP 410_Rev 02
420_PA_CheckValveWithThermometer_Thread.rfa,420_PA,HKG,Heating Revit Family,.rfa,MEP,DIG,1,08/06/2026,12/06/2026,18/06/2026,24/06/2026,DCMvn_HKG_TIDP_Rev 01.xlsx,TIDP 410_Rev 02
420_PA_DifferentialPressureControlValve_Thread.rfa,420_PA,HKG,Heating Revit Family,.rfa,MEP,DIG,1,08/06/2026,12/06/2026,18/06/2026,24/06/2026,DCMvn_HKG_TIDP_Rev 01.xlsx,TIDP 410_Rev 02
420_PA_DifferentialPressureGauge_Standard.rfa,420_PA,HKG,Heating Revit Family,.rfa,MEP,DIG,1,08/06/2026,12/06/2026,18/06/2026,24/06/2026,DCMvn_HKG_TIDP_Rev 01.xlsx,TIDP 410_Rev 02
420_PA_DifferentialPressureSensor.rfa,420_PA,HKG,Heating Revit Family,.rfa,MEP,DIG,1,08/06/2026,12/06/2026,18/06/2026,24/06/2026,DCMvn_HKG_TIDP_Rev 01.xlsx,TIDP 410_Rev 02
420_PA_DifferentialPressureSensor_Standard.rfa,420_PA,HKG,Heating Revit Family,.rfa,MEP,DIG,1,08/06/2026,12/06/2026,18/06/2026,24/06/2026,DCMvn_HKG_TIDP_Rev 01.xlsx,TIDP 410_Rev 02
420_PA_DiscCheckValve_Flanged_Standard.rfa,420_PA,HKG,Heating Revit Family,.rfa,MEP,DIG,1,08/06/2026,12/06/2026,18/06/2026,24/06/2026,DCMvn_HKG_TIDP_Rev 01.xlsx,TIDP 410_Rev 02
420_PA_DrainValve_Thread_Standard.rfa,420_PA,HKG,Heating Revit Family,.rfa,MEP,DIG,1,08/06/2026,12/06/2026,18/06/2026,24/06/2026,DCMvn_HKG_TIDP_Rev 01.xlsx,TIDP 410_Rev 02
420_PA_DrainValve_Threaded.rfa,420_PA,HKG,Heating Revit Family,.rfa,MEP,DIG,1,08/06/2026,12/06/2026,18/06/2026,24/06/2026,DCMvn_HKG_TIDP_Rev 01.xlsx,TIDP 410_Rev 02
420_PA_ExpansionJoint_Flanged.rfa,420_PA,HKG,Heating Revit Family,.rfa,MEP,DIG,1,08/06/2026,12/06/2026,18/06/2026,24/06/2026,DCMvn_HKG_TIDP_Rev 01.xlsx,TIDP 410_Rev 02
420_PA_ExpansionJoint_Threaded.rfa,420_PA,HKG,Heating Revit Family,.rfa,MEP,DIG,1,08/06/2026,12/06/2026,18/06/2026,24/06/2026,DCMvn_HKG_TIDP_Rev 01.xlsx,TIDP 410_Rev 02
420_PA_ExpansionJoint_Weld.rfa,420_PA,HKG,Heating Revit Family,.rfa,MEP,DIG,1,08/06/2026,12/06/2026,18/06/2026,24/06/2026,DCMvn_HKG_TIDP_Rev 01.xlsx,TIDP 410_Rev 02
420_PA_FillAndDrainBallValve_Threaded.rfa,420_PA,HKG,Heating Revit Family,.rfa,MEP,DIG,1,08/06/2026,12/06/2026,18/06/2026,24/06/2026,DCMvn_HKG_TIDP_Rev 01.xlsx,TIDP 410_Rev 02
420_PA_FilterValve_Flanged.rfa,420_PA,HKG,Heating Revit Family,.rfa,MEP,DIG,1,08/06/2026,12/06/2026,18/06/2026,24/06/2026,DCMvn_HKG_TIDP_Rev 01.xlsx,TIDP 410_Rev 02
420_PA_FilterValve_Thread.rfa,420_PA,HKG,Heating Revit Family,.rfa,MEP,DIG,1,08/06/2026,12/06/2026,18/06/2026,24/06/2026,DCMvn_HKG_TIDP_Rev 01.xlsx,TIDP 410_Rev 02
420_PA_FlexibleConnection_Flanged_Standard.rfa,420_PA,HKG,Heating Revit Family,.rfa,MEP,DIG,1,08/06/2026,12/06/2026,18/06/2026,24/06/2026,DCMvn_HKG_TIDP_Rev 01.xlsx,TIDP 410_Rev 02
420_PA_FlexibleConnection_Thread_Standard.rfa,420_PA,HKG,Heating Revit Family,.rfa,MEP,DIG,1,08/06/2026,12/06/2026,18/06/2026,24/06/2026,DCMvn_HKG_TIDP_Rev 01.xlsx,TIDP 410_Rev 02
420_PA_FlowSensor.rfa,420_PA,HKG,Heating Revit Family,.rfa,MEP,DIG,1,08/06/2026,12/06/2026,18/06/2026,24/06/2026,DCMvn_HKG_TIDP_Rev 01.xlsx,TIDP 410_Rev 02
420_PA_FlowSensor_Flanged_Standard.rfa,420_PA,HKG,Heating Revit Family,.rfa,MEP,DIG,1,08/06/2026,12/06/2026,18/06/2026,24/06/2026,DCMvn_HKG_TIDP_Rev 01.xlsx,TIDP 410_Rev 02
420_PA_FlowSensor_Thread_Standard.rfa,420_PA,HKG,Heating Revit Family,.rfa,MEP,DIG,1,08/06/2026,12/06/2026,18/06/2026,24/06/2026,DCMvn_HKG_TIDP_Rev 01.xlsx,TIDP 410_Rev 02
420_PA_GateValve_Flanged.rfa,420_PA,HKG,Heating Revit Family,.rfa,MEP,DIG,1,08/06/2026,12/06/2026,18/06/2026,24/06/2026,DCMvn_HKG_TIDP_Rev 01.xlsx,TIDP 410_Rev 02
420_PA_GateValve_Flanged_Standard.rfa,420_PA,HKG,Heating Revit Family,.rfa,MEP,DIG,1,08/06/2026,12/06/2026,18/06/2026,24/06/2026,DCMvn_HKG_TIDP_Rev 01.xlsx,TIDP 410_Rev 02
420_PA_GateValve_Thread.rfa,420_PA,HKG,Heating Revit Family,.rfa,MEP,DIG,1,08/06/2026,12/06/2026,18/06/2026,24/06/2026,DCMvn_HKG_TIDP_Rev 01.xlsx,TIDP 410_Rev 02
420_PA_GateValve_Thread_Standard.rfa,420_PA,HKG,Heating Revit Family,.rfa,MEP,DIG,1,08/06/2026,12/06/2026,18/06/2026,24/06/2026,DCMvn_HKG_TIDP_Rev 01.xlsx,TIDP 410_Rev 02
420_PA_GlobeValve_Flanged.rfa,420_PA,HKG,Heating Revit Family,.rfa,MEP,DIG,1,08/06/2026,12/06/2026,18/06/2026,24/06/2026,DCMvn_HKG_TIDP_Rev 01.xlsx,TIDP 410_Rev 02
420_PA_GlobeValve_Flanged_Standard.rfa,420_PA,HKG,Heating Revit Family,.rfa,MEP,DIG,1,08/06/2026,12/06/2026,18/06/2026,24/06/2026,DCMvn_HKG_TIDP_Rev 01.xlsx,TIDP 410_Rev 02
420_PA_GlobeValve_Thread.rfa,420_PA,HKG,Heating Revit Family,.rfa,MEP,DIG,1,08/06/2026,12/06/2026,18/06/2026,24/06/2026,DCMvn_HKG_TIDP_Rev 01.xlsx,TIDP 410_Rev 02
420_PA_GlobeValve_Thread_Standard.rfa,420_PA,HKG,Heating Revit Family,.rfa,MEP,DIG,1,08/06/2026,12/06/2026,18/06/2026,24/06/2026,DCMvn_HKG_TIDP_Rev 01.xlsx,TIDP 410_Rev 02
420_PA_HeatingBallValve_Thread.rfa,420_PA,HKG,Heating Revit Family,.rfa,MEP,DIG,1,08/06/2026,12/06/2026,18/06/2026,24/06/2026,DCMvn_HKG_TIDP_Rev 01.xlsx,TIDP 410_Rev 02
420_PA_HeatMeter_Flanged.rfa,420_PA,HKG,Heating Revit Family,.rfa,MEP,DIG,1,08/06/2026,12/06/2026,18/06/2026,24/06/2026,DCMvn_HKG_TIDP_Rev 01.xlsx,TIDP 410_Rev 02
420_PA_HeatMeter_Flanged_Standard.rfa,420_PA,HKG,Heating Revit Family,.rfa,MEP,DIG,1,08/06/2026,12/06/2026,18/06/2026,24/06/2026,DCMvn_HKG_TIDP_Rev 01.xlsx,TIDP 410_Rev 02
420_PA_HeatMeter_Thread_Standard.rfa,420_PA,HKG,Heating Revit Family,.rfa,MEP,DIG,1,08/06/2026,12/06/2026,18/06/2026,24/06/2026,DCMvn_HKG_TIDP_Rev 01.xlsx,TIDP 410_Rev 02
420_PA_LiftCheckValve_Flanged_Standard.rfa,420_PA,HKG,Heating Revit Family,.rfa,MEP,DIG,1,08/06/2026,12/06/2026,18/06/2026,24/06/2026,DCMvn_HKG_TIDP_Rev 01.xlsx,TIDP 410_Rev 02
420_PA_LiftCheckValve_Thread_Standard.rfa,420_PA,HKG,Heating Revit Family,.rfa,MEP,DIG,1,08/06/2026,12/06/2026,18/06/2026,24/06/2026,DCMvn_HKG_TIDP_Rev 01.xlsx,TIDP 410_Rev 02
420_PA_ManifoldConnection_Thread.rfa,420_PA,HKG,Heating Revit Family,.rfa,MEP,DIG,1,08/06/2026,12/06/2026,18/06/2026,24/06/2026,DCMvn_HKG_TIDP_Rev 01.xlsx,TIDP 410_Rev 02
420_PA_MotorizedBallValve_Flanged_Standard.rfa,420_PA,HKG,Heating Revit Family,.rfa,MEP,DIG,1,08/06/2026,12/06/2026,18/06/2026,24/06/2026,DCMvn_HKG_TIDP_Rev 01.xlsx,TIDP 410_Rev 02
420_PA_MotorizedBallValve_Thread_Standard.rfa,420_PA,HKG,Heating Revit Family,.rfa,MEP,DIG,1,08/06/2026,12/06/2026,18/06/2026,24/06/2026,DCMvn_HKG_TIDP_Rev 01.xlsx,TIDP 410_Rev 02
420_PA_MotorizedButterflyValve_Flanged_Standard.rfa,420_PA,HKG,Heating Revit Family,.rfa,MEP,DIG,1,08/06/2026,12/06/2026,18/06/2026,24/06/2026,DCMvn_HKG_TIDP_Rev 01.xlsx,TIDP 410_Rev 02
420_PA_MotorizedGateValve_Flanged_Standard.rfa,420_PA,HKG,Heating Revit Family,.rfa,MEP,DIG,1,08/06/2026,12/06/2026,18/06/2026,24/06/2026,DCMvn_HKG_TIDP_Rev 01.xlsx,TIDP 410_Rev 02
420_PA_MotorizedGateValve_Thread_Standard.rfa,420_PA,HKG,Heating Revit Family,.rfa,MEP,DIG,1,08/06/2026,12/06/2026,18/06/2026,24/06/2026,DCMvn_HKG_TIDP_Rev 01.xlsx,TIDP 410_Rev 02
420_PA_MotorizedGlobeValve_Flanged_Standard.rfa,420_PA,HKG,Heating Revit Family,.rfa,MEP,DIG,1,08/06/2026,12/06/2026,18/06/2026,24/06/2026,DCMvn_HKG_TIDP_Rev 01.xlsx,TIDP 410_Rev 02
420_PA_MotorizedGlobeValve_Thread_Standard.rfa,420_PA,HKG,Heating Revit Family,.rfa,MEP,DIG,1,08/06/2026,12/06/2026,18/06/2026,24/06/2026,DCMvn_HKG_TIDP_Rev 01.xlsx,TIDP 410_Rev 02
420_PA_MotorizedThreeWayValve_Flanged_Standard.rfa,420_PA,HKG,Heating Revit Family,.rfa,MEP,DIG,1,08/06/2026,12/06/2026,18/06/2026,24/06/2026,DCMvn_HKG_TIDP_Rev 01.xlsx,TIDP 410_Rev 02
420_PA_MotorizedThreeWayvalve_Thread_Standard.rfa,420_PA,HKG,Heating Revit Family,.rfa,MEP,DIG,1,08/06/2026,12/06/2026,18/06/2026,24/06/2026,DCMvn_HKG_TIDP_Rev 01.xlsx,TIDP 410_Rev 02
420_PA_NonReturnFlap_Flanged.rfa,420_PA,HKG,Heating Revit Family,.rfa,MEP,DIG,1,08/06/2026,12/06/2026,18/06/2026,24/06/2026,DCMvn_HKG_TIDP_Rev 01.xlsx,TIDP 410_Rev 02
420_PA_PICCV2WayValve_Thread.rfa,420_PA,HKG,Heating Revit Family,.rfa,MEP,DIG,1,08/06/2026,12/06/2026,18/06/2026,24/06/2026,DCMvn_HKG_TIDP_Rev 01.xlsx,TIDP 410_Rev 02
420_PA_PICCV3WayValve_Thread.rfa,420_PA,HKG,Heating Revit Family,.rfa,MEP,DIG,1,08/06/2026,12/06/2026,18/06/2026,24/06/2026,DCMvn_HKG_TIDP_Rev 01.xlsx,TIDP 410_Rev 02
420_PA_PICVValve_Thread.rfa,420_PA,HKG,Heating Revit Family,.rfa,MEP,DIG,1,08/06/2026,12/06/2026,18/06/2026,24/06/2026,DCMvn_HKG_TIDP_Rev 01.xlsx,TIDP 410_Rev 02
420_PA_PIQCV6WayValve_Thread.rfa,420_PA,HKG,Heating Revit Family,.rfa,MEP,DIG,2,18/06/2026,24/06/2026,30/06/2026,06/07/2026,DCMvn_HKG_TIDP_Rev 01.xlsx,TIDP 410_Rev 02
420_PA_PIQCVValve_Thread.rfa,420_PA,HKG,Heating Revit Family,.rfa,MEP,DIG,2,18/06/2026,24/06/2026,30/06/2026,06/07/2026,DCMvn_HKG_TIDP_Rev 01.xlsx,TIDP 410_Rev 02
420_PA_PneumaticControlValve_Flanged.rfa,420_PA,HKG,Heating Revit Family,.rfa,MEP,DIG,2,18/06/2026,24/06/2026,30/06/2026,06/07/2026,DCMvn_HKG_TIDP_Rev 01.xlsx,TIDP 410_Rev 02
420_PA_PneumaticGlobeControlValve_Flanged.rfa,420_PA,HKG,Heating Revit Family,.rfa,MEP,DIG,2,18/06/2026,24/06/2026,30/06/2026,06/07/2026,DCMvn_HKG_TIDP_Rev 01.xlsx,TIDP 410_Rev 02
420_PA_PneumaticGlobeControlValve_Thread.rfa,420_PA,HKG,Heating Revit Family,.rfa,MEP,DIG,2,18/06/2026,24/06/2026,30/06/2026,06/07/2026,DCMvn_HKG_TIDP_Rev 01.xlsx,TIDP 410_Rev 02
420_PA_PressureGauge.rfa,420_PA,HKG,Heating Revit Family,.rfa,MEP,DIG,2,18/06/2026,24/06/2026,30/06/2026,06/07/2026,DCMvn_HKG_TIDP_Rev 01.xlsx,TIDP 410_Rev 02
420_PA_PressureGauge_2Connection.rfa,420_PA,HKG,Heating Revit Family,.rfa,MEP,DIG,2,18/06/2026,24/06/2026,30/06/2026,06/07/2026,DCMvn_HKG_TIDP_Rev 01.xlsx,TIDP 410_Rev 02
420_PA_PressureGauge_Standard.rfa,420_PA,HKG,Heating Revit Family,.rfa,MEP,DIG,2,18/06/2026,24/06/2026,30/06/2026,06/07/2026,DCMvn_HKG_TIDP_Rev 01.xlsx,TIDP 410_Rev 02
420_PA_PressureIndependentControlValve_Flanged.rfa,420_PA,HKG,Heating Revit Family,.rfa,MEP,DIG,2,18/06/2026,24/06/2026,30/06/2026,06/07/2026,DCMvn_HKG_TIDP_Rev 01.xlsx,TIDP 410_Rev 02
420_PA_PressureIndependentControlValve_Threaded.rfa,420_PA,HKG,Heating Revit Family,.rfa,MEP,DIG,2,18/06/2026,24/06/2026,30/06/2026,06/07/2026,DCMvn_HKG_TIDP_Rev 01.xlsx,TIDP 410_Rev 02
420_PA_PressureIndependentControlValveCompact_Threaded.rfa,420_PA,HKG,Heating Revit Family,.rfa,MEP,DIG,2,18/06/2026,24/06/2026,30/06/2026,06/07/2026,DCMvn_HKG_TIDP_Rev 01.xlsx,TIDP 410_Rev 02
420_PA_PressureReducingValveWithGauge_Thread.rfa,420_PA,HKG,Heating Revit Family,.rfa,MEP,DIG,2,18/06/2026,24/06/2026,30/06/2026,06/07/2026,DCMvn_HKG_TIDP_Rev 01.xlsx,TIDP 410_Rev 02
420_PA_PressureSensor.rfa,420_PA,HKG,Heating Revit Family,.rfa,MEP,DIG,2,18/06/2026,24/06/2026,30/06/2026,06/07/2026,DCMvn_HKG_TIDP_Rev 01.xlsx,TIDP 410_Rev 02
420_PA_PressureSensor_Standard.rfa,420_PA,HKG,Heating Revit Family,.rfa,MEP,DIG,2,18/06/2026,24/06/2026,30/06/2026,06/07/2026,DCMvn_HKG_TIDP_Rev 01.xlsx,TIDP 410_Rev 02
420_PA_RadiatorLockshield_Thread.rfa,420_PA,HKG,Heating Revit Family,.rfa,MEP,DIG,2,18/06/2026,24/06/2026,30/06/2026,06/07/2026,DCMvn_HKG_TIDP_Rev 01.xlsx,TIDP 410_Rev 02
420_PA_RadiatorShutOffValveAngle_Thread.rfa,420_PA,HKG,Heating Revit Family,.rfa,MEP,DIG,2,18/06/2026,24/06/2026,30/06/2026,06/07/2026,DCMvn_HKG_TIDP_Rev 01.xlsx,TIDP 410_Rev 02
420_PA_RadiatorShutOffValveStraight_Thread.rfa,420_PA,HKG,Heating Revit Family,.rfa,MEP,DIG,2,18/06/2026,24/06/2026,30/06/2026,06/07/2026,DCMvn_HKG_TIDP_Rev 01.xlsx,TIDP 410_Rev 02
420_PA_RadiatorThermostatic2PointAngleValve_Thread.rfa,420_PA,HKG,Heating Revit Family,.rfa,MEP,DIG,2,18/06/2026,24/06/2026,30/06/2026,06/07/2026,DCMvn_HKG_TIDP_Rev 01.xlsx,TIDP 410_Rev 02
420_PA_RadiatorThermostaticAngleValve_Thread.rfa,420_PA,HKG,Heating Revit Family,.rfa,MEP,DIG,2,18/06/2026,24/06/2026,30/06/2026,06/07/2026,DCMvn_HKG_TIDP_Rev 01.xlsx,TIDP 410_Rev 02
420_PA_RadiatorThermostaticStraightValve_Thread.rfa,420_PA,HKG,Heating Revit Family,.rfa,MEP,DIG,2,18/06/2026,24/06/2026,30/06/2026,06/07/2026,DCMvn_HKG_TIDP_Rev 01.xlsx,TIDP 410_Rev 02
420_PA_RegulatingValve_Flanged.rfa,420_PA,HKG,Heating Revit Family,.rfa,MEP,DIG,2,18/06/2026,24/06/2026,30/06/2026,06/07/2026,DCMvn_HKG_TIDP_Rev 01.xlsx,TIDP 410_Rev 02
420_PA_RegulatingValve_Flanged_Standard.rfa,420_PA,HKG,Heating Revit Family,.rfa,MEP,DIG,2,18/06/2026,24/06/2026,30/06/2026,06/07/2026,DCMvn_HKG_TIDP_Rev 01.xlsx,TIDP 410_Rev 02
420_PA_RegulatingValve_Thread_Standard.rfa,420_PA,HKG,Heating Revit Family,.rfa,MEP,DIG,2,18/06/2026,24/06/2026,30/06/2026,06/07/2026,DCMvn_HKG_TIDP_Rev 01.xlsx,TIDP 410_Rev 02
420_PA_RegulatingValve_Threaded.rfa,420_PA,HKG,Heating Revit Family,.rfa,MEP,DIG,2,18/06/2026,24/06/2026,30/06/2026,06/07/2026,DCMvn_HKG_TIDP_Rev 01.xlsx,TIDP 410_Rev 02
420_PA_SafetyReliefValveConer_Thread.rfa,420_PA,HKG,Heating Revit Family,.rfa,MEP,DIG,2,18/06/2026,24/06/2026,30/06/2026,06/07/2026,DCMvn_HKG_TIDP_Rev 01.xlsx,TIDP 410_Rev 02
420_PA_SafetyReliefValveCorner_Flanged.rfa,420_PA,HKG,Heating Revit Family,.rfa,MEP,DIG,2,18/06/2026,24/06/2026,30/06/2026,06/07/2026,DCMvn_HKG_TIDP_Rev 01.xlsx,TIDP 410_Rev 02
420_PA_SafetyReliefValveStraight_Flanged.rfa,420_PA,HKG,Heating Revit Family,.rfa,MEP,DIG,2,18/06/2026,24/06/2026,30/06/2026,06/07/2026,DCMvn_HKG_TIDP_Rev 01.xlsx,TIDP 410_Rev 02
420_PA_SafetyValveCorner_Flanged_Standard.rfa,420_PA,HKG,Heating Revit Family,.rfa,MEP,DIG,2,18/06/2026,24/06/2026,30/06/2026,06/07/2026,DCMvn_HKG_TIDP_Rev 01.xlsx,TIDP 410_Rev 02
420_PA_SafetyValveCorner_Thread_Standard.rfa,420_PA,HKG,Heating Revit Family,.rfa,MEP,DIG,2,18/06/2026,24/06/2026,30/06/2026,06/07/2026,DCMvn_HKG_TIDP_Rev 01.xlsx,TIDP 410_Rev 02
420_PA_ShutoffValve_Motorized.rfa,420_PA,HKG,Heating Revit Family,.rfa,MEP,DIG,2,18/06/2026,24/06/2026,30/06/2026,06/07/2026,DCMvn_HKG_TIDP_Rev 01.xlsx,TIDP 410_Rev 02
420_PA_ShutOffValveWithSafetyFunction_Flanged.rfa,420_PA,HKG,Heating Revit Family,.rfa,MEP,DIG,2,18/06/2026,24/06/2026,30/06/2026,06/07/2026,DCMvn_HKG_TIDP_Rev 01.xlsx,TIDP 410_Rev 02
420_PA_SixWayMotorisedControlValve_Threaded.rfa,420_PA,HKG,Heating Revit Family,.rfa,MEP,DIG,2,18/06/2026,24/06/2026,30/06/2026,06/07/2026,DCMvn_HKG_TIDP_Rev 01.xlsx,TIDP 410_Rev 02
420_PA_SmartForEnergyManagement_Flanged.rfa,420_PA,HKG,Heating Revit Family,.rfa,MEP,DIG,2,18/06/2026,24/06/2026,30/06/2026,06/07/2026,DCMvn_HKG_TIDP_Rev 01.xlsx,TIDP 410_Rev 02
420_PA_SmartForEnergyManagement_Thread.rfa,420_PA,HKG,Heating Revit Family,.rfa,MEP,DIG,2,18/06/2026,24/06/2026,30/06/2026,06/07/2026,DCMvn_HKG_TIDP_Rev 01.xlsx,TIDP 410_Rev 02
420_PA_SpringCheckValve_Flanged_Standard.rfa,420_PA,HKG,Heating Revit Family,.rfa,MEP,DIG,2,18/06/2026,24/06/2026,30/06/2026,06/07/2026,DCMvn_HKG_TIDP_Rev 01.xlsx,TIDP 410_Rev 02
420_PA_SwingcheckValve_Flanged.rfa,420_PA,HKG,Heating Revit Family,.rfa,MEP,DIG,2,18/06/2026,24/06/2026,30/06/2026,06/07/2026,DCMvn_HKG_TIDP_Rev 01.xlsx,TIDP 410_Rev 02
420_PA_SwingCheckValve_Flanged_Standard.rfa,420_PA,HKG,Heating Revit Family,.rfa,MEP,DIG,2,18/06/2026,24/06/2026,30/06/2026,06/07/2026,DCMvn_HKG_TIDP_Rev 01.xlsx,TIDP 410_Rev 02
420_PA_SwingCheckValve_Thread_Standard.rfa,420_PA,HKG,Heating Revit Family,.rfa,MEP,DIG,2,18/06/2026,24/06/2026,30/06/2026,06/07/2026,DCMvn_HKG_TIDP_Rev 01.xlsx,TIDP 410_Rev 02
420_PA_SwingcheckValve_Threaded.rfa,420_PA,HKG,Heating Revit Family,.rfa,MEP,DIG,2,18/06/2026,24/06/2026,30/06/2026,06/07/2026,DCMvn_HKG_TIDP_Rev 01.xlsx,TIDP 410_Rev 02
420_PA_TemperatureGauge_Standard.rfa,420_PA,HKG,Heating Revit Family,.rfa,MEP,DIG,2,18/06/2026,24/06/2026,30/06/2026,06/07/2026,DCMvn_HKG_TIDP_Rev 01.xlsx,TIDP 410_Rev 02
420_PA_TemperatureRegulatorValve_SelfOperated.rfa,420_PA,HKG,Heating Revit Family,.rfa,MEP,DIG,2,18/06/2026,24/06/2026,30/06/2026,06/07/2026,DCMvn_HKG_TIDP_Rev 01.xlsx,TIDP 410_Rev 02
420_PA_TemperatureSensor.rfa,420_PA,HKG,Heating Revit Family,.rfa,MEP,DIG,2,18/06/2026,24/06/2026,30/06/2026,06/07/2026,DCMvn_HKG_TIDP_Rev 01.xlsx,TIDP 410_Rev 02
420_PA_TemperatureSensor_Standard.rfa,420_PA,HKG,Heating Revit Family,.rfa,MEP,DIG,2,18/06/2026,24/06/2026,30/06/2026,06/07/2026,DCMvn_HKG_TIDP_Rev 01.xlsx,TIDP 410_Rev 02
420_PA_Thermometer.rfa,420_PA,HKG,Heating Revit Family,.rfa,MEP,DIG,2,18/06/2026,24/06/2026,30/06/2026,06/07/2026,DCMvn_HKG_TIDP_Rev 01.xlsx,TIDP 410_Rev 02
420_PA_Thermometergauge.rfa,420_PA,HKG,Heating Revit Family,.rfa,MEP,DIG,2,18/06/2026,24/06/2026,30/06/2026,06/07/2026,DCMvn_HKG_TIDP_Rev 01.xlsx,TIDP 410_Rev 02
420_PA_ThreeWayMotorisedControlValve_Flanged.rfa,420_PA,HKG,Heating Revit Family,.rfa,MEP,DIG,2,18/06/2026,24/06/2026,30/06/2026,06/07/2026,DCMvn_HKG_TIDP_Rev 01.xlsx,TIDP 410_Rev 02
420_PA_ThreeWayMotorisedControlValve_Thread.rfa,420_PA,HKG,Heating Revit Family,.rfa,MEP,DIG,2,18/06/2026,24/06/2026,30/06/2026,06/07/2026,DCMvn_HKG_TIDP_Rev 01.xlsx,TIDP 410_Rev 02
420_PA_ThreeWayvalve_Flanged_Standard.rfa,420_PA,HKG,Heating Revit Family,.rfa,MEP,DIG,2,18/06/2026,24/06/2026,30/06/2026,06/07/2026,DCMvn_HKG_TIDP_Rev 01.xlsx,TIDP 410_Rev 02
420_PA_ThreeWayvalve_Thread_Standard.rfa,420_PA,HKG,Heating Revit Family,.rfa,MEP,DIG,2,18/06/2026,24/06/2026,30/06/2026,06/07/2026,DCMvn_HKG_TIDP_Rev 01.xlsx,TIDP 410_Rev 02
420_PA_WaferCheckValve_Flanged_Standard.rfa,420_PA,HKG,Heating Revit Family,.rfa,MEP,DIG,2,18/06/2026,24/06/2026,30/06/2026,06/07/2026,DCMvn_HKG_TIDP_Rev 01.xlsx,TIDP 410_Rev 02
420_PA_WaterMeter_Flanged.rfa,420_PA,HKG,Heating Revit Family,.rfa,MEP,DIG,2,18/06/2026,24/06/2026,30/06/2026,06/07/2026,DCMvn_HKG_TIDP_Rev 01.xlsx,TIDP 410_Rev 02
420_PA_WaterMeter_Flanged_Standard.rfa,420_PA,HKG,Heating Revit Family,.rfa,MEP,DIG,2,18/06/2026,24/06/2026,30/06/2026,06/07/2026,DCMvn_HKG_TIDP_Rev 01.xlsx,TIDP 410_Rev 02
420_PA_WaterMeter_Threaded.rfa,420_PA,HKG,Heating Revit Family,.rfa,MEP,DIG,2,18/06/2026,24/06/2026,30/06/2026,06/07/2026,DCMvn_HKG_TIDP_Rev 01.xlsx,TIDP 410_Rev 02
420_PA_WaterMeter_Threaded_Standard.rfa,420_PA,HKG,Heating Revit Family,.rfa,MEP,DIG,2,18/06/2026,24/06/2026,30/06/2026,06/07/2026,DCMvn_HKG_TIDP_Rev 01.xlsx,TIDP 410_Rev 02
420_PA_YStrainer_Flanged.rfa,420_PA,HKG,Heating Revit Family,.rfa,MEP,DIG,2,18/06/2026,24/06/2026,30/06/2026,06/07/2026,DCMvn_HKG_TIDP_Rev 01.xlsx,TIDP 410_Rev 02
420_PA_YStrainer_Thread.rfa,420_PA,HKG,Heating Revit Family,.rfa,MEP,DIG,2,18/06/2026,24/06/2026,30/06/2026,06/07/2026,DCMvn_HKG_TIDP_Rev 01.xlsx,TIDP 410_Rev 02
420_PA_YStrainerValve_Flanged_Standard.rfa,420_PA,HKG,Heating Revit Family,.rfa,MEP,DIG,2,18/06/2026,24/06/2026,30/06/2026,06/07/2026,DCMvn_HKG_TIDP_Rev 01.xlsx,TIDP 410_Rev 02
420_PA_YStrainerValve_Thread_Standard.rfa,420_PA,HKG,Heating Revit Family,.rfa,MEP,DIG,2,18/06/2026,24/06/2026,30/06/2026,06/07/2026,DCMvn_HKG_TIDP_Rev 01.xlsx,TIDP 410_Rev 02
420_PF_Brass_ThreeWayEqualTee_Compression.rfa,420_PF,HKG,Heating Revit Family,.rfa,MEP,DIG,1,08/06/2026,12/06/2026,18/06/2026,24/06/2026,DCMvn_HKG_TIDP_Rev 01.xlsx,TIDP 410_Rev 02
420_PF_CO_cCap_Soldered.rfa,420_PF,HKG,Heating Revit Family,.rfa,MEP,DIG,1,08/06/2026,12/06/2026,18/06/2026,24/06/2026,DCMvn_HKG_TIDP_Rev 01.xlsx,TIDP 410_Rev 02
420_PF_CO_eElbow_Soldered.rfa,420_PF,HKG,Heating Revit Family,.rfa,MEP,DIG,1,08/06/2026,12/06/2026,18/06/2026,24/06/2026,DCMvn_HKG_TIDP_Rev 01.xlsx,TIDP 410_Rev 02
420_PF_CO_rReducer_Soldered.rfa,420_PF,HKG,Heating Revit Family,.rfa,MEP,DIG,1,08/06/2026,12/06/2026,18/06/2026,24/06/2026,DCMvn_HKG_TIDP_Rev 01.xlsx,TIDP 410_Rev 02
420_PF_CO_tTee_Soldered.rfa,420_PF,HKG,Heating Revit Family,.rfa,MEP,DIG,1,08/06/2026,12/06/2026,18/06/2026,24/06/2026,DCMvn_HKG_TIDP_Rev 01.xlsx,TIDP 410_Rev 02
420_PF_CO_uUnion_Soldered.rfa,420_PF,HKG,Heating Revit Family,.rfa,MEP,DIG,1,08/06/2026,12/06/2026,18/06/2026,24/06/2026,DCMvn_HKG_TIDP_Rev 01.xlsx,TIDP 410_Rev 02
420_PF_CO_xCross_Soldered.rfa,420_PF,HKG,Heating Revit Family,.rfa,MEP,DIG,1,08/06/2026,12/06/2026,18/06/2026,24/06/2026,DCMvn_HKG_TIDP_Rev 01.xlsx,TIDP 410_Rev 02
420_PF_Copper_Elbow.rfa,420_PF,HKG,Heating Revit Family,.rfa,MEP,DIG,1,08/06/2026,12/06/2026,18/06/2026,24/06/2026,DCMvn_HKG_TIDP_Rev 01.xlsx,TIDP 410_Rev 02
420_PF_CS_cCap_Welded.rfa,420_PF,HKG,Heating Revit Family,.rfa,MEP,DIG,1,08/06/2026,12/06/2026,18/06/2026,24/06/2026,DCMvn_HKG_TIDP_Rev 01.xlsx,TIDP 410_Rev 02
420_PF_CS_eElbow_Welded.rfa,420_PF,HKG,Heating Revit Family,.rfa,MEP,DIG,1,08/06/2026,12/06/2026,18/06/2026,24/06/2026,DCMvn_HKG_TIDP_Rev 01.xlsx,TIDP 410_Rev 02
420_PF_CS_fConnectionFlanged_Welded.rfa,420_PF,HKG,Heating Revit Family,.rfa,MEP,DIG,1,08/06/2026,12/06/2026,18/06/2026,24/06/2026,DCMvn_HKG_TIDP_Rev 01.xlsx,TIDP 410_Rev 02
420_PF_CS_rReducer_Welded.rfa,420_PF,HKG,Heating Revit Family,.rfa,MEP,DIG,1,08/06/2026,12/06/2026,18/06/2026,24/06/2026,DCMvn_HKG_TIDP_Rev 01.xlsx,TIDP 410_Rev 02
420_PF_CS_sTap_Welded.rfa,420_PF,HKG,Heating Revit Family,.rfa,MEP,DIG,1,08/06/2026,12/06/2026,18/06/2026,24/06/2026,DCMvn_HKG_TIDP_Rev 01.xlsx,TIDP 410_Rev 02
420_PF_CS_tTee_Welded.rfa,420_PF,HKG,Heating Revit Family,.rfa,MEP,DIG,1,08/06/2026,12/06/2026,18/06/2026,24/06/2026,DCMvn_HKG_TIDP_Rev 01.xlsx,TIDP 410_Rev 02
420_PF_CS_uUnion_Welded.rfa,420_PF,HKG,Heating Revit Family,.rfa,MEP,DIG,1,08/06/2026,12/06/2026,18/06/2026,24/06/2026,DCMvn_HKG_TIDP_Rev 01.xlsx,TIDP 410_Rev 02
420_PF_CS_xCross_Welded.rfa,420_PF,HKG,Heating Revit Family,.rfa,MEP,DIG,1,08/06/2026,12/06/2026,18/06/2026,24/06/2026,DCMvn_HKG_TIDP_Rev 01.xlsx,TIDP 410_Rev 02
420_PF_MapressCarbonSteel_Cap_SlipJoin.rfa,420_PF,HKG,Heating Revit Family,.rfa,MEP,DIG,1,08/06/2026,12/06/2026,18/06/2026,24/06/2026,DCMvn_HKG_TIDP_Rev 01.xlsx,TIDP 410_Rev 02
420_PF_MapressCarbonSteel_Cross_SlipJoin.rfa,420_PF,HKG,Heating Revit Family,.rfa,MEP,DIG,1,08/06/2026,12/06/2026,18/06/2026,24/06/2026,DCMvn_HKG_TIDP_Rev 01.xlsx,TIDP 410_Rev 02
420_PF_MapressCarbonSteel_Elbow_SlipJoin.rfa,420_PF,HKG,Heating Revit Family,.rfa,MEP,DIG,1,08/06/2026,12/06/2026,18/06/2026,24/06/2026,DCMvn_HKG_TIDP_Rev 01.xlsx,TIDP 410_Rev 02
420_PF_MapressCarbonSteel_FlangeAdaptor_SlipJoin.rfa,420_PF,HKG,Heating Revit Family,.rfa,MEP,DIG,1,08/06/2026,12/06/2026,18/06/2026,24/06/2026,DCMvn_HKG_TIDP_Rev 01.xlsx,TIDP 410_Rev 02
420_PF_MapressCarbonSteel_SocketAdaptor_SlipJoin.rfa,420_PF,HKG,Heating Revit Family,.rfa,MEP,DIG,1,08/06/2026,12/06/2026,18/06/2026,24/06/2026,DCMvn_HKG_TIDP_Rev 01.xlsx,TIDP 410_Rev 02
420_PF_MapressCarbonSteel_SocketFlangeAdaptor_SlipJoin.rfa,420_PF,HKG,Heating Revit Family,.rfa,MEP,DIG,1,08/06/2026,12/06/2026,18/06/2026,24/06/2026,DCMvn_HKG_TIDP_Rev 01.xlsx,TIDP 410_Rev 02
420_PF_MapressCarbonSteel_Tee_SlipJoin.rfa,420_PF,HKG,Heating Revit Family,.rfa,MEP,DIG,1,08/06/2026,12/06/2026,18/06/2026,24/06/2026,DCMvn_HKG_TIDP_Rev 01.xlsx,TIDP 410_Rev 02
420_PF_MapressCarbonSteel_Transition_SlipJoin.rfa,420_PF,HKG,Heating Revit Family,.rfa,MEP,DIG,1,08/06/2026,12/06/2026,18/06/2026,24/06/2026,DCMvn_HKG_TIDP_Rev 01.xlsx,TIDP 410_Rev 02
420_PF_MapressCarbonSteel_Union_SlipJoin.rfa,420_PF,HKG,Heating Revit Family,.rfa,MEP,DIG,1,08/06/2026,12/06/2026,18/06/2026,24/06/2026,DCMvn_HKG_TIDP_Rev 01.xlsx,TIDP 410_Rev 02
420_PF_PE_eElbow.rfa,420_PF,HKG,Heating Revit Family,.rfa,MEP,DIG,1,08/06/2026,12/06/2026,18/06/2026,24/06/2026,DCMvn_HKG_TIDP_Rev 01.xlsx,TIDP 410_Rev 02
434_ME_ FanCoilUnit_CeilingPlemun_ Standard.rfa,434_ME,HKG,Cooling Revit Family,.rfa,MEP,DIG,4,10/07/2026,16/07/2026,22/07/2026,28/07/2026,DCMvn_HKG_TIDP_Rev 01.xlsx,TIDP 410_Rev 02
434_ME_AirCooledChillers_30AWH.rfa,434_ME,HKG,Cooling Revit Family,.rfa,MEP,DIG,4,10/07/2026,16/07/2026,22/07/2026,28/07/2026,DCMvn_HKG_TIDP_Rev 01.xlsx,TIDP 410_Rev 02
434_ME_AirCooledCondensingUnits_38RBS_2Pipes.rfa,434_ME,HKG,Cooling Revit Family,.rfa,MEP,DIG,4,10/07/2026,16/07/2026,22/07/2026,28/07/2026,DCMvn_HKG_TIDP_Rev 01.xlsx,TIDP 410_Rev 02
434_ME_AirCooledCondensingUnits_38RBS_4Pipes.rfa,434_ME,HKG,Cooling Revit Family,.rfa,MEP,DIG,4,10/07/2026,16/07/2026,22/07/2026,28/07/2026,DCMvn_HKG_TIDP_Rev 01.xlsx,TIDP 410_Rev 02
434_ME_AirCooledCondensingUnits_38RBS_LeftConnector.rfa,434_ME,HKG,Cooling Revit Family,.rfa,MEP,DIG,4,10/07/2026,16/07/2026,22/07/2026,28/07/2026,DCMvn_HKG_TIDP_Rev 01.xlsx,TIDP 410_Rev 02
434_ME_AirCooledLiquidChillers_30RB.rfa,434_ME,HKG,Cooling Revit Family,.rfa,MEP,DIG,4,10/07/2026,16/07/2026,22/07/2026,28/07/2026,DCMvn_HKG_TIDP_Rev 01.xlsx,TIDP 410_Rev 02
434_ME_AirCooledLiquidChillers_30RBS.rfa,434_ME,HKG,Cooling Revit Family,.rfa,MEP,DIG,4,10/07/2026,16/07/2026,22/07/2026,28/07/2026,DCMvn_HKG_TIDP_Rev 01.xlsx,TIDP 410_Rev 02
434_ME_AirCooledLiquidChillers_30XA.rfa,434_ME,HKG,Cooling Revit Family,.rfa,MEP,DIG,4,10/07/2026,16/07/2026,22/07/2026,28/07/2026,DCMvn_HKG_TIDP_Rev 01.xlsx,TIDP 410_Rev 02
434_ME_AirCooledLiquidChillers_30XAS.rfa,434_ME,HKG,Cooling Revit Family,.rfa,MEP,DIG,4,10/07/2026,16/07/2026,22/07/2026,28/07/2026,DCMvn_HKG_TIDP_Rev 01.xlsx,TIDP 410_Rev 02
434_ME_AirCooledLiquidChillers_30XAV.rfa,434_ME,HKG,Cooling Revit Family,.rfa,MEP,DIG,4,10/07/2026,16/07/2026,22/07/2026,28/07/2026,DCMvn_HKG_TIDP_Rev 01.xlsx,TIDP 410_Rev 02
434_ME_AirCooledLiquidChillers_HeatReclaimUnit30XAS.rfa,434_ME,HKG,Cooling Revit Family,.rfa,MEP,DIG,4,10/07/2026,16/07/2026,22/07/2026,28/07/2026,DCMvn_HKG_TIDP_Rev 01.xlsx,TIDP 410_Rev 02
434_ME_AirCooledScrollChillers_30RBP.rfa,434_ME,HKG,Cooling Revit Family,.rfa,MEP,DIG,4,10/07/2026,16/07/2026,22/07/2026,28/07/2026,DCMvn_HKG_TIDP_Rev 01.xlsx,TIDP 410_Rev 02
434_ME_CirculatorPump_CronoTwinDL.rfa,434_ME,HKG,Cooling Revit Family,.rfa,MEP,DIG,4,10/07/2026,16/07/2026,22/07/2026,28/07/2026,DCMvn_HKG_TIDP_Rev 01.xlsx,TIDP 410_Rev 02
434_ME_ConvectionElementsCeillings_CeilingMounted_KN.rfa,434_ME,HKG,Cooling Revit Family,.rfa,MEP,DIG,4,10/07/2026,16/07/2026,22/07/2026,28/07/2026,DCMvn_HKG_TIDP_Rev 01.xlsx,TIDP 410_Rev 02
434_ME_Convector_UnderFloorTrench_Standard.rfa,434_ME,HKG,Cooling Revit Family,.rfa,MEP,DIG,5,22/07/2026,28/07/2026,03/08/2026,07/08/2026,DCMvn_HKG_TIDP_Rev 01.xlsx,TIDP 410_Rev 02
434_ME_CyclonicVacuumDegasser_VentoVEC.rfa,434_ME,HKG,Cooling Revit Family,.rfa,MEP,DIG,5,22/07/2026,28/07/2026,03/08/2026,07/08/2026,DCMvn_HKG_TIDP_Rev 01.xlsx,TIDP 410_Rev 02
434_ME_CyclonicVacuumDegasser_VentoVIEC.rfa,434_ME,HKG,Cooling Revit Family,.rfa,MEP,DIG,5,22/07/2026,28/07/2026,03/08/2026,07/08/2026,DCMvn_HKG_TIDP_Rev 01.xlsx,TIDP 410_Rev 02
434_ME_DegassingSystem.rfa,434_ME,HKG,Cooling Revit Family,.rfa,MEP,DIG,5,22/07/2026,28/07/2026,03/08/2026,07/08/2026,DCMvn_HKG_TIDP_Rev 01.xlsx,TIDP 410_Rev 02
434_ME_Ductableaircooledliquidchillers_30RBSY_LeftConnection.rfa,434_ME,HKG,Cooling Revit Family,.rfa,MEP,DIG,5,22/07/2026,28/07/2026,03/08/2026,07/08/2026,DCMvn_HKG_TIDP_Rev 01.xlsx,TIDP 410_Rev 02
434_ME_DuctableAirCooledLiquidChillers_30RBY.rfa,434_ME,HKG,Cooling Revit Family,.rfa,MEP,DIG,5,22/07/2026,28/07/2026,03/08/2026,07/08/2026,DCMvn_HKG_TIDP_Rev 01.xlsx,TIDP 410_Rev 02
434_ME_DuctableAirCooledLiquidChillers_BehindConnection_30RBSY.rfa,434_ME,HKG,Cooling Revit Family,.rfa,MEP,DIG,5,22/07/2026,28/07/2026,03/08/2026,07/08/2026,DCMvn_HKG_TIDP_Rev 01.xlsx,TIDP 410_Rev 02
434_ME_EndSuctionPump_Standard.rfa,434_ME,HKG,Cooling Revit Family,.rfa,MEP,DIG,5,22/07/2026,28/07/2026,03/08/2026,07/08/2026,DCMvn_HKG_TIDP_Rev 01.xlsx,TIDP 410_Rev 02
434_ME_ExpansionVessel_IntermediateDD.rfa,434_ME,HKG,Cooling Revit Family,.rfa,MEP,DIG,5,22/07/2026,28/07/2026,03/08/2026,07/08/2026,DCMvn_HKG_TIDP_Rev 01.xlsx,TIDP 410_Rev 02
434_ME_ExpansionVessel_IntermediateDG.rfa,434_ME,HKG,Cooling Revit Family,.rfa,MEP,DIG,5,22/07/2026,28/07/2026,03/08/2026,07/08/2026,DCMvn_HKG_TIDP_Rev 01.xlsx,TIDP 410_Rev 02
434_ME_ExpansionVessel_IntermediateDU.rfa,434_ME,HKG,Cooling Revit Family,.rfa,MEP,DIG,5,22/07/2026,28/07/2026,03/08/2026,07/08/2026,DCMvn_HKG_TIDP_Rev 01.xlsx,TIDP 410_Rev 02
434_ME_ExpansionVessel_Standard.rfa,434_ME,HKG,Cooling Revit Family,.rfa,MEP,DIG,5,22/07/2026,28/07/2026,03/08/2026,07/08/2026,DCMvn_HKG_TIDP_Rev 01.xlsx,TIDP 410_Rev 02
434_ME_ExpansionVessel_StaticoSD.rfa,434_ME,HKG,Cooling Revit Family,.rfa,MEP,DIG,5,22/07/2026,28/07/2026,03/08/2026,07/08/2026,DCMvn_HKG_TIDP_Rev 01.xlsx,TIDP 410_Rev 02
434_ME_ExpansionVessel_StaticoSG.rfa,434_ME,HKG,Cooling Revit Family,.rfa,MEP,DIG,5,22/07/2026,28/07/2026,03/08/2026,07/08/2026,DCMvn_HKG_TIDP_Rev 01.xlsx,TIDP 410_Rev 02
434_ME_ExpansionVessel_StaticoSU.rfa,434_ME,HKG,Cooling Revit Family,.rfa,MEP,DIG,5,22/07/2026,28/07/2026,03/08/2026,07/08/2026,DCMvn_HKG_TIDP_Rev 01.xlsx,TIDP 410_Rev 02
434_ME_FanCoilUnit_AirTreatmentModules42GM2Pipes.rfa,434_ME,HKG,Cooling Revit Family,.rfa,MEP,DIG,5,22/07/2026,28/07/2026,03/08/2026,07/08/2026,DCMvn_HKG_TIDP_Rev 01.xlsx,TIDP 410_Rev 02
434_ME_FanCoilUnit_AirTreatmentModules42GM4Pipes.rfa,434_ME,HKG,Cooling Revit Family,.rfa,MEP,DIG,5,22/07/2026,28/07/2026,03/08/2026,07/08/2026,DCMvn_HKG_TIDP_Rev 01.xlsx,TIDP 410_Rev 02
434_ME_FanCoilUnit_AirTreatmentModules42GR2Pipes.rfa,434_ME,HKG,Cooling Revit Family,.rfa,MEP,DIG,5,22/07/2026,28/07/2026,03/08/2026,07/08/2026,DCMvn_HKG_TIDP_Rev 01.xlsx,TIDP 410_Rev 02
434_ME_FanCoilUnit_AirTreatmentModules42GR4Pipes.rfa,434_ME,HKG,Cooling Revit Family,.rfa,MEP,DIG,5,22/07/2026,28/07/2026,03/08/2026,07/08/2026,DCMvn_HKG_TIDP_Rev 01.xlsx,TIDP 410_Rev 02
434_ME_FanCoilUnit_CeilingCassette_2pipes&42GW.rfa,434_ME,HKG,Cooling Revit Family,.rfa,MEP,DIG,5,22/07/2026,28/07/2026,03/08/2026,07/08/2026,DCMvn_HKG_TIDP_Rev 01.xlsx,TIDP 410_Rev 02
434_ME_FanCoilUnit_CeilingCassette_Standard.rfa,434_ME,HKG,Cooling Revit Family,.rfa,MEP,DIG,5,22/07/2026,28/07/2026,03/08/2026,07/08/2026,DCMvn_HKG_TIDP_Rev 01.xlsx,TIDP 410_Rev 02
434_ME_Fancoilunit_CeilingMounted_4wayblowcassetteFWFBF4pipes.rfa,434_ME,HKG,Cooling Revit Family,.rfa,MEP,DIG,5,22/07/2026,28/07/2026,03/08/2026,07/08/2026,DCMvn_HKG_TIDP_Rev 01.xlsx,TIDP 410_Rev 02
434_ME_FanCoilUnit_CeilingMounted_4WayBlowCassetteFWFBT2Pipes.rfa,434_ME,HKG,Cooling Revit Family,.rfa,MEP,DIG,5,22/07/2026,28/07/2026,03/08/2026,07/08/2026,DCMvn_HKG_TIDP_Rev 01.xlsx,TIDP 410_Rev 02
434_ME_FanCoilUnit_CeilingMounted_4WayBlowCassetteFWFCT2Pipes.rfa,434_ME,HKG,Cooling Revit Family,.rfa,MEP,DIG,5,22/07/2026,28/07/2026,03/08/2026,07/08/2026,DCMvn_HKG_TIDP_Rev 01.xlsx,TIDP 410_Rev 02
434_ME_FanCoilUnit_CeilingMounted_CompactChassis42GW4Pipes.rfa,434_ME,HKG,Cooling Revit Family,.rfa,MEP,DIG,5,22/07/2026,28/07/2026,03/08/2026,07/08/2026,DCMvn_HKG_TIDP_Rev 01.xlsx,TIDP 410_Rev 02
434_ME_FanCoilUnit_CeilingMounted_HybridTerminal36XB.rfa,434_ME,HKG,Cooling Revit Family,.rfa,MEP,DIG,5,22/07/2026,28/07/2026,03/08/2026,07/08/2026,DCMvn_HKG_TIDP_Rev 01.xlsx,TIDP 410_Rev 02
434_ME_FanCoilUnit_CeilingMounted_HydronicDucted42DWC2Pipe.rfa,434_ME,HKG,Cooling Revit Family,.rfa,MEP,DIG,5,22/07/2026,28/07/2026,03/08/2026,07/08/2026,DCMvn_HKG_TIDP_Rev 01.xlsx,TIDP 410_Rev 02
434_ME_FanCoilUnit_CeilingMounted_HydronicDucted42DWC4Pipe.rfa,434_ME,HKG,Cooling Revit Family,.rfa,MEP,DIG,5,22/07/2026,28/07/2026,03/08/2026,07/08/2026,DCMvn_HKG_TIDP_Rev 01.xlsx,TIDP 410_Rev 02
434_ME_FanCoilUnit_CeilingMounted_HydronicDucted42DWD2Pipe.rfa,434_ME,HKG,Cooling Revit Family,.rfa,MEP,DIG,5,22/07/2026,28/07/2026,03/08/2026,07/08/2026,DCMvn_HKG_TIDP_Rev 01.xlsx,TIDP 410_Rev 02
434_ME_FanCoilUnit_CeilingMounted_HydronicDucted42NH2Pipe.rfa,434_ME,HKG,Cooling Revit Family,.rfa,MEP,DIG,5,22/07/2026,28/07/2026,03/08/2026,07/08/2026,DCMvn_HKG_TIDP_Rev 01.xlsx,TIDP 410_Rev 02
434_ME_FanCoilUnit_CeilingMounted_HydronicDucted42NH4Pipe.rfa,434_ME,HKG,Cooling Revit Family,.rfa,MEP,DIG,5,22/07/2026,28/07/2026,03/08/2026,07/08/2026,DCMvn_HKG_TIDP_Rev 01.xlsx,TIDP 410_Rev 02
434_ME_FanCoilUnit_CeilingMounted_LargeChassis42GW4Pipes.rfa,434_ME,HKG,Cooling Revit Family,.rfa,MEP,DIG,5,22/07/2026,28/07/2026,03/08/2026,07/08/2026,DCMvn_HKG_TIDP_Rev 01.xlsx,TIDP 410_Rev 02
434_ME_Fancoilunit_CeilingMounted_RoundflowcassetteFWCBF4pipes.rfa,434_ME,HKG,Cooling Revit Family,.rfa,MEP,DIG,5,22/07/2026,28/07/2026,03/08/2026,07/08/2026,DCMvn_HKG_TIDP_Rev 01.xlsx,TIDP 410_Rev 02
434_ME_Fancoilunit_CeilingMounted_RoundflowcassetteFWCBT2pipes.rfa,434_ME,HKG,Cooling Revit Family,.rfa,MEP,DIG,5,22/07/2026,28/07/2026,03/08/2026,07/08/2026,DCMvn_HKG_TIDP_Rev 01.xlsx,TIDP 410_Rev 02
434_ME_FanCoilUnit_CeilingMounted_Standard.rfa,434_ME,HKG,Cooling Revit Family,.rfa,MEP,DIG,5,22/07/2026,28/07/2026,03/08/2026,07/08/2026,DCMvn_HKG_TIDP_Rev 01.xlsx,TIDP 410_Rev 02
434_ME_FanCoilUnit_CeilingPlenum_FWBJF4pipe.rfa,434_ME,HKG,Cooling Revit Family,.rfa,MEP,DIG,5,22/07/2026,28/07/2026,03/08/2026,07/08/2026,DCMvn_HKG_TIDP_Rev 01.xlsx,TIDP 410_Rev 02
434_ME_FanCoilUnit_CeilingPlenum_FWBJT2pipe.rfa,434_ME,HKG,Cooling Revit Family,.rfa,MEP,DIG,5,22/07/2026,28/07/2026,03/08/2026,07/08/2026,DCMvn_HKG_TIDP_Rev 01.xlsx,TIDP 410_Rev 02
434_ME_FanCoilUnit_CeilingPlenum_FWDAF4pipe.rfa,434_ME,HKG,Cooling Revit Family,.rfa,MEP,DIG,5,22/07/2026,28/07/2026,03/08/2026,07/08/2026,DCMvn_HKG_TIDP_Rev 01.xlsx,TIDP 410_Rev 02
434_ME_FanCoilUnit_CeilingPlenum_FWDAT2pipe.rfa,434_ME,HKG,Cooling Revit Family,.rfa,MEP,DIG,5,22/07/2026,28/07/2026,03/08/2026,07/08/2026,DCMvn_HKG_TIDP_Rev 01.xlsx,TIDP 410_Rev 02
434_ME_FanCoilUnit_CeilingPlenum_FWMDF4pipe.rfa,434_ME,HKG,Cooling Revit Family,.rfa,MEP,DIG,5,22/07/2026,28/07/2026,03/08/2026,07/08/2026,DCMvn_HKG_TIDP_Rev 01.xlsx,TIDP 410_Rev 02
434_ME_FanCoilUnit_CeilingPlenum_FWMDT2pipe.rfa,434_ME,HKG,Cooling Revit Family,.rfa,MEP,DIG,5,22/07/2026,28/07/2026,03/08/2026,07/08/2026,DCMvn_HKG_TIDP_Rev 01.xlsx,TIDP 410_Rev 02
434_ME_FanCoilUnit_CeilingPlenum_FWSAF4pipe.rfa,434_ME,HKG,Cooling Revit Family,.rfa,MEP,DIG,5,22/07/2026,28/07/2026,03/08/2026,07/08/2026,DCMvn_HKG_TIDP_Rev 01.xlsx,TIDP 410_Rev 02
434_ME_FanCoilUnit_CeilingPlenum_FWSAT2pipe.rfa,434_ME,HKG,Cooling Revit Family,.rfa,MEP,DIG,5,22/07/2026,28/07/2026,03/08/2026,07/08/2026,DCMvn_HKG_TIDP_Rev 01.xlsx,TIDP 410_Rev 02
434_ME_FanCoilUnit_CeilingPlenum_HorizontalCabinet42NE2Pipe.rfa,434_ME,HKG,Cooling Revit Family,.rfa,MEP,DIG,5,22/07/2026,28/07/2026,03/08/2026,07/08/2026,DCMvn_HKG_TIDP_Rev 01.xlsx,TIDP 410_Rev 02
434_ME_FanCoilUnit_CeilingPlenum_HorizontalCabinet42NE4Pipe.rfa,434_ME,HKG,Cooling Revit Family,.rfa,MEP,DIG,5,22/07/2026,28/07/2026,03/08/2026,07/08/2026,DCMvn_HKG_TIDP_Rev 01.xlsx,TIDP 410_Rev 02
434_ME_FanCoilUnit_CeilingPlenum_HorizontalCabinet42NS2Pipe.rfa,434_ME,HKG,Cooling Revit Family,.rfa,MEP,DIG,5,22/07/2026,28/07/2026,03/08/2026,07/08/2026,DCMvn_HKG_TIDP_Rev 01.xlsx,TIDP 410_Rev 02
434_ME_FanCoilUnit_CeilingPlenum_HorizontalCabinet42NS4Pipe.rfa,434_ME,HKG,Cooling Revit Family,.rfa,MEP,DIG,5,22/07/2026,28/07/2026,03/08/2026,07/08/2026,DCMvn_HKG_TIDP_Rev 01.xlsx,TIDP 410_Rev 02
434_ME_FanCoilUnit_CeilingPlenum_HydronicDucted42EM2PipeSize0x.rfa,434_ME,HKG,Cooling Revit Family,.rfa,MEP,DIG,5,22/07/2026,28/07/2026,03/08/2026,07/08/2026,DCMvn_HKG_TIDP_Rev 01.xlsx,TIDP 410_Rev 02
434_ME_FanCoilUnit_CeilingPlenum_HydronicDucted42EM2PipeSize1x.rfa,434_ME,HKG,Cooling Revit Family,.rfa,MEP,DIG,5,22/07/2026,28/07/2026,03/08/2026,07/08/2026,DCMvn_HKG_TIDP_Rev 01.xlsx,TIDP 410_Rev 02
434_ME_FanCoilUnit_CeilingPlenum_HydronicDucted42EM2PipeSize2x&3x.rfa,434_ME,HKG,Cooling Revit Family,.rfa,MEP,DIG,5,22/07/2026,28/07/2026,03/08/2026,07/08/2026,DCMvn_HKG_TIDP_Rev 01.xlsx,TIDP 410_Rev 02
434_ME_FanCoilUnit_CeilingPlenum_HydronicDucted42EM4PipeSize0x.rfa,434_ME,HKG,Cooling Revit Family,.rfa,MEP,DIG,5,22/07/2026,28/07/2026,03/08/2026,07/08/2026,DCMvn_HKG_TIDP_Rev 01.xlsx,TIDP 410_Rev 02
434_ME_FanCoilUnit_CeilingPlenum_HydronicDucted42EM4PipeSize1x.rfa,434_ME,HKG,Cooling Revit Family,.rfa,MEP,DIG,5,22/07/2026,28/07/2026,03/08/2026,07/08/2026,DCMvn_HKG_TIDP_Rev 01.xlsx,TIDP 410_Rev 02
434_ME_FanCoilUnit_CeilingPlenum_HydronicDucted42EM4PipeSize2x&3x.rfa,434_ME,HKG,Cooling Revit Family,.rfa,MEP,DIG,5,22/07/2026,28/07/2026,03/08/2026,07/08/2026,DCMvn_HKG_TIDP_Rev 01.xlsx,TIDP 410_Rev 02
434_ME_FanCoilUnit_CeilingPlenum_Ultra.rfa,434_ME,HKG,Cooling Revit Family,.rfa,MEP,DIG,5,22/07/2026,28/07/2026,03/08/2026,07/08/2026,DCMvn_HKG_TIDP_Rev 01.xlsx,TIDP 410_Rev 02
434_ME_FanCoilUnit_ConcealedCeiling_42BJ2Pipes.rfa,434_ME,HKG,Cooling Revit Family,.rfa,MEP,DIG,5,22/07/2026,28/07/2026,03/08/2026,07/08/2026,DCMvn_HKG_TIDP_Rev 01.xlsx,TIDP 410_Rev 02
434_ME_FanCoilUnit_ConcealedCeiling_42BJ4Pipes.rfa,434_ME,HKG,Cooling Revit Family,.rfa,MEP,DIG,5,22/07/2026,28/07/2026,03/08/2026,07/08/2026,DCMvn_HKG_TIDP_Rev 01.xlsx,TIDP 410_Rev 02
434_ME_FanCoilUnit_FlexiTypeUnitFWLDAF4Pipes.rfa,434_ME,HKG,Cooling Revit Family,.rfa,MEP,DIG,5,22/07/2026,28/07/2026,03/08/2026,07/08/2026,DCMvn_HKG_TIDP_Rev 01.xlsx,TIDP 410_Rev 02
434_ME_FanCoilUnit_FlexiTypeUnitFWLDAT2Pipes.rfa,434_ME,HKG,Cooling Revit Family,.rfa,MEP,DIG,5,22/07/2026,28/07/2026,03/08/2026,07/08/2026,DCMvn_HKG_TIDP_Rev 01.xlsx,TIDP 410_Rev 02
434_ME_FanCoilUnit_FloorStanding_FWVDAF4Pipes.rfa,434_ME,HKG,Cooling Revit Family,.rfa,MEP,DIG,5,22/07/2026,28/07/2026,03/08/2026,07/08/2026,DCMvn_HKG_TIDP_Rev 01.xlsx,TIDP 410_Rev 02
434_ME_FanCoilUnit_FloorStanding_FWVDAT2Pipes.rfa,434_ME,HKG,Cooling Revit Family,.rfa,MEP,DIG,5,22/07/2026,28/07/2026,03/08/2026,07/08/2026,DCMvn_HKG_TIDP_Rev 01.xlsx,TIDP 410_Rev 02
434_ME_FanCoilUnit_UnderFloorTrench_KathermHK2Pipe.rfa,434_ME,HKG,Cooling Revit Family,.rfa,MEP,DIG,5,22/07/2026,28/07/2026,03/08/2026,07/08/2026,DCMvn_HKG_TIDP_Rev 01.xlsx,TIDP 410_Rev 02
434_ME_FanCoilUnit_UnderFloorTrench_KathermHK4Pipe.rfa,434_ME,HKG,Cooling Revit Family,.rfa,MEP,DIG,5,22/07/2026,28/07/2026,03/08/2026,07/08/2026,DCMvn_HKG_TIDP_Rev 01.xlsx,TIDP 410_Rev 02
434_ME_FanCoilUnit_UnderFloorTrench_KathermHKE.rfa,434_ME,HKG,Cooling Revit Family,.rfa,MEP,DIG,5,22/07/2026,28/07/2026,03/08/2026,07/08/2026,DCMvn_HKG_TIDP_Rev 01.xlsx,TIDP 410_Rev 02
434_ME_FanCoilUnit_UnderFloorTrench_KathermID.rfa,434_ME,HKG,Cooling Revit Family,.rfa,MEP,DIG,5,22/07/2026,28/07/2026,03/08/2026,07/08/2026,DCMvn_HKG_TIDP_Rev 01.xlsx,TIDP 410_Rev 02
434_ME_FanCoilUnit_WallMounted_FWBBT2pipe.rfa,434_ME,HKG,Cooling Revit Family,.rfa,MEP,DIG,5,22/07/2026,28/07/2026,03/08/2026,07/08/2026,DCMvn_HKG_TIDP_Rev 01.xlsx,TIDP 410_Rev 02
434_ME_FanCoilUnit_WallMounted_Standard.rfa,434_ME,HKG,Cooling Revit Family,.rfa,MEP,DIG,5,22/07/2026,28/07/2026,03/08/2026,07/08/2026,DCMvn_HKG_TIDP_Rev 01.xlsx,TIDP 410_Rev 02
434_ME_FillsoftI.rfa,434_ME,HKG,Cooling Revit Family,.rfa,MEP,DIG,5,22/07/2026,28/07/2026,03/08/2026,07/08/2026,DCMvn_HKG_TIDP_Rev 01.xlsx,TIDP 410_Rev 02
434_ME_FlatCompactDryCooler.rfa,434_ME,HKG,Cooling Revit Family,.rfa,MEP,DIG,5,22/07/2026,28/07/2026,03/08/2026,07/08/2026,DCMvn_HKG_TIDP_Rev 01.xlsx,TIDP 410_Rev 02
434_ME_HeatedAndChilledBaffleCeilings_CeilingMounted_L608.rfa,434_ME,HKG,Cooling Revit Family,.rfa,MEP,DIG,5,22/07/2026,28/07/2026,03/08/2026,07/08/2026,DCMvn_HKG_TIDP_Rev 01.xlsx,TIDP 410_Rev 02
434_ME_HeatedAndChilledCanopyCeilings_CeilingMounted_SD315.rfa,434_ME,HKG,Cooling Revit Family,.rfa,MEP,DIG,5,22/07/2026,28/07/2026,03/08/2026,07/08/2026,DCMvn_HKG_TIDP_Rev 01.xlsx,TIDP 410_Rev 02
434_ME_HeatedAndChilledCanopyCeilings_CeilingMounted_SD320.rfa,434_ME,HKG,Cooling Revit Family,.rfa,MEP,DIG,5,22/07/2026,28/07/2026,03/08/2026,07/08/2026,DCMvn_HKG_TIDP_Rev 01.xlsx,TIDP 410_Rev 02
434_ME_HeatedAndChilledCanopyCeilings_CeilingMounted_SDTabs125_NoSystem.rfa,434_ME,HKG,Cooling Revit Family,.rfa,MEP,DIG,5,22/07/2026,28/07/2026,03/08/2026,07/08/2026,DCMvn_HKG_TIDP_Rev 01.xlsx,TIDP 410_Rev 02
434_ME_HeatedAndChilledCanopyCeilings_CeilingMounted_SDTabs78_NoSystem.rfa,434_ME,HKG,Cooling Revit Family,.rfa,MEP,DIG,5,22/07/2026,28/07/2026,03/08/2026,07/08/2026,DCMvn_HKG_TIDP_Rev 01.xlsx,TIDP 410_Rev 02
434_ME_HeatedAndChilledCorridorCeilings_CeilingMounted_E312.rfa,434_ME,HKG,Cooling Revit Family,.rfa,MEP,DIG,5,22/07/2026,28/07/2026,03/08/2026,07/08/2026,DCMvn_HKG_TIDP_Rev 01.xlsx,TIDP 410_Rev 02
434_ME_HeatedAndChilledHookonCeilings_CeilingMounted_E200.rfa,434_ME,HKG,Cooling Revit Family,.rfa,MEP,DIG,5,22/07/2026,28/07/2026,03/08/2026,07/08/2026,DCMvn_HKG_TIDP_Rev 01.xlsx,TIDP 410_Rev 02
434_ME_HeatedAndChilledHookonCeilings_CeilingMounted_E210.rfa,434_ME,HKG,Cooling Revit Family,.rfa,MEP,DIG,5,22/07/2026,28/07/2026,03/08/2026,07/08/2026,DCMvn_HKG_TIDP_Rev 01.xlsx,TIDP 410_Rev 02
434_ME_HeatedAndChilledHookonCeilings_CeilingMounted_E213.rfa,434_ME,HKG,Cooling Revit Family,.rfa,MEP,DIG,5,22/07/2026,28/07/2026,03/08/2026,07/08/2026,DCMvn_HKG_TIDP_Rev 01.xlsx,TIDP 410_Rev 02
434_ME_HeatedAndChilledHookonCeilings_CeilingMounted_E214.rfa,434_ME,HKG,Cooling Revit Family,.rfa,MEP,DIG,5,22/07/2026,28/07/2026,03/08/2026,07/08/2026,DCMvn_HKG_TIDP_Rev 01.xlsx,TIDP 410_Rev 02
434_ME_HeatedAndChilledHybridCeilings_CeilingMounted_DSTAS.rfa,434_ME,HKG,Cooling Revit Family,.rfa,MEP,DIG,5,22/07/2026,28/07/2026,03/08/2026,07/08/2026,DCMvn_HKG_TIDP_Rev 01.xlsx,TIDP 410_Rev 02
434_ME_HeatedAndChilledPlasterboardCeilings_CeilingMounted_GKHEKDA2Pipes.rfa,434_ME,HKG,Cooling Revit Family,.rfa,MEP,DIG,5,22/07/2026,28/07/2026,03/08/2026,07/08/2026,DCMvn_HKG_TIDP_Rev 01.xlsx,TIDP 410_Rev 02
434_ME_HeatedAndChilledPostCapCeilings_CeilingMounted_B100.rfa,434_ME,HKG,Cooling Revit Family,.rfa,MEP,DIG,5,22/07/2026,28/07/2026,03/08/2026,07/08/2026,DCMvn_HKG_TIDP_Rev 01.xlsx,TIDP 410_Rev 02
434_ME_HeatedAndChilledPostCapCeilings_CeilingMounted_B100SD.rfa,434_ME,HKG,Cooling Revit Family,.rfa,MEP,DIG,5,22/07/2026,28/07/2026,03/08/2026,07/08/2026,DCMvn_HKG_TIDP_Rev 01.xlsx,TIDP 410_Rev 02
434_ME_HeatedAndChilledPostCapCeilings_CeilingMounted_B110.rfa,434_ME,HKG,Cooling Revit Family,.rfa,MEP,DIG,5,22/07/2026,28/07/2026,03/08/2026,07/08/2026,DCMvn_HKG_TIDP_Rev 01.xlsx,TIDP 410_Rev 02
434_ME_HeatedAndChilledPostCapCeilings_CeilingMounted_B147SD.rfa,434_ME,HKG,Cooling Revit Family,.rfa,MEP,DIG,5,22/07/2026,28/07/2026,03/08/2026,07/08/2026,DCMvn_HKG_TIDP_Rev 01.xlsx,TIDP 410_Rev 02
434_ME_HeatExchanger_Brazed&DoublePass&Flanged.rfa,434_ME,HKG,Cooling Revit Family,.rfa,MEP,DIG,5,22/07/2026,28/07/2026,03/08/2026,07/08/2026,DCMvn_HKG_TIDP_Rev 01.xlsx,TIDP 410_Rev 02
434_ME_HeatExchanger_Brazed_DoublePass.rfa,434_ME,HKG,Cooling Revit Family,.rfa,MEP,DIG,5,22/07/2026,28/07/2026,03/08/2026,07/08/2026,DCMvn_HKG_TIDP_Rev 01.xlsx,TIDP 410_Rev 02
434_ME_HeatExchanger_Brazed_SinglePass&Flanged.rfa,434_ME,HKG,Cooling Revit Family,.rfa,MEP,DIG,5,22/07/2026,28/07/2026,03/08/2026,07/08/2026,DCMvn_HKG_TIDP_Rev 01.xlsx,TIDP 410_Rev 02
434_ME_HeatExchanger_BrazedSinglePass&Thread.rfa,434_ME,HKG,Cooling Revit Family,.rfa,MEP,DIG,5,22/07/2026,28/07/2026,03/08/2026,07/08/2026,DCMvn_HKG_TIDP_Rev 01.xlsx,TIDP 410_Rev 02
434_ME_HeatExchanger_Gasketed&Flanged.rfa,434_ME,HKG,Cooling Revit Family,.rfa,MEP,DIG,5,22/07/2026,28/07/2026,03/08/2026,07/08/2026,DCMvn_HKG_TIDP_Rev 01.xlsx,TIDP 410_Rev 02
434_ME_HeatExchanger_Gasketed&Thread.rfa,434_ME,HKG,Cooling Revit Family,.rfa,MEP,DIG,5,22/07/2026,28/07/2026,03/08/2026,07/08/2026,DCMvn_HKG_TIDP_Rev 01.xlsx,TIDP 410_Rev 02
434_ME_HeatExchanger_Standard.rfa,434_ME,HKG,Cooling Revit Family,.rfa,MEP,DIG,5,22/07/2026,28/07/2026,03/08/2026,07/08/2026,DCMvn_HKG_TIDP_Rev 01.xlsx,TIDP 410_Rev 02
434_ME_InLinePump_Standard.rfa,434_ME,HKG,Cooling Revit Family,.rfa,MEP,DIG,5,22/07/2026,28/07/2026,03/08/2026,07/08/2026,DCMvn_HKG_TIDP_Rev 01.xlsx,TIDP 410_Rev 02
434_ME_Manifold_10Circuits.rfa,434_ME,HKG,Cooling Revit Family,.rfa,MEP,DIG,6,03/08/2026,07/08/2026,13/08/2026,19/08/2026,DCMvn_HKG_TIDP_Rev 01.xlsx,TIDP 410_Rev 02
434_ME_Manifold_11Circuits.rfa,434_ME,HKG,Cooling Revit Family,.rfa,MEP,DIG,6,03/08/2026,07/08/2026,13/08/2026,19/08/2026,DCMvn_HKG_TIDP_Rev 01.xlsx,TIDP 410_Rev 02
434_ME_Manifold_12Circuits.rfa,434_ME,HKG,Cooling Revit Family,.rfa,MEP,DIG,6,03/08/2026,07/08/2026,13/08/2026,19/08/2026,DCMvn_HKG_TIDP_Rev 01.xlsx,TIDP 410_Rev 02
434_ME_Manifold_2Circuits.rfa,434_ME,HKG,Cooling Revit Family,.rfa,MEP,DIG,6,03/08/2026,07/08/2026,13/08/2026,19/08/2026,DCMvn_HKG_TIDP_Rev 01.xlsx,TIDP 410_Rev 02
434_ME_Manifold_3Circuits.rfa,434_ME,HKG,Cooling Revit Family,.rfa,MEP,DIG,6,03/08/2026,07/08/2026,13/08/2026,19/08/2026,DCMvn_HKG_TIDP_Rev 01.xlsx,TIDP 410_Rev 02
434_ME_Manifold_4Circuits.rfa,434_ME,HKG,Cooling Revit Family,.rfa,MEP,DIG,6,03/08/2026,07/08/2026,13/08/2026,19/08/2026,DCMvn_HKG_TIDP_Rev 01.xlsx,TIDP 410_Rev 02
434_ME_Manifold_5Circuits.rfa,434_ME,HKG,Cooling Revit Family,.rfa,MEP,DIG,6,03/08/2026,07/08/2026,13/08/2026,19/08/2026,DCMvn_HKG_TIDP_Rev 01.xlsx,TIDP 410_Rev 02
434_ME_Manifold_6Circuits.rfa,434_ME,HKG,Cooling Revit Family,.rfa,MEP,DIG,6,03/08/2026,07/08/2026,13/08/2026,19/08/2026,DCMvn_HKG_TIDP_Rev 01.xlsx,TIDP 410_Rev 02
434_ME_Manifold_7Circuits.rfa,434_ME,HKG,Cooling Revit Family,.rfa,MEP,DIG,6,03/08/2026,07/08/2026,13/08/2026,19/08/2026,DCMvn_HKG_TIDP_Rev 01.xlsx,TIDP 410_Rev 02
434_ME_Manifold_8Circuits.rfa,434_ME,HKG,Cooling Revit Family,.rfa,MEP,DIG,6,03/08/2026,07/08/2026,13/08/2026,19/08/2026,DCMvn_HKG_TIDP_Rev 01.xlsx,TIDP 410_Rev 02
434_ME_Manifold_9Circuits.rfa,434_ME,HKG,Cooling Revit Family,.rfa,MEP,DIG,6,03/08/2026,07/08/2026,13/08/2026,19/08/2026,DCMvn_HKG_TIDP_Rev 01.xlsx,TIDP 410_Rev 02
434_ME_ManifoldWithFlowMeter_10Circuits.rfa,434_ME,HKG,Cooling Revit Family,.rfa,MEP,DIG,5,22/07/2026,28/07/2026,03/08/2026,07/08/2026,DCMvn_HKG_TIDP_Rev 01.xlsx,TIDP 410_Rev 02
434_ME_ManifoldWithFlowMeter_11Circuits.rfa,434_ME,HKG,Cooling Revit Family,.rfa,MEP,DIG,5,22/07/2026,28/07/2026,03/08/2026,07/08/2026,DCMvn_HKG_TIDP_Rev 01.xlsx,TIDP 410_Rev 02
434_ME_ManifoldWithFlowMeter_12Circuits.rfa,434_ME,HKG,Cooling Revit Family,.rfa,MEP,DIG,5,22/07/2026,28/07/2026,03/08/2026,07/08/2026,DCMvn_HKG_TIDP_Rev 01.xlsx,TIDP 410_Rev 02
434_ME_ManifoldWithFlowMeter_2Circuits.rfa,434_ME,HKG,Cooling Revit Family,.rfa,MEP,DIG,5,22/07/2026,28/07/2026,03/08/2026,07/08/2026,DCMvn_HKG_TIDP_Rev 01.xlsx,TIDP 410_Rev 02
434_ME_ManifoldWithFlowMeter_3Circuits.rfa,434_ME,HKG,Cooling Revit Family,.rfa,MEP,DIG,5,22/07/2026,28/07/2026,03/08/2026,07/08/2026,DCMvn_HKG_TIDP_Rev 01.xlsx,TIDP 410_Rev 02
434_ME_ManifoldWithFlowMeter_4Circuits.rfa,434_ME,HKG,Cooling Revit Family,.rfa,MEP,DIG,5,22/07/2026,28/07/2026,03/08/2026,07/08/2026,DCMvn_HKG_TIDP_Rev 01.xlsx,TIDP 410_Rev 02
434_ME_ManifoldWithFlowMeter_5Circuits.rfa,434_ME,HKG,Cooling Revit Family,.rfa,MEP,DIG,5,22/07/2026,28/07/2026,03/08/2026,07/08/2026,DCMvn_HKG_TIDP_Rev 01.xlsx,TIDP 410_Rev 02
434_ME_ManifoldWithFlowMeter_6Circuits.rfa,434_ME,HKG,Cooling Revit Family,.rfa,MEP,DIG,5,22/07/2026,28/07/2026,03/08/2026,07/08/2026,DCMvn_HKG_TIDP_Rev 01.xlsx,TIDP 410_Rev 02
434_ME_ManifoldWithFlowMeter_7Circuits.rfa,434_ME,HKG,Cooling Revit Family,.rfa,MEP,DIG,6,03/08/2026,07/08/2026,13/08/2026,19/08/2026,DCMvn_HKG_TIDP_Rev 01.xlsx,TIDP 410_Rev 02
434_ME_ManifoldWithFlowMeter_8Circuits.rfa,434_ME,HKG,Cooling Revit Family,.rfa,MEP,DIG,6,03/08/2026,07/08/2026,13/08/2026,19/08/2026,DCMvn_HKG_TIDP_Rev 01.xlsx,TIDP 410_Rev 02
434_ME_ManifoldWithFlowMeter_9Circuits.rfa,434_ME,HKG,Cooling Revit Family,.rfa,MEP,DIG,6,03/08/2026,07/08/2026,13/08/2026,19/08/2026,DCMvn_HKG_TIDP_Rev 01.xlsx,TIDP 410_Rev 02
434_ME_ManifoldWithPump_1Circuits.rfa,434_ME,HKG,Cooling Revit Family,.rfa,MEP,DIG,6,03/08/2026,07/08/2026,13/08/2026,19/08/2026,DCMvn_HKG_TIDP_Rev 01.xlsx,TIDP 410_Rev 02
434_ME_ManifoldWithPump_2Circuits.rfa,434_ME,HKG,Cooling Revit Family,.rfa,MEP,DIG,6,03/08/2026,07/08/2026,13/08/2026,19/08/2026,DCMvn_HKG_TIDP_Rev 01.xlsx,TIDP 410_Rev 02
434_ME_ManifoldWithPump_3Circuits.rfa,434_ME,HKG,Cooling Revit Family,.rfa,MEP,DIG,6,03/08/2026,07/08/2026,13/08/2026,19/08/2026,DCMvn_HKG_TIDP_Rev 01.xlsx,TIDP 410_Rev 02
434_ME_ManifoldWithPump_4Circuits.rfa,434_ME,HKG,Cooling Revit Family,.rfa,MEP,DIG,6,03/08/2026,07/08/2026,13/08/2026,19/08/2026,DCMvn_HKG_TIDP_Rev 01.xlsx,TIDP 410_Rev 02
434_ME_ManifoldWithPump_5Circuits.rfa,434_ME,HKG,Cooling Revit Family,.rfa,MEP,DIG,6,03/08/2026,07/08/2026,13/08/2026,19/08/2026,DCMvn_HKG_TIDP_Rev 01.xlsx,TIDP 410_Rev 02
434_ME_ManifoldWithPump_6Circuits.rfa,434_ME,HKG,Cooling Revit Family,.rfa,MEP,DIG,6,03/08/2026,07/08/2026,13/08/2026,19/08/2026,DCMvn_HKG_TIDP_Rev 01.xlsx,TIDP 410_Rev 02
434_ME_ManifoldWithPump_7Circuits.rfa,434_ME,HKG,Cooling Revit Family,.rfa,MEP,DIG,6,03/08/2026,07/08/2026,13/08/2026,19/08/2026,DCMvn_HKG_TIDP_Rev 01.xlsx,TIDP 410_Rev 02
434_ME_ManifoldWithPump_8Circuits.rfa,434_ME,HKG,Cooling Revit Family,.rfa,MEP,DIG,6,03/08/2026,07/08/2026,13/08/2026,19/08/2026,DCMvn_HKG_TIDP_Rev 01.xlsx,TIDP 410_Rev 02
434_ME_OutDoorUnit_VRV5HeatRecoveryREYA.rfa,434_ME,HKG,Cooling Revit Family,.rfa,MEP,DIG,6,03/08/2026,07/08/2026,13/08/2026,19/08/2026,DCMvn_HKG_TIDP_Rev 01.xlsx,TIDP 410_Rev 02
434_ME_PrecisionPressureMaintenance_TransferoTI.rfa,434_ME,HKG,Cooling Revit Family,.rfa,MEP,DIG,6,03/08/2026,07/08/2026,13/08/2026,19/08/2026,DCMvn_HKG_TIDP_Rev 01.xlsx,TIDP 410_Rev 02
434_ME_PrecisionPressureMaintenance_TransferoTV1.rfa,434_ME,HKG,Cooling Revit Family,.rfa,MEP,DIG,6,03/08/2026,07/08/2026,13/08/2026,19/08/2026,DCMvn_HKG_TIDP_Rev 01.xlsx,TIDP 410_Rev 02
434_ME_PrecisionPressureMaintenance_TransferoTV2.rfa,434_ME,HKG,Cooling Revit Family,.rfa,MEP,DIG,6,03/08/2026,07/08/2026,13/08/2026,19/08/2026,DCMvn_HKG_TIDP_Rev 01.xlsx,TIDP 410_Rev 02
434_ME_PrecisionPressureMaintenance_TransferoTVI1.rfa,434_ME,HKG,Cooling Revit Family,.rfa,MEP,DIG,6,03/08/2026,07/08/2026,13/08/2026,19/08/2026,DCMvn_HKG_TIDP_Rev 01.xlsx,TIDP 410_Rev 02
434_ME_PrecisionPressuremaintenance_TransferoTVI2.rfa,434_ME,HKG,Cooling Revit Family,.rfa,MEP,DIG,6,03/08/2026,07/08/2026,13/08/2026,19/08/2026,DCMvn_HKG_TIDP_Rev 01.xlsx,TIDP 410_Rev 02
434_ME_PrecisionPressurisation_CompressoC.rfa,434_ME,HKG,Cooling Revit Family,.rfa,MEP,DIG,6,03/08/2026,07/08/2026,13/08/2026,19/08/2026,DCMvn_HKG_TIDP_Rev 01.xlsx,TIDP 410_Rev 02
434_ME_PrecisionPressurisation_CompressoF.rfa,434_ME,HKG,Cooling Revit Family,.rfa,MEP,DIG,6,03/08/2026,07/08/2026,13/08/2026,19/08/2026,DCMvn_HKG_TIDP_Rev 01.xlsx,TIDP 410_Rev 02
434_ME_PressureMaintenanceMonitoring_PlenoPI9.rfa,434_ME,HKG,Cooling Revit Family,.rfa,MEP,DIG,6,03/08/2026,07/08/2026,13/08/2026,19/08/2026,DCMvn_HKG_TIDP_Rev 01.xlsx,TIDP 410_Rev 02
434_ME_PressureMaintenanceMonitoring_PlenoPI9F.rfa,434_ME,HKG,Cooling Revit Family,.rfa,MEP,DIG,6,03/08/2026,07/08/2026,13/08/2026,19/08/2026,DCMvn_HKG_TIDP_Rev 01.xlsx,TIDP 410_Rev 02
434_ME_PressureMaintenanceMonitoring_PlenoPIX.rfa,434_ME,HKG,Cooling Revit Family,.rfa,MEP,DIG,6,03/08/2026,07/08/2026,13/08/2026,19/08/2026,DCMvn_HKG_TIDP_Rev 01.xlsx,TIDP 410_Rev 02
434_ME_PressureMaintenanceMonitoring_PlenoPX.rfa,434_ME,HKG,Cooling Revit Family,.rfa,MEP,DIG,6,03/08/2026,07/08/2026,13/08/2026,19/08/2026,DCMvn_HKG_TIDP_Rev 01.xlsx,TIDP 410_Rev 02
434_ME_Pump_Circulator_CronoTwin_DL_E.rfa,434_ME,HKG,Cooling Revit Family,.rfa,MEP,DIG,6,03/08/2026,07/08/2026,13/08/2026,19/08/2026,DCMvn_HKG_TIDP_Rev 01.xlsx,TIDP 410_Rev 02
434_ME_Pump_Circulator_VeroTwinDPL_DN100.rfa,434_ME,HKG,Cooling Revit Family,.rfa,MEP,DIG,6,03/08/2026,07/08/2026,13/08/2026,19/08/2026,DCMvn_HKG_TIDP_Rev 01.xlsx,TIDP 410_Rev 02
434_ME_Pump_Circulator_VeroTwinDPL_DN32.rfa,434_ME,HKG,Cooling Revit Family,.rfa,MEP,DIG,6,03/08/2026,07/08/2026,13/08/2026,19/08/2026,DCMvn_HKG_TIDP_Rev 01.xlsx,TIDP 410_Rev 02
434_ME_Pump_Circulator_VeroTwinDPL_DN40.rfa,434_ME,HKG,Cooling Revit Family,.rfa,MEP,DIG,6,03/08/2026,07/08/2026,13/08/2026,19/08/2026,DCMvn_HKG_TIDP_Rev 01.xlsx,TIDP 410_Rev 02
434_ME_Pump_Circulator_VeroTwinDPL_DN50.rfa,434_ME,HKG,Cooling Revit Family,.rfa,MEP,DIG,6,03/08/2026,07/08/2026,13/08/2026,19/08/2026,DCMvn_HKG_TIDP_Rev 01.xlsx,TIDP 410_Rev 02
434_ME_Pump_Circulator_VeroTwinDPL_DN65.rfa,434_ME,HKG,Cooling Revit Family,.rfa,MEP,DIG,6,03/08/2026,07/08/2026,13/08/2026,19/08/2026,DCMvn_HKG_TIDP_Rev 01.xlsx,TIDP 410_Rev 02
434_ME_Pump_Circulator_VeroTwinDPL_DN80.rfa,434_ME,HKG,Cooling Revit Family,.rfa,MEP,DIG,6,03/08/2026,07/08/2026,13/08/2026,19/08/2026,DCMvn_HKG_TIDP_Rev 01.xlsx,TIDP 410_Rev 02
434_ME_Pump_Circulator_YonosGIGA20_I.rfa,434_ME,HKG,Cooling Revit Family,.rfa,MEP,DIG,6,03/08/2026,07/08/2026,13/08/2026,19/08/2026,DCMvn_HKG_TIDP_Rev 01.xlsx,TIDP 410_Rev 02
434_ME_Pump_Circulator_YonosGIGA20D.rfa,434_ME,HKG,Cooling Revit Family,.rfa,MEP,DIG,6,03/08/2026,07/08/2026,13/08/2026,19/08/2026,DCMvn_HKG_TIDP_Rev 01.xlsx,TIDP 410_Rev 02
434_ME_Pump_CirculatorAtmosGIGA&B.rfa,434_ME,HKG,Cooling Revit Family,.rfa,MEP,DIG,6,03/08/2026,07/08/2026,13/08/2026,19/08/2026,DCMvn_HKG_TIDP_Rev 01.xlsx,TIDP 410_Rev 02
434_ME_Pump_CirculatorStratosGIGA&B.rfa,434_ME,HKG,Cooling Revit Family,.rfa,MEP,DIG,6,03/08/2026,07/08/2026,13/08/2026,19/08/2026,DCMvn_HKG_TIDP_Rev 01.xlsx,TIDP 410_Rev 02
434_ME_Pump_CirculatorStratosGIGA&D.rfa,434_ME,HKG,Cooling Revit Family,.rfa,MEP,DIG,6,03/08/2026,07/08/2026,13/08/2026,19/08/2026,DCMvn_HKG_TIDP_Rev 01.xlsx,TIDP 410_Rev 02
434_ME_Pump_CirculatorStratosGIGA.rfa,434_ME,HKG,Cooling Revit Family,.rfa,MEP,DIG,6,03/08/2026,07/08/2026,13/08/2026,19/08/2026,DCMvn_HKG_TIDP_Rev 01.xlsx,TIDP 410_Rev 02
434_ME_Pump_CirculatorStratosGIGA20&D.rfa,434_ME,HKG,Cooling Revit Family,.rfa,MEP,DIG,6,03/08/2026,07/08/2026,13/08/2026,19/08/2026,DCMvn_HKG_TIDP_Rev 01.xlsx,TIDP 410_Rev 02
434_ME_Pump_CirculatorStratosGIGA20&I.rfa,434_ME,HKG,Cooling Revit Family,.rfa,MEP,DIG,6,03/08/2026,07/08/2026,13/08/2026,19/08/2026,DCMvn_HKG_TIDP_Rev 01.xlsx,TIDP 410_Rev 02
434_ME_Pump_CirculatorStratosMAXO&D.rfa,434_ME,HKG,Cooling Revit Family,.rfa,MEP,DIG,6,03/08/2026,07/08/2026,13/08/2026,19/08/2026,DCMvn_HKG_TIDP_Rev 01.xlsx,TIDP 410_Rev 02
434_ME_Pump_CirculatorStratosMAXO.rfa,434_ME,HKG,Cooling Revit Family,.rfa,MEP,DIG,6,03/08/2026,07/08/2026,13/08/2026,19/08/2026,DCMvn_HKG_TIDP_Rev 01.xlsx,TIDP 410_Rev 02
434_ME_Pump_CirculatorStratosPICO.rfa,434_ME,HKG,Cooling Revit Family,.rfa,MEP,DIG,6,03/08/2026,07/08/2026,13/08/2026,19/08/2026,DCMvn_HKG_TIDP_Rev 01.xlsx,TIDP 410_Rev 02
434_ME_Pump_CirculatorVeroLineIPL.rfa,434_ME,HKG,Cooling Revit Family,.rfa,MEP,DIG,6,03/08/2026,07/08/2026,13/08/2026,19/08/2026,DCMvn_HKG_TIDP_Rev 01.xlsx,TIDP 410_Rev 02
434_ME_Pump_CirculatorYonosMAXO&D.rfa,434_ME,HKG,Cooling Revit Family,.rfa,MEP,DIG,6,03/08/2026,07/08/2026,13/08/2026,19/08/2026,DCMvn_HKG_TIDP_Rev 01.xlsx,TIDP 410_Rev 02
434_ME_Pump_CirculatorYonosMAXO.rfa,434_ME,HKG,Cooling Revit Family,.rfa,MEP,DIG,6,03/08/2026,07/08/2026,13/08/2026,19/08/2026,DCMvn_HKG_TIDP_Rev 01.xlsx,TIDP 410_Rev 02
434_ME_Pump_CirculatorYonosPICO&D.rfa,434_ME,HKG,Cooling Revit Family,.rfa,MEP,DIG,6,03/08/2026,07/08/2026,13/08/2026,19/08/2026,DCMvn_HKG_TIDP_Rev 01.xlsx,TIDP 410_Rev 02
434_ME_Pump_CirculatorYonosPICO.rfa,434_ME,HKG,Cooling Revit Family,.rfa,MEP,DIG,6,03/08/2026,07/08/2026,13/08/2026,19/08/2026,DCMvn_HKG_TIDP_Rev 01.xlsx,TIDP 410_Rev 02
434_ME_Pump_SingleStageGlandedBM.rfa,434_ME,HKG,Cooling Revit Family,.rfa,MEP,DIG,6,03/08/2026,07/08/2026,13/08/2026,19/08/2026,DCMvn_HKG_TIDP_Rev 01.xlsx,TIDP 410_Rev 02
434_ME_Pump_SingleStageLowPressureBAC.rfa,434_ME,HKG,Cooling Revit Family,.rfa,MEP,DIG,6,03/08/2026,07/08/2026,13/08/2026,19/08/2026,DCMvn_HKG_TIDP_Rev 01.xlsx,TIDP 410_Rev 02
434_ME_Pump_SingleStageLowPressureBAC65.rfa,434_ME,HKG,Cooling Revit Family,.rfa,MEP,DIG,6,03/08/2026,07/08/2026,13/08/2026,19/08/2026,DCMvn_HKG_TIDP_Rev 01.xlsx,TIDP 410_Rev 02
434_ME_Pump_WaterSupplyAtmosGIGA&N.rfa,434_ME,HKG,Cooling Revit Family,.rfa,MEP,DIG,6,03/08/2026,07/08/2026,13/08/2026,19/08/2026,DCMvn_HKG_TIDP_Rev 01.xlsx,TIDP 410_Rev 02
434_ME_Pump_WaterSupplyAtmosI.rfa,434_ME,HKG,Cooling Revit Family,.rfa,MEP,DIG,6,03/08/2026,07/08/2026,13/08/2026,19/08/2026,DCMvn_HKG_TIDP_Rev 01.xlsx,TIDP 410_Rev 02
434_ME_Pump_WaterSupplyAtmosTERA&SCH.rfa,434_ME,HKG,Cooling Revit Family,.rfa,MEP,DIG,6,03/08/2026,07/08/2026,13/08/2026,19/08/2026,DCMvn_HKG_TIDP_Rev 01.xlsx,TIDP 410_Rev 02
434_ME_Pump_WaterSupplyCronoBlocBLE.rfa,434_ME,HKG,Cooling Revit Family,.rfa,MEP,DIG,6,03/08/2026,07/08/2026,13/08/2026,19/08/2026,DCMvn_HKG_TIDP_Rev 01.xlsx,TIDP 410_Rev 02
434_ME_Pump_WaterSupplyCronoNorm&NLG.rfa,434_ME,HKG,Cooling Revit Family,.rfa,MEP,DIG,6,03/08/2026,07/08/2026,13/08/2026,19/08/2026,DCMvn_HKG_TIDP_Rev 01.xlsx,TIDP 410_Rev 02
434_ME_Pump_WaterSupplySCP.rfa,434_ME,HKG,Cooling Revit Family,.rfa,MEP,DIG,6,03/08/2026,07/08/2026,13/08/2026,19/08/2026,DCMvn_HKG_TIDP_Rev 01.xlsx,TIDP 410_Rev 02
434_ME_Pump_WaterSupplyVeroLineIPE.rfa,434_ME,HKG,Cooling Revit Family,.rfa,MEP,DIG,6,03/08/2026,07/08/2026,13/08/2026,19/08/2026,DCMvn_HKG_TIDP_Rev 01.xlsx,TIDP 410_Rev 02
434_ME_Pump_WaterSupplyVeroTwinDPE.rfa,434_ME,HKG,Cooling Revit Family,.rfa,MEP,DIG,6,03/08/2026,07/08/2026,13/08/2026,19/08/2026,DCMvn_HKG_TIDP_Rev 01.xlsx,TIDP 410_Rev 02
434_ME_Pump_WaterSupplyYonosGIGA&N.rfa,434_ME,HKG,Cooling Revit Family,.rfa,MEP,DIG,6,03/08/2026,07/08/2026,13/08/2026,19/08/2026,DCMvn_HKG_TIDP_Rev 01.xlsx,TIDP 410_Rev 02
434_ME_PumpCirculator_FloorStand_Round_CronoLineILE.rfa,434_ME,HKG,Cooling Revit Family,.rfa,MEP,DIG,6,03/08/2026,07/08/2026,13/08/2026,19/08/2026,DCMvn_HKG_TIDP_Rev 01.xlsx,TIDP 410_Rev 02
434_ME_SplitCasePump_Standard.rfa,434_ME,HKG,Cooling Revit Family,.rfa,MEP,DIG,6,03/08/2026,07/08/2026,13/08/2026,19/08/2026,DCMvn_HKG_TIDP_Rev 01.xlsx,TIDP 410_Rev 02
434_ME_TwoOutletPump_Flanged.rfa,434_ME,HKG,Cooling Revit Family,.rfa,MEP,DIG,6,03/08/2026,07/08/2026,13/08/2026,19/08/2026,DCMvn_HKG_TIDP_Rev 01.xlsx,TIDP 410_Rev 02
434_ME_VariableSpeedWaterCooledLiquidChiller_SingleCompressor30XW&V.rfa,434_ME,HKG,Cooling Revit Family,.rfa,MEP,DIG,6,03/08/2026,07/08/2026,13/08/2026,19/08/2026,DCMvn_HKG_TIDP_Rev 01.xlsx,TIDP 410_Rev 02
434_ME_VRVInDoorUnit_CeilingMouted_FXFA&A.rfa,434_ME,HKG,Cooling Revit Family,.rfa,MEP,DIG,6,03/08/2026,07/08/2026,13/08/2026,19/08/2026,DCMvn_HKG_TIDP_Rev 01.xlsx,TIDP 410_Rev 02
434_ME_VRVInDoorUnit_CeilingMouted_FXZA&A.rfa,434_ME,HKG,Cooling Revit Family,.rfa,MEP,DIG,6,03/08/2026,07/08/2026,13/08/2026,19/08/2026,DCMvn_HKG_TIDP_Rev 01.xlsx,TIDP 410_Rev 02
434_ME_VRVInDoorUnit_CeilingSuspended_FXHA&A.rfa,434_ME,HKG,Cooling Revit Family,.rfa,MEP,DIG,6,03/08/2026,07/08/2026,13/08/2026,19/08/2026,DCMvn_HKG_TIDP_Rev 01.xlsx,TIDP 410_Rev 02
434_ME_VRVInDoorUnit_CeilingSuspended_FXUA&A.rfa,434_ME,HKG,Cooling Revit Family,.rfa,MEP,DIG,6,03/08/2026,07/08/2026,13/08/2026,19/08/2026,DCMvn_HKG_TIDP_Rev 01.xlsx,TIDP 410_Rev 02
434_ME_VRVInDoorUnit_ConcealedCeiling_FXDA.rfa,434_ME,HKG,Cooling Revit Family,.rfa,MEP,DIG,6,03/08/2026,07/08/2026,13/08/2026,19/08/2026,DCMvn_HKG_TIDP_Rev 01.xlsx,TIDP 410_Rev 02
434_ME_VRVInDoorUnit_ConcealedCeiling_FXMA.rfa,434_ME,HKG,Cooling Revit Family,.rfa,MEP,DIG,6,03/08/2026,07/08/2026,13/08/2026,19/08/2026,DCMvn_HKG_TIDP_Rev 01.xlsx,TIDP 410_Rev 02
434_ME_VRVInDoorUnit_ConcealedCeiling_FXMA200and250A.rfa,434_ME,HKG,Cooling Revit Family,.rfa,MEP,DIG,6,03/08/2026,07/08/2026,13/08/2026,19/08/2026,DCMvn_HKG_TIDP_Rev 01.xlsx,TIDP 410_Rev 02
434_ME_VRVInDoorUnit_ConcealedCeiling_FXSA.rfa,434_ME,HKG,Cooling Revit Family,.rfa,MEP,DIG,6,03/08/2026,07/08/2026,13/08/2026,19/08/2026,DCMvn_HKG_TIDP_Rev 01.xlsx,TIDP 410_Rev 02
434_ME_VRVInDoorUnit_WallMounted_FXAA&A.rfa,434_ME,HKG,Cooling Revit Family,.rfa,MEP,DIG,6,03/08/2026,07/08/2026,13/08/2026,19/08/2026,DCMvn_HKG_TIDP_Rev 01.xlsx,TIDP 410_Rev 02
434_ME_VRVMultiBranchSelector_BS&10A14AV1B.rfa,434_ME,HKG,Cooling Revit Family,.rfa,MEP,DIG,6,03/08/2026,07/08/2026,13/08/2026,19/08/2026,DCMvn_HKG_TIDP_Rev 01.xlsx,TIDP 410_Rev 02
434_ME_VRVMultiBranchSelector_BS&12A14AV1B.rfa,434_ME,HKG,Cooling Revit Family,.rfa,MEP,DIG,6,03/08/2026,07/08/2026,13/08/2026,19/08/2026,DCMvn_HKG_TIDP_Rev 01.xlsx,TIDP 410_Rev 02
434_ME_VRVMultiBranchSelector_BS&4A14AV1B.rfa,434_ME,HKG,Cooling Revit Family,.rfa,MEP,DIG,6,03/08/2026,07/08/2026,13/08/2026,19/08/2026,DCMvn_HKG_TIDP_Rev 01.xlsx,TIDP 410_Rev 02
434_ME_VRVMultiBranchSelector_BS&6A14AV1B.rfa,434_ME,HKG,Cooling Revit Family,.rfa,MEP,DIG,6,03/08/2026,07/08/2026,13/08/2026,19/08/2026,DCMvn_HKG_TIDP_Rev 01.xlsx,TIDP 410_Rev 02
434_ME_VRVMultiBranchSelector_BS&8A14AV1B.rfa,434_ME,HKG,Cooling Revit Family,.rfa,MEP,DIG,6,03/08/2026,07/08/2026,13/08/2026,19/08/2026,DCMvn_HKG_TIDP_Rev 01.xlsx,TIDP 410_Rev 02
434_ME_VRVOutDoorUnit_HeatPumpRXYA14&20A.rfa,434_ME,HKG,Cooling Revit Family,.rfa,MEP,DIG,6,03/08/2026,07/08/2026,13/08/2026,19/08/2026,DCMvn_HKG_TIDP_Rev 01.xlsx,TIDP 410_Rev 02
434_ME_VRVOutDoorUnit_HeatPumpRXYA8&12A.rfa,434_ME,HKG,Cooling Revit Family,.rfa,MEP,DIG,6,03/08/2026,07/08/2026,13/08/2026,19/08/2026,DCMvn_HKG_TIDP_Rev 01.xlsx,TIDP 410_Rev 02
434_ME_VRVOutDoorUnit_HeatPumpRXYSA&AV1&AY1.rfa,434_ME,HKG,Cooling Revit Family,.rfa,MEP,DIG,6,03/08/2026,07/08/2026,13/08/2026,19/08/2026,DCMvn_HKG_TIDP_Rev 01.xlsx,TIDP 410_Rev 02
434_ME_VRVShutOffValveBox_SV1A25AJV1B.rfa,434_ME,HKG,Cooling Revit Family,.rfa,MEP,DIG,6,03/08/2026,07/08/2026,13/08/2026,19/08/2026,DCMvn_HKG_TIDP_Rev 01.xlsx,TIDP 410_Rev 02
434_ME_VRVShutOffValveBox_SV4A14AJV1B.rfa,434_ME,HKG,Cooling Revit Family,.rfa,MEP,DIG,6,03/08/2026,07/08/2026,13/08/2026,19/08/2026,DCMvn_HKG_TIDP_Rev 01.xlsx,TIDP 410_Rev 02
434_ME_VRVShutOffValveBox_SV6A14AJV1B.rfa,434_ME,HKG,Cooling Revit Family,.rfa,MEP,DIG,6,03/08/2026,07/08/2026,13/08/2026,19/08/2026,DCMvn_HKG_TIDP_Rev 01.xlsx,TIDP 410_Rev 02
434_ME_VRVShutOffValveBox_SV8A14AJV1B.rfa,434_ME,HKG,Cooling Revit Family,.rfa,MEP,DIG,6,03/08/2026,07/08/2026,13/08/2026,19/08/2026,DCMvn_HKG_TIDP_Rev 01.xlsx,TIDP 410_Rev 02
434_ME_WateCooledCondenserlessLiquidChillers_WithHydraulicModule_30RW.rfa,434_ME,HKG,Cooling Revit Family,.rfa,MEP,DIG,6,03/08/2026,07/08/2026,13/08/2026,19/08/2026,DCMvn_HKG_TIDP_Rev 01.xlsx,TIDP 410_Rev 02
434_ME_Watercooled_Condenserlessliquidchillers_30RW_30RWA_VerticalConnection.rfa,434_ME,HKG,Cooling Revit Family,.rfa,MEP,DIG,6,03/08/2026,07/08/2026,13/08/2026,19/08/2026,DCMvn_HKG_TIDP_Rev 01.xlsx,TIDP 410_Rev 02
434_ME_WatercooledCondenserlessliquidchillers_30RW_WithoutHydraulicModule.rfa,434_ME,HKG,Cooling Revit Family,.rfa,MEP,DIG,6,03/08/2026,07/08/2026,13/08/2026,19/08/2026,DCMvn_HKG_TIDP_Rev 01.xlsx,TIDP 410_Rev 02
434_ME_WaterCooledCondenserlessLiquidChillers_30WG.rfa,434_ME,HKG,Cooling Revit Family,.rfa,MEP,DIG,6,03/08/2026,07/08/2026,13/08/2026,19/08/2026,DCMvn_HKG_TIDP_Rev 01.xlsx,TIDP 410_Rev 02
434_ME_WaterCooledCondenserlessLiquidchillers_30WGA.rfa,434_ME,HKG,Cooling Revit Family,.rfa,MEP,DIG,6,03/08/2026,07/08/2026,13/08/2026,19/08/2026,DCMvn_HKG_TIDP_Rev 01.xlsx,TIDP 410_Rev 02
434_ME_WaterCooledLiquidChillers_30XW.rfa,434_ME,HKG,Cooling Revit Family,.rfa,MEP,DIG,6,03/08/2026,07/08/2026,13/08/2026,19/08/2026,DCMvn_HKG_TIDP_Rev 01.xlsx,TIDP 410_Rev 02
434_ME_WaterCooledScrewCompressorLiquidChillers_30HXC4Pipes.rfa,434_ME,HKG,Cooling Revit Family,.rfa,MEP,DIG,6,03/08/2026,07/08/2026,13/08/2026,19/08/2026,DCMvn_HKG_TIDP_Rev 01.xlsx,TIDP 410_Rev 02
434_ME_WaterCooledScrewCompressorLiquidChillers_30HXC5Pipes.rfa,434_ME,HKG,Cooling Revit Family,.rfa,MEP,DIG,6,03/08/2026,07/08/2026,13/08/2026,19/08/2026,DCMvn_HKG_TIDP_Rev 01.xlsx,TIDP 410_Rev 02
434_PA_BranchProviderBox_BPMKS2Port.rfa,434_PA,HKG,Cooling Revit Family,.rfa,MEP,DIG,4,10/07/2026,16/07/2026,22/07/2026,28/07/2026,DCMvn_HKG_TIDP_Rev 01.xlsx,TIDP 410_Rev 02
434_PA_BranchProviderBox_BPMKS3Port.rfa,434_PA,HKG,Cooling Revit Family,.rfa,MEP,DIG,4,10/07/2026,16/07/2026,22/07/2026,28/07/2026,DCMvn_HKG_TIDP_Rev 01.xlsx,TIDP 410_Rev 02
434_PA_MultiConnectionPipingKit1_BHFPGas.rfa,434_PA,HKG,Cooling Revit Family,.rfa,MEP,DIG,4,10/07/2026,16/07/2026,22/07/2026,28/07/2026,DCMvn_HKG_TIDP_Rev 01.xlsx,TIDP 410_Rev 02
434_PA_MultiConnectionPipingKit1_BHFPLiquid.rfa,434_PA,HKG,Cooling Revit Family,.rfa,MEP,DIG,4,10/07/2026,16/07/2026,22/07/2026,28/07/2026,DCMvn_HKG_TIDP_Rev 01.xlsx,TIDP 410_Rev 02
434_PA_MultiConnectionPipingKit2_BHFPGas.rfa,434_PA,HKG,Cooling Revit Family,.rfa,MEP,DIG,4,10/07/2026,16/07/2026,22/07/2026,28/07/2026,DCMvn_HKG_TIDP_Rev 01.xlsx,TIDP 410_Rev 02
434_PA_MultiConnectionPipingKit2_BHFPLiquid.rfa,434_PA,HKG,Cooling Revit Family,.rfa,MEP,DIG,4,10/07/2026,16/07/2026,22/07/2026,28/07/2026,DCMvn_HKG_TIDP_Rev 01.xlsx,TIDP 410_Rev 02
434_PA_RefnetHeader_KHRPGas4Branches.rfa,434_PA,HKG,Cooling Revit Family,.rfa,MEP,DIG,4,10/07/2026,16/07/2026,22/07/2026,28/07/2026,DCMvn_HKG_TIDP_Rev 01.xlsx,TIDP 410_Rev 02
434_PA_RefnetHeader_KHRPGas8Branches.rfa,434_PA,HKG,Cooling Revit Family,.rfa,MEP,DIG,4,10/07/2026,16/07/2026,22/07/2026,28/07/2026,DCMvn_HKG_TIDP_Rev 01.xlsx,TIDP 410_Rev 02
434_PA_RefnetHeader_KHRPHP&LPGas.rfa,434_PA,HKG,Cooling Revit Family,.rfa,MEP,DIG,4,10/07/2026,16/07/2026,22/07/2026,28/07/2026,DCMvn_HKG_TIDP_Rev 01.xlsx,TIDP 410_Rev 02
434_PA_RefnetHeader_KHRPLiquid4Branches.rfa,434_PA,HKG,Cooling Revit Family,.rfa,MEP,DIG,4,10/07/2026,16/07/2026,22/07/2026,28/07/2026,DCMvn_HKG_TIDP_Rev 01.xlsx,TIDP 410_Rev 02
434_PA_RefnetHeader_KHRPLiquid8Branches.rfa,434_PA,HKG,Cooling Revit Family,.rfa,MEP,DIG,4,10/07/2026,16/07/2026,22/07/2026,28/07/2026,DCMvn_HKG_TIDP_Rev 01.xlsx,TIDP 410_Rev 02
434_PA_RefnetJoint_KHRPDischarge.rfa,434_PA,HKG,Cooling Revit Family,.rfa,MEP,DIG,4,10/07/2026,16/07/2026,22/07/2026,28/07/2026,DCMvn_HKG_TIDP_Rev 01.xlsx,TIDP 410_Rev 02
434_PA_RefnetJoint_KHRPGas.rfa,434_PA,HKG,Cooling Revit Family,.rfa,MEP,DIG,4,10/07/2026,16/07/2026,22/07/2026,28/07/2026,DCMvn_HKG_TIDP_Rev 01.xlsx,TIDP 410_Rev 02
434_PA_RefnetJoint_KHRPLiquid.rfa,434_PA,HKG,Cooling Revit Family,.rfa,MEP,DIG,4,10/07/2026,16/07/2026,22/07/2026,28/07/2026,DCMvn_HKG_TIDP_Rev 01.xlsx,TIDP 410_Rev 02
434_PF_CO_30Cross_Mapress.rfa,434_PF,HKG,Cooling Revit Family,.rfa,MEP,DIG,4,10/07/2026,16/07/2026,22/07/2026,28/07/2026,DCMvn_HKG_TIDP_Rev 01.xlsx,TIDP 410_Rev 02
434_PF_CO_AdaptorMultiPort_MapressAndNut.rfa,434_PF,HKG,Cooling Revit Family,.rfa,MEP,DIG,4,10/07/2026,16/07/2026,22/07/2026,28/07/2026,DCMvn_HKG_TIDP_Rev 01.xlsx,TIDP 410_Rev 02
434_PF_CO_AdaptorUnion_FemaleThreadAndMeplaFix.rfa,434_PF,HKG,Cooling Revit Family,.rfa,MEP,DIG,4,10/07/2026,16/07/2026,22/07/2026,28/07/2026,DCMvn_HKG_TIDP_Rev 01.xlsx,TIDP 410_Rev 02
434_PF_CO_AdaptorUnion_MapressAndFlangeGas.rfa,434_PF,HKG,Cooling Revit Family,.rfa,MEP,DIG,4,10/07/2026,16/07/2026,22/07/2026,28/07/2026,DCMvn_HKG_TIDP_Rev 01.xlsx,TIDP 410_Rev 02
434_PF_CO_AdaptorUnion_PlainEndAndFlange.rfa,434_PF,HKG,Cooling Revit Family,.rfa,MEP,DIG,4,10/07/2026,16/07/2026,22/07/2026,28/07/2026,DCMvn_HKG_TIDP_Rev 01.xlsx,TIDP 410_Rev 02
434_PF_CO_Bend_Mapress.rfa,434_PF,HKG,Cooling Revit Family,.rfa,MEP,DIG,4,10/07/2026,16/07/2026,22/07/2026,28/07/2026,DCMvn_HKG_TIDP_Rev 01.xlsx,TIDP 410_Rev 02
434_PF_CO_Bend_MapressFKMBlue.rfa,434_PF,HKG,Cooling Revit Family,.rfa,MEP,DIG,4,10/07/2026,16/07/2026,22/07/2026,28/07/2026,DCMvn_HKG_TIDP_Rev 01.xlsx,TIDP 410_Rev 02
434_PF_CO_Bend_MapressGas.rfa,434_PF,HKG,Cooling Revit Family,.rfa,MEP,DIG,4,10/07/2026,16/07/2026,22/07/2026,28/07/2026,DCMvn_HKG_TIDP_Rev 01.xlsx,TIDP 410_Rev 02
434_PF_CO_BridgeBendMultiPort_MapressGas.rfa,434_PF,HKG,Cooling Revit Family,.rfa,MEP,DIG,4,10/07/2026,16/07/2026,22/07/2026,28/07/2026,DCMvn_HKG_TIDP_Rev 01.xlsx,TIDP 410_Rev 02
434_PF_CO_Cap_Mapress.rfa,434_PF,HKG,Cooling Revit Family,.rfa,MEP,DIG,4,10/07/2026,16/07/2026,22/07/2026,28/07/2026,DCMvn_HKG_TIDP_Rev 01.xlsx,TIDP 410_Rev 02
434_PF_CO_Cap_MapressFKMBlue.rfa,434_PF,HKG,Cooling Revit Family,.rfa,MEP,DIG,4,10/07/2026,16/07/2026,22/07/2026,28/07/2026,DCMvn_HKG_TIDP_Rev 01.xlsx,TIDP 410_Rev 02
434_PF_CO_Cap_MapressGas.rfa,434_PF,HKG,Cooling Revit Family,.rfa,MEP,DIG,4,10/07/2026,16/07/2026,22/07/2026,28/07/2026,DCMvn_HKG_TIDP_Rev 01.xlsx,TIDP 410_Rev 02
434_PF_CO_e90Elbow_ThreadAndMeplaFix.rfa,434_PF,HKG,Cooling Revit Family,.rfa,MEP,DIG,4,10/07/2026,16/07/2026,22/07/2026,28/07/2026,DCMvn_HKG_TIDP_Rev 01.xlsx,TIDP 410_Rev 02
434_PF_CO_eAdaptorBend_MapressAndFemaleThread_WithNut.rfa,434_PF,HKG,Cooling Revit Family,.rfa,MEP,DIG,4,10/07/2026,16/07/2026,22/07/2026,28/07/2026,DCMvn_HKG_TIDP_Rev 01.xlsx,TIDP 410_Rev 02
434_PF_CO_eAdaptorBend_MapressAndMeplaFix.rfa,434_PF,HKG,Cooling Revit Family,.rfa,MEP,DIG,4,10/07/2026,16/07/2026,22/07/2026,28/07/2026,DCMvn_HKG_TIDP_Rev 01.xlsx,TIDP 410_Rev 02
434_PF_CO_eAdaptorBend_MapressAndThread.rfa,434_PF,HKG,Cooling Revit Family,.rfa,MEP,DIG,4,10/07/2026,16/07/2026,22/07/2026,28/07/2026,DCMvn_HKG_TIDP_Rev 01.xlsx,TIDP 410_Rev 02
434_PF_CO_eAdaptorBend_MapressAndThreadFKMBlue.rfa,434_PF,HKG,Cooling Revit Family,.rfa,MEP,DIG,4,10/07/2026,16/07/2026,22/07/2026,28/07/2026,DCMvn_HKG_TIDP_Rev 01.xlsx,TIDP 410_Rev 02
434_PF_CO_eAdaptorBend_MapressAndThreadGas.rfa,434_PF,HKG,Cooling Revit Family,.rfa,MEP,DIG,4,10/07/2026,16/07/2026,22/07/2026,28/07/2026,DCMvn_HKG_TIDP_Rev 01.xlsx,TIDP 410_Rev 02
434_PF_CO_eDouble90ElbowMultiPort_Mapress.rfa,434_PF,HKG,Cooling Revit Family,.rfa,MEP,DIG,4,10/07/2026,16/07/2026,22/07/2026,28/07/2026,DCMvn_HKG_TIDP_Rev 01.xlsx,TIDP 410_Rev 02
434_PF_CO_eElbow90Deg_MaleThread_MeplaFixAndPremounted.rfa,434_PF,HKG,Cooling Revit Family,.rfa,MEP,DIG,4,10/07/2026,16/07/2026,22/07/2026,28/07/2026,DCMvn_HKG_TIDP_Rev 01.xlsx,TIDP 410_Rev 02
434_PF_CO_eElbowDouble90Deg_MaleThread_MeplaFixAndPremounted.rfa,434_PF,HKG,Cooling Revit Family,.rfa,MEP,DIG,4,10/07/2026,16/07/2026,22/07/2026,28/07/2026,DCMvn_HKG_TIDP_Rev 01.xlsx,TIDP 410_Rev 02
434_PF_CO_fFlange_Mapress.rfa,434_PF,HKG,Cooling Revit Family,.rfa,MEP,DIG,4,10/07/2026,16/07/2026,22/07/2026,28/07/2026,DCMvn_HKG_TIDP_Rev 01.xlsx,TIDP 410_Rev 02
434_PF_CO_mBridgeBend_Mapress.rfa,434_PF,HKG,Cooling Revit Family,.rfa,MEP,DIG,4,10/07/2026,16/07/2026,22/07/2026,28/07/2026,DCMvn_HKG_TIDP_Rev 01.xlsx,TIDP 410_Rev 02
434_PF_CO_mDouble90Elbow_Mapress_PreMounted.rfa,434_PF,HKG,Cooling Revit Family,.rfa,MEP,DIG,4,10/07/2026,16/07/2026,22/07/2026,28/07/2026,DCMvn_HKG_TIDP_Rev 01.xlsx,TIDP 410_Rev 02
434_PF_CO_mElbow_MapressAndFemaleThread.rfa,434_PF,HKG,Cooling Revit Family,.rfa,MEP,DIG,4,10/07/2026,16/07/2026,22/07/2026,28/07/2026,DCMvn_HKG_TIDP_Rev 01.xlsx,TIDP 410_Rev 02
434_PF_CO_mElbowOffset_MapressAndFemaleThread.rfa,434_PF,HKG,Cooling Revit Family,.rfa,MEP,DIG,4,10/07/2026,16/07/2026,22/07/2026,28/07/2026,DCMvn_HKG_TIDP_Rev 01.xlsx,TIDP 410_Rev 02
434_PF_CO_mTeeCrossing_Mapress.rfa,434_PF,HKG,Cooling Revit Family,.rfa,MEP,DIG,4,10/07/2026,16/07/2026,22/07/2026,28/07/2026,DCMvn_HKG_TIDP_Rev 01.xlsx,TIDP 410_Rev 02
434_PF_CO_mTeeInletReturn_Mapress.rfa,434_PF,HKG,Cooling Revit Family,.rfa,MEP,DIG,4,10/07/2026,16/07/2026,22/07/2026,28/07/2026,DCMvn_HKG_TIDP_Rev 01.xlsx,TIDP 410_Rev 02
434_PF_CO_mTeeInletReturnUnion_Mapress.rfa,434_PF,HKG,Cooling Revit Family,.rfa,MEP,DIG,4,10/07/2026,16/07/2026,22/07/2026,28/07/2026,DCMvn_HKG_TIDP_Rev 01.xlsx,TIDP 410_Rev 02
434_PF_CO_mTeeReturn_Mapress.rfa,434_PF,HKG,Cooling Revit Family,.rfa,MEP,DIG,4,10/07/2026,16/07/2026,22/07/2026,28/07/2026,DCMvn_HKG_TIDP_Rev 01.xlsx,TIDP 410_Rev 02
434_PF_CO_ReducerAdaptor_PlainEndAndClampingRing.rfa,434_PF,HKG,Cooling Revit Family,.rfa,MEP,DIG,4,10/07/2026,16/07/2026,22/07/2026,28/07/2026,DCMvn_HKG_TIDP_Rev 01.xlsx,TIDP 410_Rev 02
434_PF_CO_rReducerAdaptor_MaleThread_MeplaFix.rfa,434_PF,HKG,Cooling Revit Family,.rfa,MEP,DIG,4,10/07/2026,16/07/2026,22/07/2026,28/07/2026,DCMvn_HKG_TIDP_Rev 01.xlsx,TIDP 410_Rev 02
434_PF_CO_rReducerAdaptor_Mapress_WithMeplaFix.rfa,434_PF,HKG,Cooling Revit Family,.rfa,MEP,DIG,4,10/07/2026,16/07/2026,22/07/2026,28/07/2026,DCMvn_HKG_TIDP_Rev 01.xlsx,TIDP 410_Rev 02
434_PF_CO_rReducerAdaptor_Mapress_WithMeplaFixAdaptor.rfa,434_PF,HKG,Cooling Revit Family,.rfa,MEP,DIG,4,10/07/2026,16/07/2026,22/07/2026,28/07/2026,DCMvn_HKG_TIDP_Rev 01.xlsx,TIDP 410_Rev 02
434_PF_CO_rReducerAdaptor_MapressAndFemaleThread_WithNut.rfa,434_PF,HKG,Cooling Revit Family,.rfa,MEP,DIG,4,10/07/2026,16/07/2026,22/07/2026,28/07/2026,DCMvn_HKG_TIDP_Rev 01.xlsx,TIDP 410_Rev 02
434_PF_CO_rReducerAdaptor_MapressAndFemaleThreadFKMBlue_WithNut.rfa,434_PF,HKG,Cooling Revit Family,.rfa,MEP,DIG,4,10/07/2026,16/07/2026,22/07/2026,28/07/2026,DCMvn_HKG_TIDP_Rev 01.xlsx,TIDP 410_Rev 02
434_PF_CO_rReducerAdaptor_MapressAndMaleThread_WithNut.rfa,434_PF,HKG,Cooling Revit Family,.rfa,MEP,DIG,4,10/07/2026,16/07/2026,22/07/2026,28/07/2026,DCMvn_HKG_TIDP_Rev 01.xlsx,TIDP 410_Rev 02
434_PF_CO_rReducerAdaptor_MapressAndMaleThreadFKMBlue_WithNut.rfa,434_PF,HKG,Cooling Revit Family,.rfa,MEP,DIG,4,10/07/2026,16/07/2026,22/07/2026,28/07/2026,DCMvn_HKG_TIDP_Rev 01.xlsx,TIDP 410_Rev 02
434_PF_CO_rReducerAdaptor_MapressAndThread.rfa,434_PF,HKG,Cooling Revit Family,.rfa,MEP,DIG,4,10/07/2026,16/07/2026,22/07/2026,28/07/2026,DCMvn_HKG_TIDP_Rev 01.xlsx,TIDP 410_Rev 02
434_PF_CO_rReducerAdaptor_MapressAndThreadFKMBlue.rfa,434_PF,HKG,Cooling Revit Family,.rfa,MEP,DIG,4,10/07/2026,16/07/2026,22/07/2026,28/07/2026,DCMvn_HKG_TIDP_Rev 01.xlsx,TIDP 410_Rev 02
434_PF_CO_rReducerAdaptor_MapressAndThreadGas.rfa,434_PF,HKG,Cooling Revit Family,.rfa,MEP,DIG,4,10/07/2026,16/07/2026,22/07/2026,28/07/2026,DCMvn_HKG_TIDP_Rev 01.xlsx,TIDP 410_Rev 02
434_PF_CO_rReducerAdaptor_PlainEnd_WithMeplaFixAdaptor.rfa,434_PF,HKG,Cooling Revit Family,.rfa,MEP,DIG,4,10/07/2026,16/07/2026,22/07/2026,28/07/2026,DCMvn_HKG_TIDP_Rev 01.xlsx,TIDP 410_Rev 02
434_PF_CO_rReducerAdaptor_PlainEndAndThread.rfa,434_PF,HKG,Cooling Revit Family,.rfa,MEP,DIG,4,10/07/2026,16/07/2026,22/07/2026,28/07/2026,DCMvn_HKG_TIDP_Rev 01.xlsx,TIDP 410_Rev 02
434_PF_CO_rReducerAdaptor_PlainEndAndThreadGas.rfa,434_PF,HKG,Cooling Revit Family,.rfa,MEP,DIG,4,10/07/2026,16/07/2026,22/07/2026,28/07/2026,DCMvn_HKG_TIDP_Rev 01.xlsx,TIDP 410_Rev 02
434_PF_CO_Tee_Mapress&FemaleThread.rfa,434_PF,HKG,Cooling Revit Family,.rfa,MEP,DIG,4,10/07/2026,16/07/2026,22/07/2026,28/07/2026,DCMvn_HKG_TIDP_Rev 01.xlsx,TIDP 410_Rev 02
434_PF_CO_Tee_Mapress.rfa,434_PF,HKG,Cooling Revit Family,.rfa,MEP,DIG,4,10/07/2026,16/07/2026,22/07/2026,28/07/2026,DCMvn_HKG_TIDP_Rev 01.xlsx,TIDP 410_Rev 02
434_PF_CO_Tee_MapressFKMBlue&FemaleThread.rfa,434_PF,HKG,Cooling Revit Family,.rfa,MEP,DIG,4,10/07/2026,16/07/2026,22/07/2026,28/07/2026,DCMvn_HKG_TIDP_Rev 01.xlsx,TIDP 410_Rev 02
434_PF_CO_Tee_MapressFKMBlue.rfa,434_PF,HKG,Cooling Revit Family,.rfa,MEP,DIG,4,10/07/2026,16/07/2026,22/07/2026,28/07/2026,DCMvn_HKG_TIDP_Rev 01.xlsx,TIDP 410_Rev 02
434_PF_CO_Tee_MapressGas&FemaleThread.rfa,434_PF,HKG,Cooling Revit Family,.rfa,MEP,DIG,4,10/07/2026,16/07/2026,22/07/2026,28/07/2026,DCMvn_HKG_TIDP_Rev 01.xlsx,TIDP 410_Rev 02
434_PF_CO_Tee_MapressGas.rfa,434_PF,HKG,Cooling Revit Family,.rfa,MEP,DIG,4,10/07/2026,16/07/2026,22/07/2026,28/07/2026,DCMvn_HKG_TIDP_Rev 01.xlsx,TIDP 410_Rev 02
434_PF_CO_Transition_Mapress.rfa,434_PF,HKG,Cooling Revit Family,.rfa,MEP,DIG,4,10/07/2026,16/07/2026,22/07/2026,28/07/2026,DCMvn_HKG_TIDP_Rev 01.xlsx,TIDP 410_Rev 02
434_PF_CO_Transition_MapressFKMBlue.rfa,434_PF,HKG,Cooling Revit Family,.rfa,MEP,DIG,4,10/07/2026,16/07/2026,22/07/2026,28/07/2026,DCMvn_HKG_TIDP_Rev 01.xlsx,TIDP 410_Rev 02
434_PF_CO_Transition_MapressGas.rfa,434_PF,HKG,Cooling Revit Family,.rfa,MEP,DIG,4,10/07/2026,16/07/2026,22/07/2026,28/07/2026,DCMvn_HKG_TIDP_Rev 01.xlsx,TIDP 410_Rev 02
434_PF_CO_uAdaptorUnion_MaleThread_MeplaFix.rfa,434_PF,HKG,Cooling Revit Family,.rfa,MEP,DIG,4,10/07/2026,16/07/2026,22/07/2026,28/07/2026,DCMvn_HKG_TIDP_Rev 01.xlsx,TIDP 410_Rev 02
434_PF_CO_uAdaptorUnion_MaleThreadAndMeplaFix.rfa,434_PF,HKG,Cooling Revit Family,.rfa,MEP,DIG,4,10/07/2026,16/07/2026,22/07/2026,28/07/2026,DCMvn_HKG_TIDP_Rev 01.xlsx,TIDP 410_Rev 02
434_PF_CO_uAdaptorUnion_Mapress.rfa,434_PF,HKG,Cooling Revit Family,.rfa,MEP,DIG,4,10/07/2026,16/07/2026,22/07/2026,28/07/2026,DCMvn_HKG_TIDP_Rev 01.xlsx,TIDP 410_Rev 02
434_PF_CO_uAdaptorUnion_MapressAndFemaleThread_WithNut.rfa,434_PF,HKG,Cooling Revit Family,.rfa,MEP,DIG,4,10/07/2026,16/07/2026,22/07/2026,28/07/2026,DCMvn_HKG_TIDP_Rev 01.xlsx,TIDP 410_Rev 02
434_PF_CO_uAdaptorUnion_MapressAndFemaleThreadFKMBlue_WithNut.rfa,434_PF,HKG,Cooling Revit Family,.rfa,MEP,DIG,4,10/07/2026,16/07/2026,22/07/2026,28/07/2026,DCMvn_HKG_TIDP_Rev 01.xlsx,TIDP 410_Rev 02
434_PF_CO_uAdaptorUnion_MapressAndMaleThreadFKMBlue_WithNut.rfa,434_PF,HKG,Cooling Revit Family,.rfa,MEP,DIG,4,10/07/2026,16/07/2026,22/07/2026,28/07/2026,DCMvn_HKG_TIDP_Rev 01.xlsx,TIDP 410_Rev 02
434_PF_CO_uAdaptorUnion_MapressAndNutGas.rfa,434_PF,HKG,Cooling Revit Family,.rfa,MEP,DIG,4,10/07/2026,16/07/2026,22/07/2026,28/07/2026,DCMvn_HKG_TIDP_Rev 01.xlsx,TIDP 410_Rev 02
434_PF_CO_uAdaptorUnion_MapressAndThread.rfa,434_PF,HKG,Cooling Revit Family,.rfa,MEP,DIG,4,10/07/2026,16/07/2026,22/07/2026,28/07/2026,DCMvn_HKG_TIDP_Rev 01.xlsx,TIDP 410_Rev 02
434_PF_CO_uAdaptorUnion_MapressAndThreadFKMBlue.rfa,434_PF,HKG,Cooling Revit Family,.rfa,MEP,DIG,4,10/07/2026,16/07/2026,22/07/2026,28/07/2026,DCMvn_HKG_TIDP_Rev 01.xlsx,TIDP 410_Rev 02
434_PF_CO_uAdaptorUnion_MapressAndThreadGas.rfa,434_PF,HKG,Cooling Revit Family,.rfa,MEP,DIG,4,10/07/2026,16/07/2026,22/07/2026,28/07/2026,DCMvn_HKG_TIDP_Rev 01.xlsx,TIDP 410_Rev 02
434_PF_CO_uAdaptorUnion_PlainEnd_WithMeplaFix.rfa,434_PF,HKG,Cooling Revit Family,.rfa,MEP,DIG,4,10/07/2026,16/07/2026,22/07/2026,28/07/2026,DCMvn_HKG_TIDP_Rev 01.xlsx,TIDP 410_Rev 02
434_PF_CO_uAdaptorUnion_PlainEndAndClampingRing.rfa,434_PF,HKG,Cooling Revit Family,.rfa,MEP,DIG,4,10/07/2026,16/07/2026,22/07/2026,28/07/2026,DCMvn_HKG_TIDP_Rev 01.xlsx,TIDP 410_Rev 02
434_PF_CO_uAdaptorUnion_PlainEndAndThread.rfa,434_PF,HKG,Cooling Revit Family,.rfa,MEP,DIG,4,10/07/2026,16/07/2026,22/07/2026,28/07/2026,DCMvn_HKG_TIDP_Rev 01.xlsx,TIDP 410_Rev 02
434_PF_CO_uAdaptorUnion_PlainEndAndThreadGas.rfa,434_PF,HKG,Cooling Revit Family,.rfa,MEP,DIG,4,10/07/2026,16/07/2026,22/07/2026,28/07/2026,DCMvn_HKG_TIDP_Rev 01.xlsx,TIDP 410_Rev 02
434_PF_CO_Union_Mapress.rfa,434_PF,HKG,Cooling Revit Family,.rfa,MEP,DIG,4,10/07/2026,16/07/2026,22/07/2026,28/07/2026,DCMvn_HKG_TIDP_Rev 01.xlsx,TIDP 410_Rev 02
434_PF_CO_Union_MapressFKMBlue.rfa,434_PF,HKG,Cooling Revit Family,.rfa,MEP,DIG,4,10/07/2026,16/07/2026,22/07/2026,28/07/2026,DCMvn_HKG_TIDP_Rev 01.xlsx,TIDP 410_Rev 02
434_PF_CO_Union_MapressGas.rfa,434_PF,HKG,Cooling Revit Family,.rfa,MEP,DIG,4,10/07/2026,16/07/2026,22/07/2026,28/07/2026,DCMvn_HKG_TIDP_Rev 01.xlsx,TIDP 410_Rev 02
434_PF_CO_uTap_Thread.rfa,434_PF,HKG,Cooling Revit Family,.rfa,MEP,DIG,4,10/07/2026,16/07/2026,22/07/2026,28/07/2026,DCMvn_HKG_TIDP_Rev 01.xlsx,TIDP 410_Rev 02
434_PF_CO_xOffsetCross_Mapress.rfa,434_PF,HKG,Cooling Revit Family,.rfa,MEP,DIG,4,10/07/2026,16/07/2026,22/07/2026,28/07/2026,DCMvn_HKG_TIDP_Rev 01.xlsx,TIDP 410_Rev 02
491_NF_GussetPlate90dHexagon.rfa,491_NF,HKG,Hanger Revit Family,.rfa,MEP,DIG,7,13/08/2026,19/08/2026,25/08/2026,31/08/2026,DCMvn_HKG_TIDP_Rev 01.xlsx,TIDP 410_Rev 02
491_NF_GussetPlate90dRectangular.rfa,491_NF,HKG,Hanger Revit Family,.rfa,MEP,DIG,7,13/08/2026,19/08/2026,25/08/2026,31/08/2026,DCMvn_HKG_TIDP_Rev 01.xlsx,TIDP 410_Rev 02
491_NF_GussetPlate90dTCenter.rfa,491_NF,HKG,Hanger Revit Family,.rfa,MEP,DIG,7,13/08/2026,19/08/2026,25/08/2026,31/08/2026,DCMvn_HKG_TIDP_Rev 01.xlsx,TIDP 410_Rev 02
491_NF_GussetPlate90dTSide.rfa,491_NF,HKG,Hanger Revit Family,.rfa,MEP,DIG,7,13/08/2026,19/08/2026,25/08/2026,31/08/2026,DCMvn_HKG_TIDP_Rev 01.xlsx,TIDP 410_Rev 02
491_NF_GussetPlate_StairTreadSupport.rfa,491_NF,HKG,Hanger Revit Family,.rfa,MEP,DIG,7,13/08/2026,19/08/2026,25/08/2026,31/08/2026,DCMvn_HKG_TIDP_Rev 01.xlsx,TIDP 410_Rev 02
491_NF_GussetPlateAngularAxial.rfa,491_NF,HKG,Hanger Revit Family,.rfa,MEP,DIG,7,13/08/2026,19/08/2026,25/08/2026,31/08/2026,DCMvn_HKG_TIDP_Rev 01.xlsx,TIDP 410_Rev 02
491_NF_GussetPlateAngularDoubleAdjustableBrace.rfa,491_NF,HKG,Hanger Revit Family,.rfa,MEP,DIG,7,13/08/2026,19/08/2026,25/08/2026,31/08/2026,DCMvn_HKG_TIDP_Rev 01.xlsx,TIDP 410_Rev 02
491_NF_GussetPlateAngularRectangular.rfa,491_NF,HKG,Hanger Revit Family,.rfa,MEP,DIG,7,13/08/2026,19/08/2026,25/08/2026,31/08/2026,DCMvn_HKG_TIDP_Rev 01.xlsx,TIDP 410_Rev 02
491_NF_GussetPlateAngularSingleAdjustableBrace.rfa,491_NF,HKG,Hanger Revit Family,.rfa,MEP,DIG,7,13/08/2026,19/08/2026,25/08/2026,31/08/2026,DCMvn_HKG_TIDP_Rev 01.xlsx,TIDP 410_Rev 02
491_NF_GussetPlateBase.rfa,491_NF,HKG,Hanger Revit Family,.rfa,MEP,DIG,7,13/08/2026,19/08/2026,25/08/2026,31/08/2026,DCMvn_HKG_TIDP_Rev 01.xlsx,TIDP 410_Rev 02
491_NF_GussetPlateCantileverBracket.rfa,491_NF,HKG,Hanger Revit Family,.rfa,MEP,DIG,7,13/08/2026,19/08/2026,25/08/2026,31/08/2026,DCMvn_HKG_TIDP_Rev 01.xlsx,TIDP 410_Rev 02
491_NF_GussetPlateFlatHexagon.rfa,491_NF,HKG,Hanger Revit Family,.rfa,MEP,DIG,7,13/08/2026,19/08/2026,25/08/2026,31/08/2026,DCMvn_HKG_TIDP_Rev 01.xlsx,TIDP 410_Rev 02
491_NF_GussetPlateFlatRectangular.rfa,491_NF,HKG,Hanger Revit Family,.rfa,MEP,DIG,7,13/08/2026,19/08/2026,25/08/2026,31/08/2026,DCMvn_HKG_TIDP_Rev 01.xlsx,TIDP 410_Rev 02
491_NF_GussetPlateFlatSemiCircle.rfa,491_NF,HKG,Hanger Revit Family,.rfa,MEP,DIG,7,13/08/2026,19/08/2026,25/08/2026,31/08/2026,DCMvn_HKG_TIDP_Rev 01.xlsx,TIDP 410_Rev 02
491_NF_GussetPlateFlatT.rfa,491_NF,HKG,Hanger Revit Family,.rfa,MEP,DIG,7,13/08/2026,19/08/2026,25/08/2026,31/08/2026,DCMvn_HKG_TIDP_Rev 01.xlsx,TIDP 410_Rev 02
491_NF_GussetPlateTrailingArm.rfa,491_NF,HKG,Hanger Revit Family,.rfa,MEP,DIG,7,13/08/2026,19/08/2026,25/08/2026,31/08/2026,DCMvn_HKG_TIDP_Rev 01.xlsx,TIDP 410_Rev 02
491_NF_GussetPlateTrailingArmBrace.rfa,491_NF,HKG,Hanger Revit Family,.rfa,MEP,DIG,7,13/08/2026,19/08/2026,25/08/2026,31/08/2026,DCMvn_HKG_TIDP_Rev 01.xlsx,TIDP 410_Rev 02
491_NF_GussetPlateUShape.rfa,491_NF,HKG,Hanger Revit Family,.rfa,MEP,DIG,7,13/08/2026,19/08/2026,25/08/2026,31/08/2026,DCMvn_HKG_TIDP_Rev 01.xlsx,TIDP 410_Rev 02
491_NF_GussetPlateUShape_2Layers.rfa,491_NF,HKG,Hanger Revit Family,.rfa,MEP,DIG,7,13/08/2026,19/08/2026,25/08/2026,31/08/2026,DCMvn_HKG_TIDP_Rev 01.xlsx,TIDP 410_Rev 02
491_NF_GussetPlateUShape_Hanger.rfa,491_NF,HKG,Hanger Revit Family,.rfa,MEP,DIG,7,13/08/2026,19/08/2026,25/08/2026,31/08/2026,DCMvn_HKG_TIDP_Rev 01.xlsx,TIDP 410_Rev 02
491_NF_GussetPlateUShape_Omega.rfa,491_NF,HKG,Hanger Revit Family,.rfa,MEP,DIG,7,13/08/2026,19/08/2026,25/08/2026,31/08/2026,DCMvn_HKG_TIDP_Rev 01.xlsx,TIDP 410_Rev 02
491_NF_GussetPlateUShape_Side.rfa,491_NF,HKG,Hanger Revit Family,.rfa,MEP,DIG,7,13/08/2026,19/08/2026,25/08/2026,31/08/2026,DCMvn_HKG_TIDP_Rev 01.xlsx,TIDP 410_Rev 02
491_NF_GussetPlateWingShape.rfa,491_NF,HKG,Hanger Revit Family,.rfa,MEP,DIG,7,13/08/2026,19/08/2026,25/08/2026,31/08/2026,DCMvn_HKG_TIDP_Rev 01.xlsx,TIDP 410_Rev 02
491_NF_GussetPlateWShape.rfa,491_NF,HKG,Hanger Revit Family,.rfa,MEP,DIG,7,13/08/2026,19/08/2026,25/08/2026,31/08/2026,DCMvn_HKG_TIDP_Rev 01.xlsx,TIDP 410_Rev 02
491_NF_GussetPlateZShape.rfa,491_NF,HKG,Hanger Revit Family,.rfa,MEP,DIG,7,13/08/2026,19/08/2026,25/08/2026,31/08/2026,DCMvn_HKG_TIDP_Rev 01.xlsx,TIDP 410_Rev 02
491_NF_PipeClamp_OnePiece.rfa,491_NF,HKG,Hanger Revit Family,.rfa,MEP,DIG,7,13/08/2026,19/08/2026,25/08/2026,31/08/2026,DCMvn_HKG_TIDP_Rev 01.xlsx,TIDP 410_Rev 02
491_NF_PipeClamp_StandOffBracket.rfa,491_NF,HKG,Hanger Revit Family,.rfa,MEP,DIG,7,13/08/2026,19/08/2026,25/08/2026,31/08/2026,DCMvn_HKG_TIDP_Rev 01.xlsx,TIDP 410_Rev 02
491_NF_PipeClampAccessories_BladeEnd.rfa,491_NF,HKG,Hanger Revit Family,.rfa,MEP,DIG,7,13/08/2026,19/08/2026,25/08/2026,31/08/2026,DCMvn_HKG_TIDP_Rev 01.xlsx,TIDP 410_Rev 02
491_NF_PipeClampAccessories_Clevis.rfa,491_NF,HKG,Hanger Revit Family,.rfa,MEP,DIG,7,13/08/2026,19/08/2026,25/08/2026,31/08/2026,DCMvn_HKG_TIDP_Rev 01.xlsx,TIDP 410_Rev 02
491_NF_PipeClampAccessories_EyeNut.rfa,491_NF,HKG,Hanger Revit Family,.rfa,MEP,DIG,7,13/08/2026,19/08/2026,25/08/2026,31/08/2026,DCMvn_HKG_TIDP_Rev 01.xlsx,TIDP 410_Rev 02
491_NF_PipeClampAccessories_HangerStrap.rfa,491_NF,HKG,Hanger Revit Family,.rfa,MEP,DIG,7,13/08/2026,19/08/2026,25/08/2026,31/08/2026,DCMvn_HKG_TIDP_Rev 01.xlsx,TIDP 410_Rev 02
491_NF_PipeClampAccessories_LinkPlate.rfa,491_NF,HKG,Hanger Revit Family,.rfa,MEP,DIG,7,13/08/2026,19/08/2026,25/08/2026,31/08/2026,DCMvn_HKG_TIDP_Rev 01.xlsx,TIDP 410_Rev 02
491_NF_PipeClampAccessories_Turnbuckle.rfa,491_NF,HKG,Hanger Revit Family,.rfa,MEP,DIG,7,13/08/2026,19/08/2026,25/08/2026,31/08/2026,DCMvn_HKG_TIDP_Rev 01.xlsx,TIDP 410_Rev 02
491_NF_PipeClampAccessoriesPunchedAngle.rfa,491_NF,HKG,Hanger Revit Family,.rfa,MEP,DIG,7,13/08/2026,19/08/2026,25/08/2026,31/08/2026,DCMvn_HKG_TIDP_Rev 01.xlsx,TIDP 410_Rev 02
491_NF_PipeClampAccessoriesSquareWasher.rfa,491_NF,HKG,Hanger Revit Family,.rfa,MEP,DIG,7,13/08/2026,19/08/2026,25/08/2026,31/08/2026,DCMvn_HKG_TIDP_Rev 01.xlsx,TIDP 410_Rev 02
491_NF_PipeClampBeamAttachments_AngleBracket.rfa,491_NF,HKG,Hanger Revit Family,.rfa,MEP,DIG,7,13/08/2026,19/08/2026,25/08/2026,31/08/2026,DCMvn_HKG_TIDP_Rev 01.xlsx,TIDP 410_Rev 02
491_NF_PipeClampBeamAttachments_BeamClip.rfa,491_NF,HKG,Hanger Revit Family,.rfa,MEP,DIG,7,13/08/2026,19/08/2026,25/08/2026,31/08/2026,DCMvn_HKG_TIDP_Rev 01.xlsx,TIDP 410_Rev 02
491_NF_PipeClampBeamAttachments_FlangeClamp.rfa,491_NF,HKG,Hanger Revit Family,.rfa,MEP,DIG,7,13/08/2026,19/08/2026,25/08/2026,31/08/2026,DCMvn_HKG_TIDP_Rev 01.xlsx,TIDP 410_Rev 02
491_NF_PipeClampBeamAttachments_PipeBeamClip.rfa,491_NF,HKG,Hanger Revit Family,.rfa,MEP,DIG,7,13/08/2026,19/08/2026,25/08/2026,31/08/2026,DCMvn_HKG_TIDP_Rev 01.xlsx,TIDP 410_Rev 02
491_NF_PipeClampBeamAttachments_SphericalWasher.rfa,491_NF,HKG,Hanger Revit Family,.rfa,MEP,DIG,7,13/08/2026,19/08/2026,25/08/2026,31/08/2026,DCMvn_HKG_TIDP_Rev 01.xlsx,TIDP 410_Rev 02
491_NF_PipeClampBeamAttachments_SwivelCage.rfa,491_NF,HKG,Hanger Revit Family,.rfa,MEP,DIG,7,13/08/2026,19/08/2026,25/08/2026,31/08/2026,DCMvn_HKG_TIDP_Rev 01.xlsx,TIDP 410_Rev 02
491_NF_PipeClampBeamAttachmentsPurlinClip.rfa,491_NF,HKG,Hanger Revit Family,.rfa,MEP,DIG,7,13/08/2026,19/08/2026,25/08/2026,31/08/2026,DCMvn_HKG_TIDP_Rev 01.xlsx,TIDP 410_Rev 02
491_NF_PipeClampBeamAttachmentsSwivelFlangeClamp.rfa,491_NF,HKG,Hanger Revit Family,.rfa,MEP,DIG,7,13/08/2026,19/08/2026,25/08/2026,31/08/2026,DCMvn_HKG_TIDP_Rev 01.xlsx,TIDP 410_Rev 02
491_NF_PipeClampBeamAttachmentsUBracket.rfa,491_NF,HKG,Hanger Revit Family,.rfa,MEP,DIG,7,13/08/2026,19/08/2026,25/08/2026,31/08/2026,DCMvn_HKG_TIDP_Rev 01.xlsx,TIDP 410_Rev 02
491_NF_PipeClampBeamAttachmentsWeldOnBracket.rfa,491_NF,HKG,Hanger Revit Family,.rfa,MEP,DIG,7,13/08/2026,19/08/2026,25/08/2026,31/08/2026,DCMvn_HKG_TIDP_Rev 01.xlsx,TIDP 410_Rev 02
491_NF_PipeClampDoubleBoltStrut.rfa,491_NF,HKG,Hanger Revit Family,.rfa,MEP,DIG,7,13/08/2026,19/08/2026,25/08/2026,31/08/2026,DCMvn_HKG_TIDP_Rev 01.xlsx,TIDP 410_Rev 02
491_NF_PipeClampFourBolt.rfa,491_NF,HKG,Hanger Revit Family,.rfa,MEP,DIG,7,13/08/2026,19/08/2026,25/08/2026,31/08/2026,DCMvn_HKG_TIDP_Rev 01.xlsx,TIDP 410_Rev 02
491_NF_PipeClampHangedSaddle.rfa,491_NF,HKG,Hanger Revit Family,.rfa,MEP,DIG,7,13/08/2026,19/08/2026,25/08/2026,31/08/2026,DCMvn_HKG_TIDP_Rev 01.xlsx,TIDP 410_Rev 02
491_NF_PipeClampPearHanger.rfa,491_NF,HKG,Hanger Revit Family,.rfa,MEP,DIG,7,13/08/2026,19/08/2026,25/08/2026,31/08/2026,DCMvn_HKG_TIDP_Rev 01.xlsx,TIDP 410_Rev 02
491_NF_PipeClampSingleBoltStrut.rfa,491_NF,HKG,Hanger Revit Family,.rfa,MEP,DIG,7,13/08/2026,19/08/2026,25/08/2026,31/08/2026,DCMvn_HKG_TIDP_Rev 01.xlsx,TIDP 410_Rev 02
491_NF_PipeClampThreeBolt.rfa,491_NF,HKG,Hanger Revit Family,.rfa,MEP,DIG,7,13/08/2026,19/08/2026,25/08/2026,31/08/2026,DCMvn_HKG_TIDP_Rev 01.xlsx,TIDP 410_Rev 02
491_NF_PipeClampTwistClip.rfa,491_NF,HKG,Hanger Revit Family,.rfa,MEP,DIG,7,13/08/2026,19/08/2026,25/08/2026,31/08/2026,DCMvn_HKG_TIDP_Rev 01.xlsx,TIDP 410_Rev 02
491_NF_PipeClampTwoPiece.rfa,491_NF,HKG,Hanger Revit Family,.rfa,MEP,DIG,7,13/08/2026,19/08/2026,25/08/2026,31/08/2026,DCMvn_HKG_TIDP_Rev 01.xlsx,TIDP 410_Rev 02
491_NF_PipeClampTwoPieceWithYoke.rfa,491_NF,HKG,Hanger Revit Family,.rfa,MEP,DIG,7,13/08/2026,19/08/2026,25/08/2026,31/08/2026,DCMvn_HKG_TIDP_Rev 01.xlsx,TIDP 410_Rev 02
491_NF_PipeClampUBolt.rfa,491_NF,HKG,Hanger Revit Family,.rfa,MEP,DIG,7,13/08/2026,19/08/2026,25/08/2026,31/08/2026,DCMvn_HKG_TIDP_Rev 01.xlsx,TIDP 410_Rev 02
491_NF_Steel_A1000_Unistrut.rfa,491_NF,HKG,Hanger Revit Family,.rfa,MEP,DIG,7,13/08/2026,19/08/2026,25/08/2026,31/08/2026,DCMvn_HKG_TIDP_Rev 01.xlsx,TIDP 410_Rev 02
491_NF_Steel_AnchorScrew.rfa,491_NF,HKG,Hanger Revit Family,.rfa,MEP,DIG,7,13/08/2026,19/08/2026,25/08/2026,31/08/2026,DCMvn_HKG_TIDP_Rev 01.xlsx,TIDP 410_Rev 02
491_NF_Steel_CantileverBrackets_Triangle.rfa,491_NF,HKG,Hanger Revit Family,.rfa,MEP,DIG,7,13/08/2026,19/08/2026,25/08/2026,31/08/2026,DCMvn_HKG_TIDP_Rev 01.xlsx,TIDP 410_Rev 02
491_NF_Steel_FlatWashers.rfa,491_NF,HKG,Hanger Revit Family,.rfa,MEP,DIG,7,13/08/2026,19/08/2026,25/08/2026,31/08/2026,DCMvn_HKG_TIDP_Rev 01.xlsx,TIDP 410_Rev 02
491_NF_Steel_HexagonHeadScrew.rfa,491_NF,HKG,Hanger Revit Family,.rfa,MEP,DIG,7,13/08/2026,19/08/2026,25/08/2026,31/08/2026,DCMvn_HKG_TIDP_Rev 01.xlsx,TIDP 410_Rev 02
491_NF_Steel_HexagonNut_Threaded.rfa,491_NF,HKG,Hanger Revit Family,.rfa,MEP,DIG,7,13/08/2026,19/08/2026,25/08/2026,31/08/2026,DCMvn_HKG_TIDP_Rev 01.xlsx,TIDP 410_Rev 02
491_NF_Steel_P1000_Unistrut.rfa,491_NF,HKG,Hanger Revit Family,.rfa,MEP,DIG,7,13/08/2026,19/08/2026,25/08/2026,31/08/2026,DCMvn_HKG_TIDP_Rev 01.xlsx,TIDP 410_Rev 02
491_NF_Steel_P1000B_Unistrut.rfa,491_NF,HKG,Hanger Revit Family,.rfa,MEP,DIG,7,13/08/2026,19/08/2026,25/08/2026,31/08/2026,DCMvn_HKG_TIDP_Rev 01.xlsx,TIDP 410_Rev 02
491_NF_Steel_P1000C41_Unistrut.rfa,491_NF,HKG,Hanger Revit Family,.rfa,MEP,DIG,7,13/08/2026,19/08/2026,25/08/2026,31/08/2026,DCMvn_HKG_TIDP_Rev 01.xlsx,TIDP 410_Rev 02
491_NF_Steel_P1000C_Unistrut.rfa,491_NF,HKG,Hanger Revit Family,.rfa,MEP,DIG,7,13/08/2026,19/08/2026,25/08/2026,31/08/2026,DCMvn_HKG_TIDP_Rev 01.xlsx,TIDP 410_Rev 02
491_NF_Steel_P10013_Unistrut.rfa,491_NF,HKG,Hanger Revit Family,.rfa,MEP,DIG,7,13/08/2026,19/08/2026,25/08/2026,31/08/2026,DCMvn_HKG_TIDP_Rev 01.xlsx,TIDP 410_Rev 02
491_NF_Steel_P1001_Unistrut.rfa,491_NF,HKG,Hanger Revit Family,.rfa,MEP,DIG,7,13/08/2026,19/08/2026,25/08/2026,31/08/2026,DCMvn_HKG_TIDP_Rev 01.xlsx,TIDP 410_Rev 02
491_NF_Steel_P1001A_Unistrut.rfa,491_NF,HKG,Hanger Revit Family,.rfa,MEP,DIG,7,13/08/2026,19/08/2026,25/08/2026,31/08/2026,DCMvn_HKG_TIDP_Rev 01.xlsx,TIDP 410_Rev 02
491_NF_Steel_P1001C3_Unistrut.rfa,491_NF,HKG,Hanger Revit Family,.rfa,MEP,DIG,7,13/08/2026,19/08/2026,25/08/2026,31/08/2026,DCMvn_HKG_TIDP_Rev 01.xlsx,TIDP 410_Rev 02
491_NF_Steel_P1001D3_Unistrut.rfa,491_NF,HKG,Hanger Revit Family,.rfa,MEP,DIG,7,13/08/2026,19/08/2026,25/08/2026,31/08/2026,DCMvn_HKG_TIDP_Rev 01.xlsx,TIDP 410_Rev 02
491_NF_Steel_P1003_Unistrut.rfa,491_NF,HKG,Hanger Revit Family,.rfa,MEP,DIG,7,13/08/2026,19/08/2026,25/08/2026,31/08/2026,DCMvn_HKG_TIDP_Rev 01.xlsx,TIDP 410_Rev 02
491_NF_Steel_P1004A_Unistrut.rfa,491_NF,HKG,Hanger Revit Family,.rfa,MEP,DIG,7,13/08/2026,19/08/2026,25/08/2026,31/08/2026,DCMvn_HKG_TIDP_Rev 01.xlsx,TIDP 410_Rev 02
491_NF_Steel_P2001A_Unistrut.rfa,491_NF,HKG,Hanger Revit Family,.rfa,MEP,DIG,7,13/08/2026,19/08/2026,25/08/2026,31/08/2026,DCMvn_HKG_TIDP_Rev 01.xlsx,TIDP 410_Rev 02
491_NF_Steel_P2001B_Unistrut.rfa,491_NF,HKG,Hanger Revit Family,.rfa,MEP,DIG,7,13/08/2026,19/08/2026,25/08/2026,31/08/2026,DCMvn_HKG_TIDP_Rev 01.xlsx,TIDP 410_Rev 02
491_NF_Steel_P2001C3_Unistrut.rfa,491_NF,HKG,Hanger Revit Family,.rfa,MEP,DIG,7,13/08/2026,19/08/2026,25/08/2026,31/08/2026,DCMvn_HKG_TIDP_Rev 01.xlsx,TIDP 410_Rev 02
491_NF_Steel_P3300_Unistrut.rfa,491_NF,HKG,Hanger Revit Family,.rfa,MEP,DIG,7,13/08/2026,19/08/2026,25/08/2026,31/08/2026,DCMvn_HKG_TIDP_Rev 01.xlsx,TIDP 410_Rev 02
491_NF_Steel_P4000_Unistrut.rfa,491_NF,HKG,Hanger Revit Family,.rfa,MEP,DIG,7,13/08/2026,19/08/2026,25/08/2026,31/08/2026,DCMvn_HKG_TIDP_Rev 01.xlsx,TIDP 410_Rev 02
491_NF_Steel_P40021_Unistrut.rfa,491_NF,HKG,Hanger Revit Family,.rfa,MEP,DIG,7,13/08/2026,19/08/2026,25/08/2026,31/08/2026,DCMvn_HKG_TIDP_Rev 01.xlsx,TIDP 410_Rev 02
491_NF_Steel_P4003_Unistrut.rfa,491_NF,HKG,Hanger Revit Family,.rfa,MEP,DIG,7,13/08/2026,19/08/2026,25/08/2026,31/08/2026,DCMvn_HKG_TIDP_Rev 01.xlsx,TIDP 410_Rev 02
491_NF_Steel_P5500_Unistrut.rfa,491_NF,HKG,Hanger Revit Family,.rfa,MEP,DIG,7,13/08/2026,19/08/2026,25/08/2026,31/08/2026,DCMvn_HKG_TIDP_Rev 01.xlsx,TIDP 410_Rev 02
491_NF_Steel_P5501_Unistrut.rfa,491_NF,HKG,Hanger Revit Family,.rfa,MEP,DIG,7,13/08/2026,19/08/2026,25/08/2026,31/08/2026,DCMvn_HKG_TIDP_Rev 01.xlsx,TIDP 410_Rev 02
491_NF_Steel_UnirodThreadedRod.rfa,491_NF,HKG,Hanger Revit Family,.rfa,MEP,DIG,7,13/08/2026,19/08/2026,25/08/2026,31/08/2026,DCMvn_HKG_TIDP_Rev 01.xlsx,TIDP 410_Rev 02
491_SE_ArmFromDoublePerpendicularArm.rfa,491_SE,HKG,Hanger Revit Family,.rfa,MEP,DIG,7,13/08/2026,19/08/2026,25/08/2026,31/08/2026,DCMvn_HKG_TIDP_Rev 01.xlsx,TIDP 410_Rev 02
491_SE_ArmWithAngleBracket.rfa,491_SE,HKG,Hanger Revit Family,.rfa,MEP,DIG,7,13/08/2026,19/08/2026,25/08/2026,31/08/2026,DCMvn_HKG_TIDP_Rev 01.xlsx,TIDP 410_Rev 02
491_SE_BracingArmSKOF80.rfa,491_SE,HKG,Hanger Revit Family,.rfa,MEP,DIG,7,13/08/2026,19/08/2026,25/08/2026,31/08/2026,DCMvn_HKG_TIDP_Rev 01.xlsx,TIDP 410_Rev 02
491_SE_CantileverBracketAKF80.rfa,491_SE,HKG,Hanger Revit Family,.rfa,MEP,DIG,7,13/08/2026,19/08/2026,25/08/2026,31/08/2026,DCMvn_HKG_TIDP_Rev 01.xlsx,TIDP 410_Rev 02
491_SE_ClampDoublePiece.rfa,491_SE,HKG,Hanger Revit Family,.rfa,MEP,DIG,7,13/08/2026,19/08/2026,25/08/2026,31/08/2026,DCMvn_HKG_TIDP_Rev 01.xlsx,TIDP 410_Rev 02
491_SE_ConductorHolders_FloorStand.rfa,491_SE,HKG,Hanger Revit Family,.rfa,MEP,DIG,7,13/08/2026,19/08/2026,25/08/2026,31/08/2026,DCMvn_HKG_TIDP_Rev 01.xlsx,TIDP 410_Rev 02
491_SE_DoublePillarWithPlate.rfa,491_SE,HKG,Hanger Revit Family,.rfa,MEP,DIG,7,13/08/2026,19/08/2026,25/08/2026,31/08/2026,DCMvn_HKG_TIDP_Rev 01.xlsx,TIDP 410_Rev 02
491_SE_DouleClampWithFoundationPlate.rfa,491_SE,HKG,Hanger Revit Family,.rfa,MEP,DIG,7,13/08/2026,19/08/2026,25/08/2026,31/08/2026,DCMvn_HKG_TIDP_Rev 01.xlsx,TIDP 410_Rev 02
491_SE_EndSupportSTAF80.rfa,491_SE,HKG,Hanger Revit Family,.rfa,MEP,DIG,7,13/08/2026,19/08/2026,25/08/2026,31/08/2026,DCMvn_HKG_TIDP_Rev 01.xlsx,TIDP 410_Rev 02
491_SE_FixedpointsetXS.rfa,491_SE,HKG,Hanger Revit Family,.rfa,MEP,DIG,7,13/08/2026,19/08/2026,25/08/2026,31/08/2026,DCMvn_HKG_TIDP_Rev 01.xlsx,TIDP 410_Rev 02
491_SE_FrameHangerTopBase.rfa,491_SE,HKG,Hanger Revit Family,.rfa,MEP,DIG,7,13/08/2026,19/08/2026,25/08/2026,31/08/2026,DCMvn_HKG_TIDP_Rev 01.xlsx,TIDP 410_Rev 02
491_SE_GuidingBracketFWF.rfa,491_SE,HKG,Hanger Revit Family,.rfa,MEP,DIG,7,13/08/2026,19/08/2026,25/08/2026,31/08/2026,DCMvn_HKG_TIDP_Rev 01.xlsx,TIDP 410_Rev 02
491_SE_PillarOnTopAndDoubleArmWithThread.rfa,491_SE,HKG,Hanger Revit Family,.rfa,MEP,DIG,7,13/08/2026,19/08/2026,25/08/2026,31/08/2026,DCMvn_HKG_TIDP_Rev 01.xlsx,TIDP 410_Rev 02
491_SE_PillarOnTopAndSingleArmWithThread.rfa,491_SE,HKG,Hanger Revit Family,.rfa,MEP,DIG,7,13/08/2026,19/08/2026,25/08/2026,31/08/2026,DCMvn_HKG_TIDP_Rev 01.xlsx,TIDP 410_Rev 02
491_SE_PillarWithPlate.rfa,491_SE,HKG,Hanger Revit Family,.rfa,MEP,DIG,7,13/08/2026,19/08/2026,25/08/2026,31/08/2026,DCMvn_HKG_TIDP_Rev 01.xlsx,TIDP 410_Rev 02
491_SE_PipeClampWithRubberRing.rfa,491_SE,HKG,Hanger Revit Family,.rfa,MEP,DIG,7,13/08/2026,19/08/2026,25/08/2026,31/08/2026,DCMvn_HKG_TIDP_Rev 01.xlsx,TIDP 410_Rev 02
491_SE_PipeClampWithShadeNut.rfa,491_SE,HKG,Hanger Revit Family,.rfa,MEP,DIG,7,13/08/2026,19/08/2026,25/08/2026,31/08/2026,DCMvn_HKG_TIDP_Rev 01.xlsx,TIDP 410_Rev 02
491_SE_PipeStrapWithUType.rfa,491_SE,HKG,Hanger Revit Family,.rfa,MEP,DIG,7,13/08/2026,19/08/2026,25/08/2026,31/08/2026,DCMvn_HKG_TIDP_Rev 01.xlsx,TIDP 410_Rev 02
491_SE_PipeSupport_FloorStandingType.rfa,491_SE,HKG,Hanger Revit Family,.rfa,MEP,DIG,7,13/08/2026,19/08/2026,25/08/2026,31/08/2026,DCMvn_HKG_TIDP_Rev 01.xlsx,TIDP 410_Rev 02
491_SE_PipeSupport_Riser_ClampType.rfa,491_SE,HKG,Hanger Revit Family,.rfa,MEP,DIG,7,13/08/2026,19/08/2026,25/08/2026,31/08/2026,DCMvn_HKG_TIDP_Rev 01.xlsx,TIDP 410_Rev 02
491_SE_PipeSupport_RiserType.rfa,491_SE,HKG,Hanger Revit Family,.rfa,MEP,DIG,7,13/08/2026,19/08/2026,25/08/2026,31/08/2026,DCMvn_HKG_TIDP_Rev 01.xlsx,TIDP 410_Rev 02
491_SE_PipeTrapezeHangerDoubleFrame.rfa,491_SE,HKG,Hanger Revit Family,.rfa,MEP,DIG,7,13/08/2026,19/08/2026,25/08/2026,31/08/2026,DCMvn_HKG_TIDP_Rev 01.xlsx,TIDP 410_Rev 02
491_SE_PipeTrapezeHangerSingleFrame.rfa,491_SE,HKG,Hanger Revit Family,.rfa,MEP,DIG,7,13/08/2026,19/08/2026,25/08/2026,31/08/2026,DCMvn_HKG_TIDP_Rev 01.xlsx,TIDP 410_Rev 02
491_SE_RectangularDuctHanger_Standard.rfa,491_SE,HKG,Hanger Revit Family,.rfa,MEP,DIG,7,13/08/2026,19/08/2026,25/08/2026,31/08/2026,DCMvn_HKG_TIDP_Rev 01.xlsx,TIDP 410_Rev 02
491_SE_RoundDuctHanger_Standard.rfa,491_SE,HKG,Hanger Revit Family,.rfa,MEP,DIG,7,13/08/2026,19/08/2026,25/08/2026,31/08/2026,DCMvn_HKG_TIDP_Rev 01.xlsx,TIDP 410_Rev 02
491_SE_ShouderWithDoubleArm.rfa,491_SE,HKG,Hanger Revit Family,.rfa,MEP,DIG,7,13/08/2026,19/08/2026,25/08/2026,31/08/2026,DCMvn_HKG_TIDP_Rev 01.xlsx,TIDP 410_Rev 02
491_SE_SingleArmWithDoubleBracket.rfa,491_SE,HKG,Hanger Revit Family,.rfa,MEP,DIG,7,13/08/2026,19/08/2026,25/08/2026,31/08/2026,DCMvn_HKG_TIDP_Rev 01.xlsx,TIDP 410_Rev 02
491_SE_SingleArmWithPillarOnTop.rfa,491_SE,HKG,Hanger Revit Family,.rfa,MEP,DIG,7,13/08/2026,19/08/2026,25/08/2026,31/08/2026,DCMvn_HKG_TIDP_Rev 01.xlsx,TIDP 410_Rev 02
491_SE_SingleArmWithPlate.rfa,491_SE,HKG,Hanger Revit Family,.rfa,MEP,DIG,7,13/08/2026,19/08/2026,25/08/2026,31/08/2026,DCMvn_HKG_TIDP_Rev 01.xlsx,TIDP 410_Rev 02
491_SE_SlidesetFS.rfa,491_SE,HKG,Hanger Revit Family,.rfa,MEP,DIG,7,13/08/2026,19/08/2026,25/08/2026,31/08/2026,DCMvn_HKG_TIDP_Rev 01.xlsx,TIDP 410_Rev 02
430_AT_AirDiffuser_Standard.rfa,430_AT,RLT,Air Terminal Revit Family,.rfa,MEP,DIG,,03/07/2026,10/07/2026,17/07/2026,24/07/2026,DCMvn_RLT_TIDP_Rev05.xlsx,TIDP 430
430_AT_CircularDiscValves_LVS_Return.rfa,430_AT,RLT,Air Terminal Revit Family,.rfa,MEP,DIG,,03/07/2026,10/07/2026,17/07/2026,24/07/2026,DCMvn_RLT_TIDP_Rev05.xlsx,TIDP 430
430_AT_CircularDiscValves_ZLVS_Supply.rfa,430_AT,RLT,Air Terminal Revit Family,.rfa,MEP,DIG,,03/07/2026,10/07/2026,17/07/2026,24/07/2026,DCMvn_RLT_TIDP_Rev05.xlsx,TIDP 430
430_AT_CrossflowCFE_TPP_NoSystem.rfa,430_AT,RLT,Air Terminal Revit Family,.rfa,MEP,DIG,,03/07/2026,10/07/2026,17/07/2026,24/07/2026,DCMvn_RLT_TIDP_Rev05.xlsx,TIDP 430
430_AT_DeflectorHood_Roof_Rectangular_Exhaust.rfa,430_AT,RLT,Air Terminal Revit Family,.rfa,MEP,DIG,,03/07/2026,10/07/2026,17/07/2026,24/07/2026,DCMvn_RLT_TIDP_Rev05.xlsx,TIDP 430
430_AT_DeflectorHood_Roof_Rectangular_FreshAirIntake.rfa,430_AT,RLT,Air Terminal Revit Family,.rfa,MEP,DIG,,03/07/2026,10/07/2026,17/07/2026,24/07/2026,DCMvn_RLT_TIDP_Rev05.xlsx,TIDP 430
430_AT_DeflectorHood_Roof_Round_Exhaust.rfa,430_AT,RLT,Air Terminal Revit Family,.rfa,MEP,DIG,,03/07/2026,10/07/2026,17/07/2026,24/07/2026,DCMvn_RLT_TIDP_Rev05.xlsx,TIDP 430
430_AT_DeflectorHood_Roof_Round_FreshAirIntake.rfa,430_AT,RLT,Air Terminal Revit Family,.rfa,MEP,DIG,,03/07/2026,10/07/2026,17/07/2026,24/07/2026,DCMvn_RLT_TIDP_Rev05.xlsx,TIDP 430
430_AT_Diffuser_Ceiling_Rectangular_AIRNAMIC_Return.rfa,430_AT,RLT,Air Terminal Revit Family,.rfa,MEP,DIG,,10/07/2026,17/07/2026,24/07/2026,31/07/2026,DCMvn_RLT_TIDP_Rev05.xlsx,TIDP 430
430_AT_Diffuser_Ceiling_Rectangular_AIRNAMIC_Supply.rfa,430_AT,RLT,Air Terminal Revit Family,.rfa,MEP,DIG,,10/07/2026,17/07/2026,24/07/2026,31/07/2026,DCMvn_RLT_TIDP_Rev05.xlsx,TIDP 430
430_AT_Diffuser_Ceiling_Round_AIRNAMIC_Exhaust.rfa,430_AT,RLT,Air Terminal Revit Family,.rfa,MEP,DIG,,10/07/2026,17/07/2026,24/07/2026,31/07/2026,DCMvn_RLT_TIDP_Rev05.xlsx,TIDP 430
430_AT_Diffuser_Ceiling_Round_AIRNAMIC_Supply.rfa,430_AT,RLT,Air Terminal Revit Family,.rfa,MEP,DIG,,10/07/2026,17/07/2026,24/07/2026,31/07/2026,DCMvn_RLT_TIDP_Rev05.xlsx,TIDP 430
430_AT_Diffuser_CeilingHorizontal_1ConnectionAsymmetrical_Return.rfa,430_AT,RLT,Air Terminal Revit Family,.rfa,MEP,DIG,,03/07/2026,10/07/2026,17/07/2026,24/07/2026,DCMvn_RLT_TIDP_Rev05.xlsx,TIDP 430
430_AT_Diffuser_CeilingHorizontal_1ConnectionAsymmetrical_Supply.rfa,430_AT,RLT,Air Terminal Revit Family,.rfa,MEP,DIG,,03/07/2026,10/07/2026,17/07/2026,24/07/2026,DCMvn_RLT_TIDP_Rev05.xlsx,TIDP 430
430_AT_Diffuser_CeilingHorizontal_1ConnectionSymmetrical_Return.rfa,430_AT,RLT,Air Terminal Revit Family,.rfa,MEP,DIG,,03/07/2026,10/07/2026,17/07/2026,24/07/2026,DCMvn_RLT_TIDP_Rev05.xlsx,TIDP 430
430_AT_Diffuser_CeilingHorizontal_1ConnectionSymmetrical_Supply.rfa,430_AT,RLT,Air Terminal Revit Family,.rfa,MEP,DIG,,03/07/2026,10/07/2026,17/07/2026,24/07/2026,DCMvn_RLT_TIDP_Rev05.xlsx,TIDP 430
430_AT_Diffuser_CeilingHorizontal_2ConnectionAsymmetrical_Return.rfa,430_AT,RLT,Air Terminal Revit Family,.rfa,MEP,DIG,,03/07/2026,10/07/2026,17/07/2026,24/07/2026,DCMvn_RLT_TIDP_Rev05.xlsx,TIDP 430
430_AT_Diffuser_CeilingHorizontal_2ConnectionAsymmetrical_Supply.rfa,430_AT,RLT,Air Terminal Revit Family,.rfa,MEP,DIG,,03/07/2026,10/07/2026,17/07/2026,24/07/2026,DCMvn_RLT_TIDP_Rev05.xlsx,TIDP 430
430_AT_Diffuser_CeilingHorizontal_2ConnectionSymmetrical_Return.rfa,430_AT,RLT,Air Terminal Revit Family,.rfa,MEP,DIG,,03/07/2026,10/07/2026,17/07/2026,24/07/2026,DCMvn_RLT_TIDP_Rev05.xlsx,TIDP 430
430_AT_Diffuser_CeilingHorizontal_2ConnectionSymmetrical_Supply.rfa,430_AT,RLT,Air Terminal Revit Family,.rfa,MEP,DIG,,03/07/2026,10/07/2026,17/07/2026,24/07/2026,DCMvn_RLT_TIDP_Rev05.xlsx,TIDP 430
430_AT_Diffuser_CeilingVertical_1ConnectionSymmetrical_Return.rfa,430_AT,RLT,Air Terminal Revit Family,.rfa,MEP,DIG,,10/07/2026,17/07/2026,24/07/2026,31/07/2026,DCMvn_RLT_TIDP_Rev05.xlsx,TIDP 430
430_AT_Diffuser_CeilingVertical_1ConnectionSymmetrical_Supply.rfa,430_AT,RLT,Air Terminal Revit Family,.rfa,MEP,DIG,,10/07/2026,17/07/2026,24/07/2026,31/07/2026,DCMvn_RLT_TIDP_Rev05.xlsx,TIDP 430
430_AT_Diffuser_CeilingVertical_2ConnectionSymmetrical_Return.rfa,430_AT,RLT,Air Terminal Revit Family,.rfa,MEP,DIG,,10/07/2026,17/07/2026,24/07/2026,31/07/2026,DCMvn_RLT_TIDP_Rev05.xlsx,TIDP 430
430_AT_Diffuser_CeilingVertical_2ConnectionSymmetrical_Supply.rfa,430_AT,RLT,Air Terminal Revit Family,.rfa,MEP,DIG,,10/07/2026,17/07/2026,24/07/2026,31/07/2026,DCMvn_RLT_TIDP_Rev05.xlsx,TIDP 430
430_AT_Diffuser_FloorHorizontal_Rectangular_AH_Return.rfa,430_AT,RLT,Air Terminal Revit Family,.rfa,MEP,DIG,,10/07/2026,17/07/2026,24/07/2026,31/07/2026,DCMvn_RLT_TIDP_Rev05.xlsx,TIDP 430
430_AT_Diffuser_FloorHorizontal_Rectangular_AH_Supply.rfa,430_AT,RLT,Air Terminal Revit Family,.rfa,MEP,DIG,,10/07/2026,17/07/2026,24/07/2026,31/07/2026,DCMvn_RLT_TIDP_Rev05.xlsx,TIDP 430
430_AT_Diffusers_Floor_FBK_Return.rfa,430_AT,RLT,Air Terminal Revit Family,.rfa,MEP,DIG,,03/07/2026,10/07/2026,17/07/2026,24/07/2026,DCMvn_RLT_TIDP_Rev05.xlsx,TIDP 430
430_AT_Diffusers_Floor_FBK_Supply.rfa,430_AT,RLT,Air Terminal Revit Family,.rfa,MEP,DIG,,03/07/2026,10/07/2026,17/07/2026,24/07/2026,DCMvn_RLT_TIDP_Rev05.xlsx,TIDP 430
430_AT_Diffusers_Wall_CHM_Supply.rfa,430_AT,RLT,Air Terminal Revit Family,.rfa,MEP,DIG,,03/07/2026,10/07/2026,17/07/2026,24/07/2026,DCMvn_RLT_TIDP_Rev05.xlsx,TIDP 430
430_AT_Diffusers_Wall_CHS_Supply.rfa,430_AT,RLT,Air Terminal Revit Family,.rfa,MEP,DIG,,03/07/2026,10/07/2026,17/07/2026,24/07/2026,DCMvn_RLT_TIDP_Rev05.xlsx,TIDP 430
430_AT_DiscValvesSTVA_Return.rfa,430_AT,RLT,Air Terminal Revit Family,.rfa,MEP,DIG,,10/07/2026,17/07/2026,24/07/2026,31/07/2026,DCMvn_RLT_TIDP_Rev05.xlsx,TIDP 430
430_AT_DiscValvesSTVZ_Supply.rfa,430_AT,RLT,Air Terminal Revit Family,.rfa,MEP,DIG,,10/07/2026,17/07/2026,24/07/2026,31/07/2026,DCMvn_RLT_TIDP_Rev05.xlsx,TIDP 430
430_AT_DisplacementFlowDiffusers_Wall_QLF_Supply.rfa,430_AT,RLT,Air Terminal Revit Family,.rfa,MEP,DIG,,10/07/2026,17/07/2026,24/07/2026,31/07/2026,DCMvn_RLT_TIDP_Rev05.xlsx,TIDP 430
430_AT_DisplacementFlowDiffusers_Wall_QLV_Supply.rfa,430_AT,RLT,Air Terminal Revit Family,.rfa,MEP,DIG,,10/07/2026,17/07/2026,24/07/2026,31/07/2026,DCMvn_RLT_TIDP_Rev05.xlsx,TIDP 430
430_AT_DoubleSlot_CeilingHorizontal_1ConnectionSymmetrical_Withbox.rfa,430_AT,RLT,Air Terminal Revit Family,.rfa,MEP,DIG,,10/07/2026,17/07/2026,24/07/2026,31/07/2026,DCMvn_RLT_TIDP_Rev05.xlsx,TIDP 430
430_AT_EggCrateAirGrill_HorizontalCeiling_Rectangular_Return.rfa,430_AT,RLT,Air Terminal Revit Family,.rfa,MEP,DIG,,10/07/2026,17/07/2026,24/07/2026,31/07/2026,DCMvn_RLT_TIDP_Rev05.xlsx,TIDP 430
430_AT_ExternalRainProtectionGrill_Wall_Round.rfa,430_AT,RLT,Air Terminal Revit Family,.rfa,MEP,DIG,,10/07/2026,17/07/2026,24/07/2026,31/07/2026,DCMvn_RLT_TIDP_Rev05.xlsx,TIDP 430
430_AT_Grilles_Wall_Rectangular_TRS_FreshAirIntake.rfa,430_AT,RLT,Air Terminal Revit Family,.rfa,MEP,DIG,,10/07/2026,17/07/2026,24/07/2026,31/07/2026,DCMvn_RLT_TIDP_Rev05.xlsx,TIDP 430
430_AT_Grilles_Wall_Rectangular_TRS_Return.rfa,430_AT,RLT,Air Terminal Revit Family,.rfa,MEP,DIG,,10/07/2026,17/07/2026,24/07/2026,31/07/2026,DCMvn_RLT_TIDP_Rev05.xlsx,TIDP 430
430_AT_Grilles_Wall_Rectangular_TRS_Supply.rfa,430_AT,RLT,Air Terminal Revit Family,.rfa,MEP,DIG,,10/07/2026,17/07/2026,24/07/2026,31/07/2026,DCMvn_RLT_TIDP_Rev05.xlsx,TIDP 430
430_AT_GrilleWeatherProtection_Wall_Rectangular_WGAL_Exhaust.rfa,430_AT,RLT,Air Terminal Revit Family,.rfa,MEP,DIG,,17/07/2026,24/07/2026,31/07/2026,07/08/2026,DCMvn_RLT_TIDP_Rev05.xlsx,TIDP 430
430_AT_GrilleWeatherProtection_Wall_Rectangular_WGAL_Supply.rfa,430_AT,RLT,Air Terminal Revit Family,.rfa,MEP,DIG,,17/07/2026,24/07/2026,31/07/2026,07/08/2026,DCMvn_RLT_TIDP_Rev05.xlsx,TIDP 430
430_AT_GrilleWeatherProtection_Wall_Rectangular_WGALHeightSubdivided_Supply.rfa,430_AT,RLT,Air Terminal Revit Family,.rfa,MEP,DIG,,17/07/2026,24/07/2026,31/07/2026,07/08/2026,DCMvn_RLT_TIDP_Rev05.xlsx,TIDP 430
430_AT_GrilleWeatherProtection_Wall_Rectangular_WGALHeightSubdividedExhaust.rfa,430_AT,RLT,Air Terminal Revit Family,.rfa,MEP,DIG,,17/07/2026,24/07/2026,31/07/2026,07/08/2026,DCMvn_RLT_TIDP_Rev05.xlsx,TIDP 430
430_AT_GrilleWeatherProtection_Wall_Rectangular_WGALWidthSubdivided_Exhaust.rfa,430_AT,RLT,Air Terminal Revit Family,.rfa,MEP,DIG,,17/07/2026,24/07/2026,31/07/2026,07/08/2026,DCMvn_RLT_TIDP_Rev05.xlsx,TIDP 430
430_AT_GrilleWeatherProtection_Wall_Rectangular_WGALWidthSubdivided_Supply.rfa,430_AT,RLT,Air Terminal Revit Family,.rfa,MEP,DIG,,17/07/2026,24/07/2026,31/07/2026,07/08/2026,DCMvn_RLT_TIDP_Rev05.xlsx,TIDP 430
430_AT_InspectionOpenings_RecDuctHorizontal_Rectangular.rfa,430_AT,RLT,Air Terminal Revit Family,.rfa,MEP,DIG,,17/07/2026,24/07/2026,31/07/2026,07/08/2026,DCMvn_RLT_TIDP_Rev05.xlsx,TIDP 430
430_AT_InspectionOpenings_RoundDuctHorizontal_Oval.rfa,430_AT,RLT,Air Terminal Revit Family,.rfa,MEP,DIG,,17/07/2026,24/07/2026,31/07/2026,07/08/2026,DCMvn_RLT_TIDP_Rev05.xlsx,TIDP 430
430_AT_JetDiffuser_Round_Standard.rfa,430_AT,RLT,Air Terminal Revit Family,.rfa,MEP,DIG,,17/07/2026,24/07/2026,31/07/2026,07/08/2026,DCMvn_RLT_TIDP_Rev05.xlsx,TIDP 430
430_AT_LamellarHood_Roof_Rectangular_Exhaust.rfa,430_AT,RLT,Air Terminal Revit Family,.rfa,MEP,DIG,,17/07/2026,24/07/2026,31/07/2026,07/08/2026,DCMvn_RLT_TIDP_Rev05.xlsx,TIDP 430
430_AT_LamellarHood_Roof_Rectangular_FreshAirIntake.rfa,430_AT,RLT,Air Terminal Revit Family,.rfa,MEP,DIG,,17/07/2026,24/07/2026,31/07/2026,07/08/2026,DCMvn_RLT_TIDP_Rev05.xlsx,TIDP 430
430_AT_LourveCover_Roof.rfa,430_AT,RLT,Air Terminal Revit Family,.rfa,MEP,DIG,,17/07/2026,24/07/2026,31/07/2026,07/08/2026,DCMvn_RLT_TIDP_Rev05.xlsx,TIDP 430
430_AT_Louvre_Standard.rfa,430_AT,RLT,Air Terminal Revit Family,.rfa,MEP,DIG,,17/07/2026,24/07/2026,31/07/2026,07/08/2026,DCMvn_RLT_TIDP_Rev05.xlsx,TIDP 430
430_AT_Nozzle_Standard.rfa,430_AT,RLT,Air Terminal Revit Family,.rfa,MEP,DIG,,17/07/2026,24/07/2026,31/07/2026,07/08/2026,DCMvn_RLT_TIDP_Rev05.xlsx,TIDP 430
430_AT_Nozzles_Exhaust.rfa,430_AT,RLT,Air Terminal Revit Family,.rfa,MEP,DIG,,17/07/2026,24/07/2026,31/07/2026,07/08/2026,DCMvn_RLT_TIDP_Rev05.xlsx,TIDP 430
430_AT_Nozzles_Return.rfa,430_AT,RLT,Air Terminal Revit Family,.rfa,MEP,DIG,,17/07/2026,24/07/2026,31/07/2026,07/08/2026,DCMvn_RLT_TIDP_Rev05.xlsx,TIDP 430
430_AT_Nozzles_Supply.rfa,430_AT,RLT,Air Terminal Revit Family,.rfa,MEP,DIG,,17/07/2026,24/07/2026,31/07/2026,07/08/2026,DCMvn_RLT_TIDP_Rev05.xlsx,TIDP 430
430_AT_NozzlesElectricActuator_DUK_E_Exhaust.rfa,430_AT,RLT,Air Terminal Revit Family,.rfa,MEP,DIG,,17/07/2026,24/07/2026,31/07/2026,07/08/2026,DCMvn_RLT_TIDP_Rev05.xlsx,TIDP 430
430_AT_NozzlesElectricActuator_DUK_E_Supply.rfa,430_AT,RLT,Air Terminal Revit Family,.rfa,MEP,DIG,,17/07/2026,24/07/2026,31/07/2026,07/08/2026,DCMvn_RLT_TIDP_Rev05.xlsx,TIDP 430
430_AT_RoofHood.rfa,430_AT,RLT,Air Terminal Revit Family,.rfa,MEP,DIG,,17/07/2026,24/07/2026,31/07/2026,07/08/2026,DCMvn_RLT_TIDP_Rev05.xlsx,TIDP 430
430_AT_RoundLouver_Standard.rfa,430_AT,RLT,Air Terminal Revit Family,.rfa,MEP,DIG,,24/07/2026,31/07/2026,07/08/2026,14/08/2026,DCMvn_RLT_TIDP_Rev05.xlsx,TIDP 430
430_AT_SchakoDiffuser_HorizontalCeiling_Rectangular_Return.rfa,430_AT,RLT,Air Terminal Revit Family,.rfa,MEP,DIG,,24/07/2026,31/07/2026,07/08/2026,14/08/2026,DCMvn_RLT_TIDP_Rev05.xlsx,TIDP 430
430_AT_SchakoDiffuser_HorizontalCeiling_Rectangular_Supply.rfa,430_AT,RLT,Air Terminal Revit Family,.rfa,MEP,DIG,,24/07/2026,31/07/2026,07/08/2026,14/08/2026,DCMvn_RLT_TIDP_Rev05.xlsx,TIDP 430
430_AT_SchakoDisplacementDiffusers_Wall_WQA_Supply.rfa,430_AT,RLT,Air Terminal Revit Family,.rfa,MEP,DIG,,24/07/2026,31/07/2026,07/08/2026,14/08/2026,DCMvn_RLT_TIDP_Rev05.xlsx,TIDP 430
430_AT_SlotDiffuserDSXXXLP2A_Return.rfa,430_AT,RLT,Air Terminal Revit Family,.rfa,MEP,DIG,,24/07/2026,31/07/2026,07/08/2026,14/08/2026,DCMvn_RLT_TIDP_Rev05.xlsx,TIDP 430
430_AT_SlotDiffuserDSXXXLP2A_Supply.rfa,430_AT,RLT,Air Terminal Revit Family,.rfa,MEP,DIG,,24/07/2026,31/07/2026,07/08/2026,14/08/2026,DCMvn_RLT_TIDP_Rev05.xlsx,TIDP 430
430_AT_SmokeExtractionAndVentilationHood_Roof_Rectangular_Exhaust.rfa,430_AT,RLT,Air Terminal Revit Family,.rfa,MEP,DIG,,24/07/2026,31/07/2026,07/08/2026,14/08/2026,DCMvn_RLT_TIDP_Rev05.xlsx,TIDP 430
430_AT_SwirlDiffuser4Ways_Ceiling_Rectangular_Return.rfa,430_AT,RLT,Air Terminal Revit Family,.rfa,MEP,DIG,,24/07/2026,31/07/2026,07/08/2026,14/08/2026,DCMvn_RLT_TIDP_Rev05.xlsx,TIDP 430
430_AT_SwirlDiffuser4Ways_Ceiling_Rectangular_Supply.rfa,430_AT,RLT,Air Terminal Revit Family,.rfa,MEP,DIG,,24/07/2026,31/07/2026,07/08/2026,14/08/2026,DCMvn_RLT_TIDP_Rev05.xlsx,TIDP 430
430_AT_SwirlDiffuser_CeilingHorizontal_Rectangular_PerforatedMetalTiles_Return.rfa,430_AT,RLT,Air Terminal Revit Family,.rfa,MEP,DIG,,24/07/2026,31/07/2026,07/08/2026,14/08/2026,DCMvn_RLT_TIDP_Rev05.xlsx,TIDP 430
430_AT_SwirlDiffuser_CeilingHorizontal_Rectangular_PerforatedMetalTiles_Supply.rfa,430_AT,RLT,Air Terminal Revit Family,.rfa,MEP,DIG,,24/07/2026,31/07/2026,07/08/2026,14/08/2026,DCMvn_RLT_TIDP_Rev05.xlsx,TIDP 430
430_AT_SwirlDiffuser_CeilingHorizontal_Round_Return.rfa,430_AT,RLT,Air Terminal Revit Family,.rfa,MEP,DIG,,24/07/2026,31/07/2026,07/08/2026,14/08/2026,DCMvn_RLT_TIDP_Rev05.xlsx,TIDP 430
430_AT_SwirlDiffuser_CeilingHorizontal_Round_Supply.rfa,430_AT,RLT,Air Terminal Revit Family,.rfa,MEP,DIG,,24/07/2026,31/07/2026,07/08/2026,14/08/2026,DCMvn_RLT_TIDP_Rev05.xlsx,TIDP 430
430_AT_SwirlDiffuser_CeilingVertical_Rectangular_PerforatedMetalTiles_Return.rfa,430_AT,RLT,Air Terminal Revit Family,.rfa,MEP,DIG,,24/07/2026,31/07/2026,07/08/2026,14/08/2026,DCMvn_RLT_TIDP_Rev05.xlsx,TIDP 430
430_AT_SwirlDiffuser_CeilingVertical_Rectangular_PerforatedMetalTiles_Supply.rfa,430_AT,RLT,Air Terminal Revit Family,.rfa,MEP,DIG,,24/07/2026,31/07/2026,07/08/2026,14/08/2026,DCMvn_RLT_TIDP_Rev05.xlsx,TIDP 430
430_AT_SwirlDiffuser_CeilingVertical_Rectangular_Return.rfa,430_AT,RLT,Air Terminal Revit Family,.rfa,MEP,DIG,,24/07/2026,31/07/2026,07/08/2026,14/08/2026,DCMvn_RLT_TIDP_Rev05.xlsx,TIDP 430
430_AT_SwirlDiffuser_CeilingVertical_Round_Return.rfa,430_AT,RLT,Air Terminal Revit Family,.rfa,MEP,DIG,,24/07/2026,31/07/2026,07/08/2026,14/08/2026,DCMvn_RLT_TIDP_Rev05.xlsx,TIDP 430
430_AT_SwirlDiffuser_CeilingVertical_Round_Supply.rfa,430_AT,RLT,Air Terminal Revit Family,.rfa,MEP,DIG,,24/07/2026,31/07/2026,07/08/2026,14/08/2026,DCMvn_RLT_TIDP_Rev05.xlsx,TIDP 430
430_AT_SwirlDiffuser_HorizontalCeiling_Rectangular_Return.rfa,430_AT,RLT,Air Terminal Revit Family,.rfa,MEP,DIG,,31/07/2026,07/08/2026,14/08/2026,21/08/2026,DCMvn_RLT_TIDP_Rev05.xlsx,TIDP 430
430_AT_SwirlDiffuser_HorizontalCeiling_Rectangular_Supply.rfa,430_AT,RLT,Air Terminal Revit Family,.rfa,MEP,DIG,,31/07/2026,07/08/2026,14/08/2026,21/08/2026,DCMvn_RLT_TIDP_Rev05.xlsx,TIDP 430
430_AT_SwirlDiffuser_VerticalCeiling_Rectangular_Supply.rfa,430_AT,RLT,Air Terminal Revit Family,.rfa,MEP,DIG,,31/07/2026,07/08/2026,14/08/2026,21/08/2026,DCMvn_RLT_TIDP_Rev05.xlsx,TIDP 430
430_AT_SwirlDiffusers_Ceiling_Round_RFDV_Return.rfa,430_AT,RLT,Air Terminal Revit Family,.rfa,MEP,DIG,,24/07/2026,31/07/2026,07/08/2026,14/08/2026,DCMvn_RLT_TIDP_Rev05.xlsx,TIDP 430
430_AT_SwirlDiffusers_Ceiling_Round_RFDV_Supply.rfa,430_AT,RLT,Air Terminal Revit Family,.rfa,MEP,DIG,,24/07/2026,31/07/2026,07/08/2026,14/08/2026,DCMvn_RLT_TIDP_Rev05.xlsx,TIDP 430
430_AT_TextileDiffuser_Supply.rfa,430_AT,RLT,Air Terminal Revit Family,.rfa,MEP,DIG,,31/07/2026,07/08/2026,14/08/2026,21/08/2026,DCMvn_RLT_TIDP_Rev05.xlsx,TIDP 430
430_AT_VentilationGrilles_DoorWall_AGS_Exhaust.rfa,430_AT,RLT,Air Terminal Revit Family,.rfa,MEP,DIG,,31/07/2026,07/08/2026,14/08/2026,21/08/2026,DCMvn_RLT_TIDP_Rev05.xlsx,TIDP 430
430_AT_VentilationGrilles_DoorWall_AGS_Supply.rfa,430_AT,RLT,Air Terminal Revit Family,.rfa,MEP,DIG,,31/07/2026,07/08/2026,14/08/2026,21/08/2026,DCMvn_RLT_TIDP_Rev05.xlsx,TIDP 430
430_AT_VentilationGrilles_Rectangular_Standard.rfa,430_AT,RLT,Air Terminal Revit Family,.rfa,MEP,DIG,,31/07/2026,07/08/2026,14/08/2026,21/08/2026,DCMvn_RLT_TIDP_Rev05.xlsx,TIDP 430
430_AT_VentilationGrilles_RoundDuct_Standard.rfa,430_AT,RLT,Air Terminal Revit Family,.rfa,MEP,DIG,,31/07/2026,07/08/2026,14/08/2026,21/08/2026,DCMvn_RLT_TIDP_Rev05.xlsx,TIDP 430
430_AT_VentilationGrilles_RoundDuctHorizontal_TRSR_Return.rfa,430_AT,RLT,Air Terminal Revit Family,.rfa,MEP,DIG,,31/07/2026,07/08/2026,14/08/2026,21/08/2026,DCMvn_RLT_TIDP_Rev05.xlsx,TIDP 430
430_AT_VentilationGrilles_RoundDuctHorizontal_TRSR_Supply.rfa,430_AT,RLT,Air Terminal Revit Family,.rfa,MEP,DIG,,31/07/2026,07/08/2026,14/08/2026,21/08/2026,DCMvn_RLT_TIDP_Rev05.xlsx,TIDP 430
430_DA_AirtightLouverDamper.rfa,430_DA,RLT,Duct Accessories Revit Family,.rfa,MEP,DIG,,05/06/2026,12/06/2026,19/06/2026,26/06/2026,DCMvn_RLT_TIDP_Rev05.xlsx,TIDP 430
430_DA_CircularSilencers_CA_050.rfa,430_DA,RLT,Duct Accessories Revit Family,.rfa,MEP,DIG,,05/06/2026,12/06/2026,19/06/2026,26/06/2026,DCMvn_RLT_TIDP_Rev05.xlsx,TIDP 430
430_DA_CircularSilencers_CA_100.rfa,430_DA,RLT,Duct Accessories Revit Family,.rfa,MEP,DIG,,05/06/2026,12/06/2026,19/06/2026,26/06/2026,DCMvn_RLT_TIDP_Rev05.xlsx,TIDP 430
430_DA_CircularSilencers_CB.rfa,430_DA,RLT,Duct Accessories Revit Family,.rfa,MEP,DIG,,05/06/2026,12/06/2026,19/06/2026,26/06/2026,DCMvn_RLT_TIDP_Rev05.xlsx,TIDP 430
430_DA_CircularSilencers_CS.rfa,430_DA,RLT,Duct Accessories Revit Family,.rfa,MEP,DIG,,05/06/2026,12/06/2026,19/06/2026,26/06/2026,DCMvn_RLT_TIDP_Rev05.xlsx,TIDP 430
430_DA_ConstantVolumeFlowControl_Rectangular_ConstantFlowEN.rfa,430_DA,RLT,Duct Accessories Revit Family,.rfa,MEP,DIG,,05/06/2026,12/06/2026,19/06/2026,26/06/2026,DCMvn_RLT_TIDP_Rev05.xlsx,TIDP 430
430_DA_ConstantVolumeFlowControl_Rectangular_ConstantFlowENEx.rfa,430_DA,RLT,Duct Accessories Revit Family,.rfa,MEP,DIG,,05/06/2026,12/06/2026,19/06/2026,26/06/2026,DCMvn_RLT_TIDP_Rev05.xlsx,TIDP 430
430_DA_ConstantVolumeFlowControl_Round_ConstantFlowRN.rfa,430_DA,RLT,Duct Accessories Revit Family,.rfa,MEP,DIG,,05/06/2026,12/06/2026,19/06/2026,26/06/2026,DCMvn_RLT_TIDP_Rev05.xlsx,TIDP 430
430_DA_ConstantVolumeFlowControl_Round_ConstantFlowRNEx.rfa,430_DA,RLT,Duct Accessories Revit Family,.rfa,MEP,DIG,,05/06/2026,12/06/2026,19/06/2026,26/06/2026,DCMvn_RLT_TIDP_Rev05.xlsx,TIDP 430
430_DA_ConstantVolumeFlowControl_Round_ConstantFlowVFC.rfa,430_DA,RLT,Duct Accessories Revit Family,.rfa,MEP,DIG,,05/06/2026,12/06/2026,19/06/2026,26/06/2026,DCMvn_RLT_TIDP_Rev05.xlsx,TIDP 430
430_DA_ConstantVolumeFlowControl_Round_ConstantFlowVFL.rfa,430_DA,RLT,Duct Accessories Revit Family,.rfa,MEP,DIG,,05/06/2026,12/06/2026,19/06/2026,26/06/2026,DCMvn_RLT_TIDP_Rev05.xlsx,TIDP 430
430_DA_FireDampers_CommercialKitchens_KA_EU.rfa,430_DA,RLT,Duct Accessories Revit Family,.rfa,MEP,DIG,,05/06/2026,12/06/2026,19/06/2026,26/06/2026,DCMvn_RLT_TIDP_Rev05.xlsx,TIDP 430
430_DA_FireDampers_FireProtectionValve_FV_EU.rfa,430_DA,RLT,Duct Accessories Revit Family,.rfa,MEP,DIG,,05/06/2026,12/06/2026,19/06/2026,26/06/2026,DCMvn_RLT_TIDP_Rev05.xlsx,TIDP 430
430_DA_FireDampersForCeiling_KU_K30.rfa,430_DA,RLT,Duct Accessories Revit Family,.rfa,MEP,DIG,,05/06/2026,12/06/2026,19/06/2026,26/06/2026,DCMvn_RLT_TIDP_Rev05.xlsx,TIDP 430
430_DA_FireInsulationSheets_Fitting_Promat_L90.rfa,430_DA,RLT,Duct Accessories Revit Family,.rfa,MEP,DIG,,05/06/2026,12/06/2026,19/06/2026,26/06/2026,DCMvn_RLT_TIDP_Rev05.xlsx,TIDP 430
430_DA_FireInsulationSheets_Promat_L90.rfa,430_DA,RLT,Duct Accessories Revit Family,.rfa,MEP,DIG,,05/06/2026,12/06/2026,19/06/2026,26/06/2026,DCMvn_RLT_TIDP_Rev05.xlsx,TIDP 430
430_DA_FireProtectionDamper_Round_FLIVE.rfa,430_DA,RLT,Duct Accessories Revit Family,.rfa,MEP,DIG,,05/06/2026,12/06/2026,19/06/2026,26/06/2026,DCMvn_RLT_TIDP_Rev05.xlsx,TIDP 430
430_DA_FlexibleConnection_Rectangular.rfa,430_DA,RLT,Duct Accessories Revit Family,.rfa,MEP,DIG,,05/06/2026,12/06/2026,19/06/2026,26/06/2026,DCMvn_RLT_TIDP_Rev05.xlsx,TIDP 430
430_DA_FlexibleConnection_Round.rfa,430_DA,RLT,Duct Accessories Revit Family,.rfa,MEP,DIG,,12/06/2026,19/06/2026,26/06/2026,03/07/2026,DCMvn_RLT_TIDP_Rev05.xlsx,TIDP 430
430_DA_FlowAdjustmentDampers.rfa,430_DA,RLT,Duct Accessories Revit Family,.rfa,MEP,DIG,,12/06/2026,19/06/2026,26/06/2026,03/07/2026,DCMvn_RLT_TIDP_Rev05.xlsx,TIDP 430
430_DA_IntumescentDamper_OverflowGrill_NoSystem.rfa,430_DA,RLT,Duct Accessories Revit Family,.rfa,MEP,DIG,,12/06/2026,19/06/2026,26/06/2026,03/07/2026,DCMvn_RLT_TIDP_Rev05.xlsx,TIDP 430
430_DA_MultileafDamperRec_LowLeakage.rfa,430_DA,RLT,Duct Accessories Revit Family,.rfa,MEP,DIG,,12/06/2026,19/06/2026,26/06/2026,03/07/2026,DCMvn_RLT_TIDP_Rev05.xlsx,TIDP 430
430_DA_NonReturnValves.rfa,430_DA,RLT,Duct Accessories Revit Family,.rfa,MEP,DIG,,12/06/2026,19/06/2026,26/06/2026,03/07/2026,DCMvn_RLT_TIDP_Rev05.xlsx,TIDP 430
430_DA_PressureOverflowElements.rfa,430_DA,RLT,Duct Accessories Revit Family,.rfa,MEP,DIG,,05/06/2026,12/06/2026,19/06/2026,26/06/2026,DCMvn_RLT_TIDP_Rev05.xlsx,TIDP 430
430_DA_PressureReliefDamper_Rectangular_Standard_NoSystem.rfa,430_DA,RLT,Duct Accessories Revit Family,.rfa,MEP,DIG,,12/06/2026,19/06/2026,26/06/2026,03/07/2026,DCMvn_RLT_TIDP_Rev05.xlsx,TIDP 430
430_DA_RecFireDamperMechanism_FK2EU.rfa,430_DA,RLT,Duct Accessories Revit Family,.rfa,MEP,DIG,,19/06/2026,26/06/2026,03/07/2026,10/07/2026,DCMvn_RLT_TIDP_Rev05.xlsx,TIDP 430
430_DA_RecFireDampers_FKEU.rfa,430_DA,RLT,Duct Accessories Revit Family,.rfa,MEP,DIG,,12/06/2026,19/06/2026,26/06/2026,03/07/2026,DCMvn_RLT_TIDP_Rev05.xlsx,TIDP 430
430_DA_RoundFireDampers_FKREU.rfa,430_DA,RLT,Duct Accessories Revit Family,.rfa,MEP,DIG,,12/06/2026,19/06/2026,26/06/2026,03/07/2026,DCMvn_RLT_TIDP_Rev05.xlsx,TIDP 430
430_DA_RoundFireDampers_FKRS_EU.rfa,430_DA,RLT,Duct Accessories Revit Family,.rfa,MEP,DIG,,12/06/2026,19/06/2026,26/06/2026,03/07/2026,DCMvn_RLT_TIDP_Rev05.xlsx,TIDP 430
430_DA_SchakoConstantVolumeFlowControl_Round_ConstantFlowVLV.rfa,430_DA,RLT,Duct Accessories Revit Family,.rfa,MEP,DIG,,12/06/2026,19/06/2026,26/06/2026,03/07/2026,DCMvn_RLT_TIDP_Rev05.xlsx,TIDP 430
430_DA_SchakoSilencer_Round_RS.rfa,430_DA,RLT,Duct Accessories Revit Family,.rfa,MEP,DIG,,12/06/2026,19/06/2026,26/06/2026,03/07/2026,DCMvn_RLT_TIDP_Rev05.xlsx,TIDP 430
430_DA_ShutOffDevices_AK.rfa,430_DA,RLT,Duct Accessories Revit Family,.rfa,MEP,DIG,,12/06/2026,19/06/2026,26/06/2026,03/07/2026,DCMvn_RLT_TIDP_Rev05.xlsx,TIDP 430
430_DA_ShutOffDevices_AKEx.rfa,430_DA,RLT,Duct Accessories Revit Family,.rfa,MEP,DIG,,12/06/2026,19/06/2026,26/06/2026,03/07/2026,DCMvn_RLT_TIDP_Rev05.xlsx,TIDP 430
430_DA_ShutOffDevices_AKK.rfa,430_DA,RLT,Duct Accessories Revit Family,.rfa,MEP,DIG,,12/06/2026,19/06/2026,26/06/2026,03/07/2026,DCMvn_RLT_TIDP_Rev05.xlsx,TIDP 430
430_DA_Silencer_Rectangular_Standard.rfa,430_DA,RLT,Duct Accessories Revit Family,.rfa,MEP,DIG,,12/06/2026,19/06/2026,26/06/2026,03/07/2026,DCMvn_RLT_TIDP_Rev05.xlsx,TIDP 430
430_DA_Silencer_Round_Standard.rfa,430_DA,RLT,Duct Accessories Revit Family,.rfa,MEP,DIG,,12/06/2026,19/06/2026,26/06/2026,03/07/2026,DCMvn_RLT_TIDP_Rev05.xlsx,TIDP 430
430_DA_SilencersVAV_Rectangular_TS.rfa,430_DA,RLT,Duct Accessories Revit Family,.rfa,MEP,DIG,,12/06/2026,19/06/2026,26/06/2026,03/07/2026,DCMvn_RLT_TIDP_Rev05.xlsx,TIDP 430
430_DA_SilencersVAV_Rectangular_TX.rfa,430_DA,RLT,Duct Accessories Revit Family,.rfa,MEP,DIG,,12/06/2026,19/06/2026,26/06/2026,03/07/2026,DCMvn_RLT_TIDP_Rev05.xlsx,TIDP 430
430_DA_SmokeControlDamper_EKEU.rfa,430_DA,RLT,Duct Accessories Revit Family,.rfa,MEP,DIG,,12/06/2026,19/06/2026,26/06/2026,03/07/2026,DCMvn_RLT_TIDP_Rev05.xlsx,TIDP 430
430_DA_SmokeControlDamper_EKJZ.rfa,430_DA,RLT,Duct Accessories Revit Family,.rfa,MEP,DIG,,12/06/2026,19/06/2026,26/06/2026,03/07/2026,DCMvn_RLT_TIDP_Rev05.xlsx,TIDP 430
430_DA_SmokeDetectorinDucts_RMO3D.rfa,430_DA,RLT,Duct Accessories Revit Family,.rfa,MEP,DIG,,19/06/2026,26/06/2026,03/07/2026,10/07/2026,DCMvn_RLT_TIDP_Rev05.xlsx,TIDP 430
430_DA_SmokeDetectorinDucts_RMOVSD.rfa,430_DA,RLT,Duct Accessories Revit Family,.rfa,MEP,DIG,,19/06/2026,26/06/2026,03/07/2026,10/07/2026,DCMvn_RLT_TIDP_Rev05.xlsx,TIDP 430
430_DA_SmokeProtectionDamper_JZRS.rfa,430_DA,RLT,Duct Accessories Revit Family,.rfa,MEP,DIG,,19/06/2026,26/06/2026,03/07/2026,10/07/2026,DCMvn_RLT_TIDP_Rev05.xlsx,TIDP 430
430_DA_TunnelDampers_JF.rfa,430_DA,RLT,Duct Accessories Revit Family,.rfa,MEP,DIG,,19/06/2026,26/06/2026,03/07/2026,10/07/2026,DCMvn_RLT_TIDP_Rev05.xlsx,TIDP 430
430_DA_VariableAirVolume_Rectangular_MQTH.rfa,430_DA,RLT,Duct Accessories Revit Family,.rfa,MEP,DIG,,19/06/2026,26/06/2026,03/07/2026,10/07/2026,DCMvn_RLT_TIDP_Rev05.xlsx,TIDP 430
430_DA_VariableAirVolume_Round_MQTH.rfa,430_DA,RLT,Duct Accessories Revit Family,.rfa,MEP,DIG,,19/06/2026,26/06/2026,03/07/2026,10/07/2026,DCMvn_RLT_TIDP_Rev05.xlsx,TIDP 430
430_DA_VariableVolumeFlowControl_Rectangular_VaryControlTASilenzio.rfa,430_DA,RLT,Duct Accessories Revit Family,.rfa,MEP,DIG,,19/06/2026,26/06/2026,03/07/2026,10/07/2026,DCMvn_RLT_TIDP_Rev05.xlsx,TIDP 430
430_DA_VariableVolumeFlowControl_Rectangular_VaryControlTVA.rfa,430_DA,RLT,Duct Accessories Revit Family,.rfa,MEP,DIG,,19/06/2026,26/06/2026,03/07/2026,10/07/2026,DCMvn_RLT_TIDP_Rev05.xlsx,TIDP 430
430_DA_VariableVolumeFlowControl_Rectangular_VaryControlTVJ.rfa,430_DA,RLT,Duct Accessories Revit Family,.rfa,MEP,DIG,,19/06/2026,26/06/2026,03/07/2026,10/07/2026,DCMvn_RLT_TIDP_Rev05.xlsx,TIDP 430
430_DA_VariableVolumeFlowControl_Rectangular_VaryControlTVM.rfa,430_DA,RLT,Duct Accessories Revit Family,.rfa,MEP,DIG,,19/06/2026,26/06/2026,03/07/2026,10/07/2026,DCMvn_RLT_TIDP_Rev05.xlsx,TIDP 430
430_DA_VariableVolumeFlowControl_Rectangular_VaryControlTVT.rfa,430_DA,RLT,Duct Accessories Revit Family,.rfa,MEP,DIG,,19/06/2026,26/06/2026,03/07/2026,10/07/2026,DCMvn_RLT_TIDP_Rev05.xlsx,TIDP 430
430_DA_VariableVolumeFlowControl_Rectangular_VaryControlTVZ.rfa,430_DA,RLT,Duct Accessories Revit Family,.rfa,MEP,DIG,,19/06/2026,26/06/2026,03/07/2026,10/07/2026,DCMvn_RLT_TIDP_Rev05.xlsx,TIDP 430
430_DA_VariableVolumeFlowControl_Rectangular_VaryControlTZSilenzio.rfa,430_DA,RLT,Duct Accessories Revit Family,.rfa,MEP,DIG,,19/06/2026,26/06/2026,03/07/2026,10/07/2026,DCMvn_RLT_TIDP_Rev05.xlsx,TIDP 430
430_DA_VariableVolumeFlowControl_Round_VarycontrolTVLK.rfa,430_DA,RLT,Duct Accessories Revit Family,.rfa,MEP,DIG,,19/06/2026,26/06/2026,03/07/2026,10/07/2026,DCMvn_RLT_TIDP_Rev05.xlsx,TIDP 430
430_DA_VariableVolumeFlowControl_Round_VaryControlTVREX.rfa,430_DA,RLT,Duct Accessories Revit Family,.rfa,MEP,DIG,,19/06/2026,26/06/2026,03/07/2026,10/07/2026,DCMvn_RLT_TIDP_Rev05.xlsx,TIDP 430
430_DA_VariableVolumeFlowControl_VaryControl _Round_LVC.rfa,430_DA,RLT,Duct Accessories Revit Family,.rfa,MEP,DIG,,19/06/2026,26/06/2026,03/07/2026,10/07/2026,DCMvn_RLT_TIDP_Rev05.xlsx,TIDP 430
430_DA_VariableVolumeFlowControl_VaryControl_Round_TVR.rfa,430_DA,RLT,Duct Accessories Revit Family,.rfa,MEP,DIG,,19/06/2026,26/06/2026,03/07/2026,10/07/2026,DCMvn_RLT_TIDP_Rev05.xlsx,TIDP 430
430_DA_VariableVolumeFlowControl_Varycontrol_Round_TVRK.rfa,430_DA,RLT,Duct Accessories Revit Family,.rfa,MEP,DIG,,19/06/2026,26/06/2026,03/07/2026,10/07/2026,DCMvn_RLT_TIDP_Rev05.xlsx,TIDP 430
430_DA_VolumeFlowRateMeasuringUnits_VME.rfa,430_DA,RLT,Duct Accessories Revit Family,.rfa,MEP,DIG,,19/06/2026,26/06/2026,03/07/2026,10/07/2026,DCMvn_RLT_TIDP_Rev05.xlsx,TIDP 430
430_DA_VolumeFlowRateMeasuringUnits_VMLK.rfa,430_DA,RLT,Duct Accessories Revit Family,.rfa,MEP,DIG,,19/06/2026,26/06/2026,03/07/2026,10/07/2026,DCMvn_RLT_TIDP_Rev05.xlsx,TIDP 430
430_DA_VolumeFlowRateMeasuringUnits_VMR.rfa,430_DA,RLT,Duct Accessories Revit Family,.rfa,MEP,DIG,,19/06/2026,26/06/2026,03/07/2026,10/07/2026,DCMvn_RLT_TIDP_Rev05.xlsx,TIDP 430
430_DA_VolumeFlowRateMeasuringUnits_VMRK.rfa,430_DA,RLT,Duct Accessories Revit Family,.rfa,MEP,DIG,,19/06/2026,26/06/2026,03/07/2026,10/07/2026,DCMvn_RLT_TIDP_Rev05.xlsx,TIDP 430
430_DF_GS_cBoden_Flanged.rfa,430_DF,RLT,Duct Fitting Revit Family,.rfa,MEP,DIG,,29/05/2026,05/06/2026,12/06/2026,19/06/2026,DCMvn_RLT_TIDP_Rev05.xlsx,TIDP 430
430_DF_GS_cCapEnd_Spigot_Round.rfa,430_DF,RLT,Duct Fitting Revit Family,.rfa,MEP,DIG,,29/05/2026,05/06/2026,12/06/2026,19/06/2026,DCMvn_RLT_TIDP_Rev05.xlsx,TIDP 430
430_DF_GS_eBogen_Flanged.rfa,430_DF,RLT,Duct Fitting Revit Family,.rfa,MEP,DIG,,29/05/2026,05/06/2026,12/06/2026,19/06/2026,DCMvn_RLT_TIDP_Rev05.xlsx,TIDP 430
430_DF_GS_eEckbogen_Flanged.rfa,430_DF,RLT,Duct Fitting Revit Family,.rfa,MEP,DIG,,29/05/2026,05/06/2026,12/06/2026,19/06/2026,DCMvn_RLT_TIDP_Rev05.xlsx,TIDP 430
430_DF_GS_eRoundElbow_Spigot.rfa,430_DF,RLT,Duct Fitting Revit Family,.rfa,MEP,DIG,,29/05/2026,05/06/2026,12/06/2026,19/06/2026,DCMvn_RLT_TIDP_Rev05.xlsx,TIDP 430
430_DF_GS_eTransitionElbow_Flanged.rfa,430_DF,RLT,Duct Fitting Revit Family,.rfa,MEP,DIG,,29/05/2026,05/06/2026,12/06/2026,19/06/2026,DCMvn_RLT_TIDP_Rev05.xlsx,TIDP 430
430_DF_GS_rEtage_Flanged.rfa,430_DF,RLT,Duct Fitting Revit Family,.rfa,MEP,DIG,,29/05/2026,05/06/2026,12/06/2026,19/06/2026,DCMvn_RLT_TIDP_Rev05.xlsx,TIDP 430
430_DF_GS_rReducer_Spigot_Round.rfa,430_DF,RLT,Duct Fitting Revit Family,.rfa,MEP,DIG,,29/05/2026,05/06/2026,12/06/2026,19/06/2026,DCMvn_RLT_TIDP_Rev05.xlsx,TIDP 430
430_DF_GS_rUbergang_Flanged.rfa,430_DF,RLT,Duct Fitting Revit Family,.rfa,MEP,DIG,,29/05/2026,05/06/2026,12/06/2026,19/06/2026,DCMvn_RLT_TIDP_Rev05.xlsx,TIDP 430
430_DF_GS_rUbergangRechteckRund_Flanged_SlipJoint.rfa,430_DF,RLT,Duct Fitting Revit Family,.rfa,MEP,DIG,,29/05/2026,05/06/2026,12/06/2026,19/06/2026,DCMvn_RLT_TIDP_Rev05.xlsx,TIDP 430
430_DF_GS_sRoundTaps_Spigot.rfa,430_DF,RLT,Duct Fitting Revit Family,.rfa,MEP,DIG,,29/05/2026,05/06/2026,12/06/2026,19/06/2026,DCMvn_RLT_TIDP_Rev05.xlsx,TIDP 430
430_DF_GS_sUbergangsstutzen_Flanged.rfa,430_DF,RLT,Duct Fitting Revit Family,.rfa,MEP,DIG,,29/05/2026,05/06/2026,12/06/2026,19/06/2026,DCMvn_RLT_TIDP_Rev05.xlsx,TIDP 430
430_DF_GS_tTee_Spigot_Round.rfa,430_DF,RLT,Duct Fitting Revit Family,.rfa,MEP,DIG,,29/05/2026,05/06/2026,12/06/2026,19/06/2026,DCMvn_RLT_TIDP_Rev05.xlsx,TIDP 430
430_DF_GS_tTStuck_Flanged.rfa,430_DF,RLT,Duct Fitting Revit Family,.rfa,MEP,DIG,,29/05/2026,05/06/2026,12/06/2026,19/06/2026,DCMvn_RLT_TIDP_Rev05.xlsx,TIDP 430
430_DF_GS_uCoupling_Spigot_Round.rfa,430_DF,RLT,Duct Fitting Revit Family,.rfa,MEP,DIG,,29/05/2026,05/06/2026,12/06/2026,19/06/2026,DCMvn_RLT_TIDP_Rev05.xlsx,TIDP 430
430_DF_GS_uUnion_Flanged.rfa,430_DF,RLT,Duct Fitting Revit Family,.rfa,MEP,DIG,,29/05/2026,05/06/2026,12/06/2026,19/06/2026,DCMvn_RLT_TIDP_Rev05.xlsx,TIDP 430
430_DF_GS_wHosenStuck_Flanged.rfa,430_DF,RLT,Duct Fitting Revit Family,.rfa,MEP,DIG,,29/05/2026,05/06/2026,12/06/2026,19/06/2026,DCMvn_RLT_TIDP_Rev05.xlsx,TIDP 430
430_DF_GS_xKreuzstuck_Flanged.rfa,430_DF,RLT,Duct Fitting Revit Family,.rfa,MEP,DIG,,29/05/2026,05/06/2026,12/06/2026,19/06/2026,DCMvn_RLT_TIDP_Rev05.xlsx,TIDP 430
430_ME_AHU_BSF_Standard.rfa,430_ME,RLT,RLT Equipment Revit Family,.rfa,MEP,DIG,,07/08/2026,14/08/2026,21/08/2026,28/08/2026,DCMvn_RLT_TIDP_Rev05.xlsx,TIDP 430
430_ME_AHUProcess.rfa,430_ME,RLT,RLT Equipment Revit Family,.rfa,MEP,DIG,,07/08/2026,14/08/2026,21/08/2026,28/08/2026,DCMvn_RLT_TIDP_Rev05.xlsx,TIDP 430
430_ME_AIR1XC3200L.rfa,430_ME,RLT,RLT Equipment Revit Family,.rfa,MEP,DIG,,07/08/2026,14/08/2026,21/08/2026,28/08/2026,DCMvn_RLT_TIDP_Rev05.xlsx,TIDP 430
430_ME_AirCompressors_Standard.rfa,430_ME,RLT,RLT Equipment Revit Family,.rfa,MEP,DIG,,07/08/2026,14/08/2026,21/08/2026,28/08/2026,DCMvn_RLT_TIDP_Rev05.xlsx,TIDP 430
430_ME_AirHandingUnit_RectangularLeftConnection_CeilingStand.rfa,430_ME,RLT,RLT Equipment Revit Family,.rfa,MEP,DIG,,07/08/2026,14/08/2026,21/08/2026,28/08/2026,DCMvn_RLT_TIDP_Rev05.xlsx,TIDP 430
430_ME_AirHandingUnit_RectangularRightConnection_CeilingStand.rfa,430_ME,RLT,RLT Equipment Revit Family,.rfa,MEP,DIG,,07/08/2026,14/08/2026,21/08/2026,28/08/2026,DCMvn_RLT_TIDP_Rev05.xlsx,TIDP 430
430_ME_AirHandingUnit_RoundConnection_CeilingStand.rfa,430_ME,RLT,RLT Equipment Revit Family,.rfa,MEP,DIG,,07/08/2026,14/08/2026,21/08/2026,28/08/2026,DCMvn_RLT_TIDP_Rev05.xlsx,TIDP 430
430_ME_AirHandlingUnit_1LayerFlachSeries_CeilingStand.rfa,430_ME,RLT,RLT Equipment Revit Family,.rfa,MEP,DIG,,07/08/2026,14/08/2026,21/08/2026,28/08/2026,DCMvn_RLT_TIDP_Rev05.xlsx,TIDP 430
430_ME_AirHandlingUnit_2LayerBowl_RoofStand.rfa,430_ME,RLT,RLT Equipment Revit Family,.rfa,MEP,DIG,,07/08/2026,14/08/2026,21/08/2026,28/08/2026,DCMvn_RLT_TIDP_Rev05.xlsx,TIDP 430
430_ME_AirHandlingUnit_2LayerCompactSeries_FloorStand.rfa,430_ME,RLT,RLT Equipment Revit Family,.rfa,MEP,DIG,,18/09/2026,25/09/2026,02/10/2026,09/10/2026,DCMvn_RLT_TIDP_Rev05.xlsx,TIDP 430
430_ME_AirHandlingUnit_2LayerForKitchen_FloorStand.rfa,430_ME,RLT,RLT Equipment Revit Family,.rfa,MEP,DIG,,18/09/2026,25/09/2026,02/10/2026,09/10/2026,DCMvn_RLT_TIDP_Rev05.xlsx,TIDP 430
430_ME_AirHandlingUnit_Floor_Single_Aubenluft.rfa,430_ME,RLT,RLT Equipment Revit Family,.rfa,MEP,DIG,,25/09/2026,02/10/2026,09/10/2026,16/10/2026,DCMvn_RLT_TIDP_Rev05.xlsx,TIDP 430
430_ME_AirHandlingUnit_FloorStand.rfa,430_ME,RLT,RLT Equipment Revit Family,.rfa,MEP,DIG,,18/09/2026,25/09/2026,02/10/2026,09/10/2026,DCMvn_RLT_TIDP_Rev05.xlsx,TIDP 430
430_ME_AirHandlingUnit_Geniox29H.rfa,430_ME,RLT,RLT Equipment Revit Family,.rfa,MEP,DIG,,18/09/2026,25/09/2026,02/10/2026,09/10/2026,DCMvn_RLT_TIDP_Rev05.xlsx,TIDP 430
430_ME_AirHandlingUnit_Single_Abluft.rfa,430_ME,RLT,RLT Equipment Revit Family,.rfa,MEP,DIG,,14/08/2026,21/08/2026,28/08/2026,04/09/2026,DCMvn_RLT_TIDP_Rev05.xlsx,TIDP 430
430_ME_AirHandlingUnit_Single_Fortluft.rfa,430_ME,RLT,RLT Equipment Revit Family,.rfa,MEP,DIG,,25/09/2026,02/10/2026,09/10/2026,16/10/2026,DCMvn_RLT_TIDP_Rev05.xlsx,TIDP 430
430_ME_AirHandlingUnit_Single_Zuluft.rfa,430_ME,RLT,RLT Equipment Revit Family,.rfa,MEP,DIG,,14/08/2026,21/08/2026,28/08/2026,04/09/2026,DCMvn_RLT_TIDP_Rev05.xlsx,TIDP 430
430_ME_AirHandlingUnits_1Layer.rfa,430_ME,RLT,RLT Equipment Revit Family,.rfa,MEP,DIG,,07/08/2026,14/08/2026,21/08/2026,28/08/2026,DCMvn_RLT_TIDP_Rev05.xlsx,TIDP 430
430_ME_AirHandlingUnits_2Layer.rfa,430_ME,RLT,RLT Equipment Revit Family,.rfa,MEP,DIG,,07/08/2026,14/08/2026,21/08/2026,28/08/2026,DCMvn_RLT_TIDP_Rev05.xlsx,TIDP 430
430_ME_AirHandlingUnits_CF.rfa,430_ME,RLT,RLT Equipment Revit Family,.rfa,MEP,DIG,,07/08/2026,14/08/2026,21/08/2026,28/08/2026,DCMvn_RLT_TIDP_Rev05.xlsx,TIDP 430
430_ME_AirHandlingUnits_PHE.rfa,430_ME,RLT,RLT Equipment Revit Family,.rfa,MEP,DIG,,07/08/2026,14/08/2026,21/08/2026,28/08/2026,DCMvn_RLT_TIDP_Rev05.xlsx,TIDP 430
430_ME_AxialWindowFan_Rectangular.rfa,430_ME,RLT,RLT Equipment Revit Family,.rfa,MEP,DIG,,18/09/2026,25/09/2026,02/10/2026,09/10/2026,DCMvn_RLT_TIDP_Rev05.xlsx,TIDP 430
430_ME_CentrifugalDuctMountedFan.rfa,430_ME,RLT,RLT Equipment Revit Family,.rfa,MEP,DIG,,18/09/2026,25/09/2026,02/10/2026,09/10/2026,DCMvn_RLT_TIDP_Rev05.xlsx,TIDP 430
430_ME_ChemicalMachine.rfa,430_ME,RLT,RLT Equipment Revit Family,.rfa,MEP,DIG,,18/09/2026,25/09/2026,02/10/2026,09/10/2026,DCMvn_RLT_TIDP_Rev05.xlsx,TIDP 430
430_ME_CrossFlowFans_NoSystem.rfa,430_ME,RLT,RLT Equipment Revit Family,.rfa,MEP,DIG,,18/09/2026,25/09/2026,02/10/2026,09/10/2026,DCMvn_RLT_TIDP_Rev05.xlsx,TIDP 430
430_ME_DiesselTank_Becomix.rfa,430_ME,RLT,RLT Equipment Revit Family,.rfa,MEP,DIG,,18/09/2026,25/09/2026,02/10/2026,09/10/2026,DCMvn_RLT_TIDP_Rev05.xlsx,TIDP 430
430_ME_Ductfans_Round_DF.rfa,430_ME,RLT,RLT Equipment Revit Family,.rfa,MEP,DIG,,18/09/2026,25/09/2026,02/10/2026,09/10/2026,DCMvn_RLT_TIDP_Rev05.xlsx,TIDP 430
430_ME_Ductfans_WallMounted_Round.rfa,430_ME,RLT,RLT Equipment Revit Family,.rfa,MEP,DIG,,25/09/2026,02/10/2026,09/10/2026,16/10/2026,DCMvn_RLT_TIDP_Rev05.xlsx,TIDP 430
430_ME_ExpansionTank_BottomConnection.rfa,430_ME,RLT,RLT Equipment Revit Family,.rfa,MEP,DIG,,25/09/2026,02/10/2026,09/10/2026,16/10/2026,DCMvn_RLT_TIDP_Rev05.xlsx,TIDP 430
430_ME_Fan_Axial.rfa,430_ME,RLT,RLT Equipment Revit Family,.rfa,MEP,DIG,,25/09/2026,02/10/2026,09/10/2026,16/10/2026,DCMvn_RLT_TIDP_Rev05.xlsx,TIDP 430
430_ME_Fan_Roof_Exhaust.rfa,430_ME,RLT,RLT Equipment Revit Family,.rfa,MEP,DIG,,25/09/2026,02/10/2026,09/10/2026,16/10/2026,DCMvn_RLT_TIDP_Rev05.xlsx,TIDP 430
430_ME_Fan_Roof_SmokeExtraction_NoSystem.rfa,430_ME,RLT,RLT Equipment Revit Family,.rfa,MEP,DIG,,25/09/2026,02/10/2026,09/10/2026,16/10/2026,DCMvn_RLT_TIDP_Rev05.xlsx,TIDP 430
430_ME_Fan_WallMounted.rfa,430_ME,RLT,RLT Equipment Revit Family,.rfa,MEP,DIG,,25/09/2026,02/10/2026,09/10/2026,16/10/2026,DCMvn_RLT_TIDP_Rev05.xlsx,TIDP 430
430_ME_FanCoilUnit_WithPlenumBox_ThreeConnector_Standard.rfa,430_ME,RLT,RLT Equipment Revit Family,.rfa,MEP,DIG,,21/08/2026,28/08/2026,04/09/2026,11/09/2026,DCMvn_RLT_TIDP_Rev05.xlsx,TIDP 430
430_ME_FansForAggressiveAir.rfa,430_ME,RLT,RLT Equipment Revit Family,.rfa,MEP,DIG,,25/09/2026,02/10/2026,09/10/2026,16/10/2026,DCMvn_RLT_TIDP_Rev05.xlsx,TIDP 430
430_ME_FilterFanCoilUnit.rfa,430_ME,RLT,RLT Equipment Revit Family,.rfa,MEP,DIG,,25/09/2026,02/10/2026,09/10/2026,16/10/2026,DCMvn_RLT_TIDP_Rev05.xlsx,TIDP 430
430_ME_FlushMountedFan_BackConnection_SilentECO.rfa,430_ME,RLT,RLT Equipment Revit Family,.rfa,MEP,DIG,,25/09/2026,02/10/2026,09/10/2026,16/10/2026,DCMvn_RLT_TIDP_Rev05.xlsx,TIDP 430
430_ME_FlushMountedFan_TopConnection_SilentECO.rfa,430_ME,RLT,RLT Equipment Revit Family,.rfa,MEP,DIG,,25/09/2026,02/10/2026,09/10/2026,16/10/2026,DCMvn_RLT_TIDP_Rev05.xlsx,TIDP 430
430_ME_GloveBox.rfa,430_ME,RLT,RLT Equipment Revit Family,.rfa,MEP,DIG,,25/09/2026,02/10/2026,09/10/2026,16/10/2026,DCMvn_RLT_TIDP_Rev05.xlsx,TIDP 430
430_ME_HeatExchangers_KTH_NoSystem.rfa,430_ME,RLT,RLT Equipment Revit Family,.rfa,MEP,DIG,,25/09/2026,02/10/2026,09/10/2026,16/10/2026,DCMvn_RLT_TIDP_Rev05.xlsx,TIDP 430
430_ME_HeatExchangersAndAirHeaters_EL.rfa,430_ME,RLT,RLT Equipment Revit Family,.rfa,MEP,DIG,,25/09/2026,02/10/2026,09/10/2026,16/10/2026,DCMvn_RLT_TIDP_Rev05.xlsx,TIDP 430
430_ME_HeatExchangersAndAirHeaters_WL.rfa,430_ME,RLT,RLT Equipment Revit Family,.rfa,MEP,DIG,,25/09/2026,02/10/2026,09/10/2026,16/10/2026,DCMvn_RLT_TIDP_Rev05.xlsx,TIDP 430
430_ME_HeatExchangersAndAirHeaters_WT.rfa,430_ME,RLT,RLT Equipment Revit Family,.rfa,MEP,DIG,,25/09/2026,02/10/2026,09/10/2026,16/10/2026,DCMvn_RLT_TIDP_Rev05.xlsx,TIDP 430
430_ME_HeatReclaimVentilator_VAMFC.rfa,430_ME,RLT,RLT Equipment Revit Family,.rfa,MEP,DIG,,25/09/2026,02/10/2026,09/10/2026,16/10/2026,DCMvn_RLT_TIDP_Rev05.xlsx,TIDP 430
430_ME_HeatRecoveryWheelPrimaryAirUnits_Standard.rfa,430_ME,RLT,RLT Equipment Revit Family,.rfa,MEP,DIG,,25/09/2026,02/10/2026,09/10/2026,16/10/2026,DCMvn_RLT_TIDP_Rev05.xlsx,TIDP 430
430_ME_IndoorUnitsThermoVentI.rfa,430_ME,RLT,RLT Equipment Revit Family,.rfa,MEP,DIG,,14/08/2026,21/08/2026,28/08/2026,04/09/2026,DCMvn_RLT_TIDP_Rev05.xlsx,TIDP 430
430_ME_InlineCentrifugalFan_FRD.rfa,430_ME,RLT,RLT Equipment Revit Family,.rfa,MEP,DIG,,14/08/2026,21/08/2026,28/08/2026,04/09/2026,DCMvn_RLT_TIDP_Rev05.xlsx,TIDP 430
430_ME_JetFanCarPark_FloorSurface_NoSystem.rfa,430_ME,RLT,RLT Equipment Revit Family,.rfa,MEP,DIG,,14/08/2026,21/08/2026,28/08/2026,04/09/2026,DCMvn_RLT_TIDP_Rev05.xlsx,TIDP 430
430_ME_KitchenExtractorHood.rfa,430_ME,RLT,RLT Equipment Revit Family,.rfa,MEP,DIG,,14/08/2026,21/08/2026,28/08/2026,04/09/2026,DCMvn_RLT_TIDP_Rev05.xlsx,TIDP 430
430_ME_KitchenHoodMonoblock_Standard.rfa,430_ME,RLT,RLT Equipment Revit Family,.rfa,MEP,DIG,,14/08/2026,21/08/2026,28/08/2026,04/09/2026,DCMvn_RLT_TIDP_Rev05.xlsx,TIDP 430
430_ME_MixingTank_Becomix.rfa,430_ME,RLT,RLT Equipment Revit Family,.rfa,MEP,DIG,,14/08/2026,21/08/2026,28/08/2026,04/09/2026,DCMvn_RLT_TIDP_Rev05.xlsx,TIDP 430
430_ME_RoofFanBendDHE_Supply.rfa,430_ME,RLT,RLT Equipment Revit Family,.rfa,MEP,DIG,,14/08/2026,21/08/2026,28/08/2026,04/09/2026,DCMvn_RLT_TIDP_Rev05.xlsx,TIDP 430
430_ME_RoofFanDV_Return.rfa,430_ME,RLT,RLT Equipment Revit Family,.rfa,MEP,DIG,,14/08/2026,21/08/2026,28/08/2026,04/09/2026,DCMvn_RLT_TIDP_Rev05.xlsx,TIDP 430
430_ME_RoofTopUnits_ThermoVentD.rfa,430_ME,RLT,RLT Equipment Revit Family,.rfa,MEP,DIG,,14/08/2026,21/08/2026,28/08/2026,04/09/2026,DCMvn_RLT_TIDP_Rev05.xlsx,TIDP 430
430_ME_RoofVentilationFans_DAX.rfa,430_ME,RLT,RLT Equipment Revit Family,.rfa,MEP,DIG,,14/08/2026,21/08/2026,28/08/2026,04/09/2026,DCMvn_RLT_TIDP_Rev05.xlsx,TIDP 430
430_ME_RoofVentilationFans_DAX_NoSystem.rfa,430_ME,RLT,RLT Equipment Revit Family,.rfa,MEP,DIG,,14/08/2026,21/08/2026,28/08/2026,04/09/2026,DCMvn_RLT_TIDP_Rev05.xlsx,TIDP 430
430_ME_RoofVentilationFans_DRV_DRH.rfa,430_ME,RLT,RLT Equipment Revit Family,.rfa,MEP,DIG,,21/08/2026,28/08/2026,04/09/2026,11/09/2026,DCMvn_RLT_TIDP_Rev05.xlsx,TIDP 430
430_ME_RoofVentilationFans_DRV_EC.rfa,430_ME,RLT,RLT Equipment Revit Family,.rfa,MEP,DIG,,21/08/2026,28/08/2026,04/09/2026,11/09/2026,DCMvn_RLT_TIDP_Rev05.xlsx,TIDP 430
430_ME_RoofVentilationFans_DRVFH.rfa,430_ME,RLT,RLT Equipment Revit Family,.rfa,MEP,DIG,,14/08/2026,21/08/2026,28/08/2026,04/09/2026,DCMvn_RLT_TIDP_Rev05.xlsx,TIDP 430
430_ME_Schleusenventilatoren.rfa,430_ME,RLT,RLT Equipment Revit Family,.rfa,MEP,DIG,,21/08/2026,28/08/2026,04/09/2026,11/09/2026,DCMvn_RLT_TIDP_Rev05.xlsx,TIDP 430
430_ME_SmokeExhaustAxialFans_BVAXO_F300.rfa,430_ME,RLT,RLT Equipment Revit Family,.rfa,MEP,DIG,,21/08/2026,28/08/2026,04/09/2026,11/09/2026,DCMvn_RLT_TIDP_Rev05.xlsx,TIDP 430
430_ME_SmokeExhaustAxialFans_BVAXO_F400.rfa,430_ME,RLT,RLT Equipment Revit Family,.rfa,MEP,DIG,,21/08/2026,28/08/2026,04/09/2026,11/09/2026,DCMvn_RLT_TIDP_Rev05.xlsx,TIDP 430
430_ME_SmokeExhaustCentrifugalFans_BVRA.rfa,430_ME,RLT,RLT Equipment Revit Family,.rfa,MEP,DIG,,21/08/2026,28/08/2026,04/09/2026,11/09/2026,DCMvn_RLT_TIDP_Rev05.xlsx,TIDP 430
430_ME_SmokeExhaustCentrifugalFans_BVREH.rfa,430_ME,RLT,RLT Equipment Revit Family,.rfa,MEP,DIG,,21/08/2026,28/08/2026,04/09/2026,11/09/2026,DCMvn_RLT_TIDP_Rev05.xlsx,TIDP 430
430_ME_SmokeExhaustCentrifugalFans_BVW-B.rfa,430_ME,RLT,RLT Equipment Revit Family,.rfa,MEP,DIG,,21/08/2026,28/08/2026,04/09/2026,11/09/2026,DCMvn_RLT_TIDP_Rev05.xlsx,TIDP 430
430_ME_SmokeExhaustFan_WallMounted_BVW_A.rfa,430_ME,RLT,RLT Equipment Revit Family,.rfa,MEP,DIG,,21/08/2026,28/08/2026,04/09/2026,11/09/2026,DCMvn_RLT_TIDP_Rev05.xlsx,TIDP 430
430_ME_SmokeExhaustJetFans_NoSystem.rfa,430_ME,RLT,RLT Equipment Revit Family,.rfa,MEP,DIG,,21/08/2026,28/08/2026,04/09/2026,11/09/2026,DCMvn_RLT_TIDP_Rev05.xlsx,TIDP 430
430_ME_SmokeExhaustPlugFans_BRERV.rfa,430_ME,RLT,RLT Equipment Revit Family,.rfa,MEP,DIG,,21/08/2026,28/08/2026,04/09/2026,11/09/2026,DCMvn_RLT_TIDP_Rev05.xlsx,TIDP 430
430_ME_StartingSolution.rfa,430_ME,RLT,RLT Equipment Revit Family,.rfa,MEP,DIG,,21/08/2026,28/08/2026,04/09/2026,11/09/2026,DCMvn_RLT_TIDP_Rev05.xlsx,TIDP 430
430_ME_VacuumPump.rfa,430_ME,RLT,RLT Equipment Revit Family,.rfa,MEP,DIG,,21/08/2026,28/08/2026,04/09/2026,11/09/2026,DCMvn_RLT_TIDP_Rev05.xlsx,TIDP 430
430_ME_VentilationAxialFans_AXN691256.rfa,430_ME,RLT,RLT Equipment Revit Family,.rfa,MEP,DIG,,21/08/2026,28/08/2026,04/09/2026,11/09/2026,DCMvn_RLT_TIDP_Rev05.xlsx,TIDP 430
430_ME_VentilationAxialFans_AXO.rfa,430_ME,RLT,RLT Equipment Revit Family,.rfa,MEP,DIG,,21/08/2026,28/08/2026,04/09/2026,11/09/2026,DCMvn_RLT_TIDP_Rev05.xlsx,TIDP 430
430_ME_VentilationAxialFans_AXO1050.rfa,430_ME,RLT,RLT Equipment Revit Family,.rfa,MEP,DIG,,21/08/2026,28/08/2026,04/09/2026,11/09/2026,DCMvn_RLT_TIDP_Rev05.xlsx,TIDP 430
430_ME_VentilationAxialFans_AXO927.rfa,430_ME,RLT,RLT Equipment Revit Family,.rfa,MEP,DIG,,21/08/2026,28/08/2026,04/09/2026,11/09/2026,DCMvn_RLT_TIDP_Rev05.xlsx,TIDP 430
430_ME_VentilationAxialFans_BVAXN_1256.rfa,430_ME,RLT,RLT Equipment Revit Family,.rfa,MEP,DIG,,21/08/2026,28/08/2026,04/09/2026,11/09/2026,DCMvn_RLT_TIDP_Rev05.xlsx,TIDP 430
430_ME_VentilationAxialFans_GLDF.rfa,430_ME,RLT,RLT Equipment Revit Family,.rfa,MEP,DIG,,21/08/2026,28/08/2026,04/09/2026,11/09/2026,DCMvn_RLT_TIDP_Rev05.xlsx,TIDP 430
430_ME_VentilationAxialFans_ZAXN691256.rfa,430_ME,RLT,RLT Equipment Revit Family,.rfa,MEP,DIG,,21/08/2026,28/08/2026,04/09/2026,11/09/2026,DCMvn_RLT_TIDP_Rev05.xlsx,TIDP 430
430_ME_VentilationCentrifugalFans_KFB.rfa,430_ME,RLT,RLT Equipment Revit Family,.rfa,MEP,DIG,,21/08/2026,28/08/2026,04/09/2026,11/09/2026,DCMvn_RLT_TIDP_Rev05.xlsx,TIDP 430
430_ME_VentilationCentrifugalFans_REH.rfa,430_ME,RLT,RLT Equipment Revit Family,.rfa,MEP,DIG,,21/08/2026,28/08/2026,04/09/2026,11/09/2026,DCMvn_RLT_TIDP_Rev05.xlsx,TIDP 430
430_ME_VentilationCentrifugalFans_RZH.rfa,430_ME,RLT,RLT Equipment Revit Family,.rfa,MEP,DIG,,21/08/2026,28/08/2026,04/09/2026,11/09/2026,DCMvn_RLT_TIDP_Rev05.xlsx,TIDP 430
430_ME_VentilationJetFans_GAXO_NoSystem.rfa,430_ME,RLT,RLT Equipment Revit Family,.rfa,MEP,DIG,,21/08/2026,28/08/2026,04/09/2026,11/09/2026,DCMvn_RLT_TIDP_Rev05.xlsx,TIDP 430
430_ME_VentilationPlugFans_ERV.rfa,430_ME,RLT,RLT Equipment Revit Family,.rfa,MEP,DIG,,21/08/2026,28/08/2026,04/09/2026,11/09/2026,DCMvn_RLT_TIDP_Rev05.xlsx,TIDP 430
430_ME_Ventilator_VAM.rfa,430_ME,RLT,RLT Equipment Revit Family,.rfa,MEP,DIG,,21/08/2026,28/08/2026,04/09/2026,11/09/2026,DCMvn_RLT_TIDP_Rev05.xlsx,TIDP 430
430_ME_WallMountedVentilator.rfa,430_ME,RLT,RLT Equipment Revit Family,.rfa,MEP,DIG,,21/08/2026,28/08/2026,04/09/2026,11/09/2026,DCMvn_RLT_TIDP_Rev05.xlsx,TIDP 430
430_ME_WallSmokeExhaustFans.rfa,430_ME,RLT,RLT Equipment Revit Family,.rfa,MEP,DIG,,21/08/2026,28/08/2026,04/09/2026,11/09/2026,DCMvn_RLT_TIDP_Rev05.xlsx,TIDP 430
430_ME_WindDrivenRoofVentilator_Standard.rfa,430_ME,RLT,RLT Equipment Revit Family,.rfa,MEP,DIG,,21/08/2026,28/08/2026,04/09/2026,11/09/2026,DCMvn_RLT_TIDP_Rev05.xlsx,TIDP 430
410_ME_CentrifugalPump.rfa,410_ME,SAN,Sanitary Revit Family,.rfa,MEP,DIG,13,14/08/2026,21/08/2026,28/08/2026,04/09/2026,DCMvn_SAN_TIDP_Rev 05.xlsx,TIDP 410_Rev 04
410_ME_CompactPressureBoostingSystem.rfa,410_ME,SAN,Sanitary Revit Family,.rfa,MEP,DIG,13,14/08/2026,21/08/2026,28/08/2026,04/09/2026,DCMvn_SAN_TIDP_Rev 05.xlsx,TIDP 410_Rev 04
410_ME_CompactPressureBoostingSystem_1MVISE.rfa,410_ME,SAN,Sanitary Revit Family,.rfa,MEP,DIG,13,14/08/2026,21/08/2026,28/08/2026,04/09/2026,DCMvn_SAN_TIDP_Rev 05.xlsx,TIDP 410_Rev 04
410_ME_CompactWaterHeater_WallMounted.rfa,410_ME,SAN,Sanitary Revit Family,.rfa,MEP,DIG,13,14/08/2026,21/08/2026,28/08/2026,04/09/2026,DCMvn_SAN_TIDP_Rev 05.xlsx,TIDP 410_Rev 04
410_ME_Desoftening.rfa,410_ME,SAN,Sanitary Revit Family,.rfa,MEP,DIG,13,14/08/2026,21/08/2026,28/08/2026,04/09/2026,DCMvn_SAN_TIDP_Rev 05.xlsx,TIDP 410_Rev 04
410_ME_DoppelHebeanlageSchmutzwasser.rfa,410_ME,SAN,Sanitary Revit Family,.rfa,MEP,DIG,13,14/08/2026,21/08/2026,28/08/2026,04/09/2026,DCMvn_SAN_TIDP_Rev 05.xlsx,TIDP 410_Rev 04
410_ME_DoublePressureBoosterSystem.rfa,410_ME,SAN,Sanitary Revit Family,.rfa,MEP,DIG,13,14/08/2026,21/08/2026,28/08/2026,04/09/2026,DCMvn_SAN_TIDP_Rev 05.xlsx,TIDP 410_Rev 04
410_ME_DrainLiftL_Floor.rfa,410_ME,SAN,Sanitary Revit Family,.rfa,MEP,DIG,13,14/08/2026,21/08/2026,28/08/2026,04/09/2026,DCMvn_SAN_TIDP_Rev 05.xlsx,TIDP 410_Rev 04
410_ME_DrainLiftM_Floor.rfa,410_ME,SAN,Sanitary Revit Family,.rfa,MEP,DIG,13,14/08/2026,21/08/2026,28/08/2026,04/09/2026,DCMvn_SAN_TIDP_Rev 05.xlsx,TIDP 410_Rev 04
410_ME_DrainLiftS_Floor.rfa,410_ME,SAN,Sanitary Revit Family,.rfa,MEP,DIG,13,14/08/2026,21/08/2026,28/08/2026,04/09/2026,DCMvn_SAN_TIDP_Rev 05.xlsx,TIDP 410_Rev 04
410_ME_DrainLiftXL_Floor.rfa,410_ME,SAN,Sanitary Revit Family,.rfa,MEP,DIG,14,21/08/2026,28/08/2026,04/09/2026,11/09/2026,DCMvn_SAN_TIDP_Rev 05.xlsx,TIDP 410_Rev 04
410_ME_DualTank_WaterSofteners.rfa,410_ME,SAN,Sanitary Revit Family,.rfa,MEP,DIG,14,21/08/2026,28/08/2026,04/09/2026,11/09/2026,DCMvn_SAN_TIDP_Rev 05.xlsx,TIDP 410_Rev 04
410_ME_DuplexSofteningUnit_RondomatDuo.rfa,410_ME,SAN,Sanitary Revit Family,.rfa,MEP,DIG,14,21/08/2026,28/08/2026,04/09/2026,11/09/2026,DCMvn_SAN_TIDP_Rev 05.xlsx,TIDP 410_Rev 04
410_ME_EKleindurchlauferhitzer_MCX.rfa,410_ME,SAN,Sanitary Revit Family,.rfa,MEP,DIG,14,21/08/2026,28/08/2026,04/09/2026,11/09/2026,DCMvn_SAN_TIDP_Rev 05.xlsx,TIDP 410_Rev 04
410_ME_EKleindurchlauferhitzerCEX.rfa,410_ME,SAN,Sanitary Revit Family,.rfa,MEP,DIG,14,21/08/2026,28/08/2026,04/09/2026,11/09/2026,DCMvn_SAN_TIDP_Rev 05.xlsx,TIDP 410_Rev 04
410_ME_ElectricInstantaneousHeater_DLE.rfa,410_ME,SAN,Sanitary Revit Family,.rfa,MEP,DIG,14,21/08/2026,28/08/2026,04/09/2026,11/09/2026,DCMvn_SAN_TIDP_Rev 05.xlsx,TIDP 410_Rev 04
410_ME_ExpansionVessel.rfa,410_ME,SAN,Sanitary Revit Family,.rfa,MEP,DIG,14,21/08/2026,28/08/2026,04/09/2026,11/09/2026,DCMvn_SAN_TIDP_Rev 05.xlsx,TIDP 410_Rev 04
410_ME_ExpansionVessel_Reflex.rfa,410_ME,SAN,Sanitary Revit Family,.rfa,MEP,DIG,14,21/08/2026,28/08/2026,04/09/2026,11/09/2026,DCMvn_SAN_TIDP_Rev 05.xlsx,TIDP 410_Rev 04
410_ME_FettabscheiderNG2.rfa,410_ME,SAN,Sanitary Revit Family,.rfa,MEP,DIG,14,21/08/2026,28/08/2026,04/09/2026,11/09/2026,DCMvn_SAN_TIDP_Rev 05.xlsx,TIDP 410_Rev 04
410_ME_FreshWaterStation.rfa,410_ME,SAN,Sanitary Revit Family,.rfa,MEP,DIG,14,21/08/2026,28/08/2026,04/09/2026,11/09/2026,DCMvn_SAN_TIDP_Rev 05.xlsx,TIDP 410_Rev 04
410_ME_GlandlessCirculatorPump_Vertical_VeroLineIPZ.rfa,410_ME,SAN,Sanitary Revit Family,.rfa,MEP,DIG,14,21/08/2026,28/08/2026,04/09/2026,11/09/2026,DCMvn_SAN_TIDP_Rev 05.xlsx,TIDP 410_Rev 04
410_ME_GlandlessCirculatorPump_Vertical_YonosMAXOZ.rfa,410_ME,SAN,Sanitary Revit Family,.rfa,MEP,DIG,14,21/08/2026,28/08/2026,04/09/2026,11/09/2026,DCMvn_SAN_TIDP_Rev 05.xlsx,TIDP 410_Rev 04
410_ME_GlandlessCirculatorPump_Vertical_YonosPICOZ.rfa,410_ME,SAN,Sanitary Revit Family,.rfa,MEP,DIG,14,21/08/2026,28/08/2026,04/09/2026,11/09/2026,DCMvn_SAN_TIDP_Rev 05.xlsx,TIDP 410_Rev 04
410_ME_GreaseSeparator_FloorStand.rfa,410_ME,SAN,Sanitary Revit Family,.rfa,MEP,DIG,14,21/08/2026,28/08/2026,04/09/2026,11/09/2026,DCMvn_SAN_TIDP_Rev 05.xlsx,TIDP 410_Rev 04
410_ME_GreaseSeparatorFreeStandingInstallationNS10.rfa,410_ME,SAN,Sanitary Revit Family,.rfa,MEP,DIG,14,21/08/2026,28/08/2026,04/09/2026,11/09/2026,DCMvn_SAN_TIDP_Rev 05.xlsx,TIDP 410_Rev 04
410_ME_HighPerformanceIndustrialMixers.rfa,410_ME,SAN,Sanitary Revit Family,.rfa,MEP,DIG,14,21/08/2026,28/08/2026,04/09/2026,11/09/2026,DCMvn_SAN_TIDP_Rev 05.xlsx,TIDP 410_Rev 04
410_ME_HotWaterStorageTank.rfa,410_ME,SAN,Sanitary Revit Family,.rfa,MEP,DIG,14,21/08/2026,28/08/2026,04/09/2026,11/09/2026,DCMvn_SAN_TIDP_Rev 05.xlsx,TIDP 410_Rev 04
410_ME_HygieneFlushingBox_CoverPanel&FlowSensor&DoublePortThreaded_KHSHS2.rfa,410_ME,SAN,Sanitary Revit Family,.rfa,MEP,DIG,14,21/08/2026,28/08/2026,04/09/2026,11/09/2026,DCMvn_SAN_TIDP_Rev 05.xlsx,TIDP 410_Rev 04
410_ME_HygieneFlushingBox_CoverPanel&FlowSensor&SinglePortThreaded_KHSHS2.rfa,410_ME,SAN,Sanitary Revit Family,.rfa,MEP,DIG,14,21/08/2026,28/08/2026,04/09/2026,11/09/2026,DCMvn_SAN_TIDP_Rev 05.xlsx,TIDP 410_Rev 04
410_ME_HygieneFlushingBox_CoverPanelDoublePortThreaded_KHSHS2.rfa,410_ME,SAN,Sanitary Revit Family,.rfa,MEP,DIG,14,21/08/2026,28/08/2026,04/09/2026,11/09/2026,DCMvn_SAN_TIDP_Rev 05.xlsx,TIDP 410_Rev 04
410_ME_HygieneFlushingBox_CoverPanelSinglePortThreaded_KHSHS2.rfa,410_ME,SAN,Sanitary Revit Family,.rfa,MEP,DIG,14,21/08/2026,28/08/2026,04/09/2026,11/09/2026,DCMvn_SAN_TIDP_Rev 05.xlsx,TIDP 410_Rev 04
410_ME_IBCTank.rfa,410_ME,SAN,Sanitary Revit Family,.rfa,MEP,DIG,14,21/08/2026,28/08/2026,04/09/2026,11/09/2026,DCMvn_SAN_TIDP_Rev 05.xlsx,TIDP 410_Rev 04
410_ME_iboxUniversalForShower_WallRecessed.rfa,410_ME,SAN,Sanitary Revit Family,.rfa,MEP,DIG,14,21/08/2026,28/08/2026,04/09/2026,11/09/2026,DCMvn_SAN_TIDP_Rev 05.xlsx,TIDP 410_Rev 04
410_ME_InstantaneousWaterHeater_Shower.rfa,410_ME,SAN,Sanitary Revit Family,.rfa,MEP,DIG,14,21/08/2026,28/08/2026,04/09/2026,11/09/2026,DCMvn_SAN_TIDP_Rev 05.xlsx,TIDP 410_Rev 04
410_ME_InstantaneousWaterHeater_SinkAGB.rfa,410_ME,SAN,Sanitary Revit Family,.rfa,MEP,DIG,14,21/08/2026,28/08/2026,04/09/2026,11/09/2026,DCMvn_SAN_TIDP_Rev 05.xlsx,TIDP 410_Rev 04
410_ME_InstantaneousWaterHeater_TeaKitchen.rfa,410_ME,SAN,Sanitary Revit Family,.rfa,MEP,DIG,14,21/08/2026,28/08/2026,04/09/2026,11/09/2026,DCMvn_SAN_TIDP_Rev 05.xlsx,TIDP 410_Rev 04
410_ME_InstantaneousWaterHeater_WashBasin.rfa,410_ME,SAN,Sanitary Revit Family,.rfa,MEP,DIG,14,21/08/2026,28/08/2026,04/09/2026,11/09/2026,DCMvn_SAN_TIDP_Rev 05.xlsx,TIDP 410_Rev 04
410_ME_KHSHygieneFlushBoxLITE_FlowSensorDoublePortwithThreaded.rfa,410_ME,SAN,Sanitary Revit Family,.rfa,MEP,DIG,14,21/08/2026,28/08/2026,04/09/2026,11/09/2026,DCMvn_SAN_TIDP_Rev 05.xlsx,TIDP 410_Rev 04
410_ME_KHSHygieneFlushBoxLITE_Wall_Threaded_FlowSensorSinglePort.rfa,410_ME,SAN,Sanitary Revit Family,.rfa,MEP,DIG,14,21/08/2026,28/08/2026,04/09/2026,11/09/2026,DCMvn_SAN_TIDP_Rev 05.xlsx,TIDP 410_Rev 04
410_ME_KHSHygieneFlushBoxPRO_Wall_Threaded_FlowSensorDoublePort.rfa,410_ME,SAN,Sanitary Revit Family,.rfa,MEP,DIG,14,21/08/2026,28/08/2026,04/09/2026,11/09/2026,DCMvn_SAN_TIDP_Rev 05.xlsx,TIDP 410_Rev 04
410_ME_KHSHygieneFlushBoxPROwithFlowSensorSinglePort_Threaded.rfa,410_ME,SAN,Sanitary Revit Family,.rfa,MEP,DIG,14,21/08/2026,28/08/2026,04/09/2026,11/09/2026,DCMvn_SAN_TIDP_Rev 05.xlsx,TIDP 410_Rev 04
410_ME_KHSHygieneFlushBoxPURE_Wall_Threaded_FlowSensorDoublePort.rfa,410_ME,SAN,Sanitary Revit Family,.rfa,MEP,DIG,15,28/08/2026,04/09/2026,11/09/2026,18/09/2026,DCMvn_SAN_TIDP_Rev 05.xlsx,TIDP 410_Rev 04
410_ME_KHSHygieneFlushBoxPUREwithFlowSensorSinglePort_Threaded.rfa,410_ME,SAN,Sanitary Revit Family,.rfa,MEP,DIG,14,21/08/2026,28/08/2026,04/09/2026,11/09/2026,DCMvn_SAN_TIDP_Rev 05.xlsx,TIDP 410_Rev 04
410_ME_KHSMiniControlSystem_WallSurface_Master.rfa,410_ME,SAN,Sanitary Revit Family,.rfa,MEP,DIG,15,28/08/2026,04/09/2026,11/09/2026,18/09/2026,DCMvn_SAN_TIDP_Rev 05.xlsx,TIDP 410_Rev 04
410_ME_KHSMiniControlSystemSLAVE_WallSurface.rfa,410_ME,SAN,Sanitary Revit Family,.rfa,MEP,DIG,15,28/08/2026,04/09/2026,11/09/2026,18/09/2026,DCMvn_SAN_TIDP_Rev 05.xlsx,TIDP 410_Rev 04
410_ME_KHSTimer_WallSurface.rfa,410_ME,SAN,Sanitary Revit Family,.rfa,MEP,DIG,15,28/08/2026,04/09/2026,11/09/2026,18/09/2026,DCMvn_SAN_TIDP_Rev 05.xlsx,TIDP 410_Rev 04
410_ME_MiniTresorCabinet_InWall.rfa,410_ME,SAN,Sanitary Revit Family,.rfa,MEP,DIG,15,28/08/2026,04/09/2026,11/09/2026,18/09/2026,DCMvn_SAN_TIDP_Rev 05.xlsx,TIDP 410_Rev 04
410_ME_MiniTresorCabinet_WallSurface.rfa,410_ME,SAN,Sanitary Revit Family,.rfa,MEP,DIG,15,28/08/2026,04/09/2026,11/09/2026,18/09/2026,DCMvn_SAN_TIDP_Rev 05.xlsx,TIDP 410_Rev 04
410_ME_MixingTank.rfa,410_ME,SAN,Sanitary Revit Family,.rfa,MEP,DIG,15,28/08/2026,04/09/2026,11/09/2026,18/09/2026,DCMvn_SAN_TIDP_Rev 05.xlsx,TIDP 410_Rev 04
410_ME_PHController.rfa,410_ME,SAN,Sanitary Revit Family,.rfa,MEP,DIG,15,28/08/2026,04/09/2026,11/09/2026,18/09/2026,DCMvn_SAN_TIDP_Rev 05.xlsx,TIDP 410_Rev 04
410_ME_PlasticInnerTankSeries.rfa,410_ME,SAN,Sanitary Revit Family,.rfa,MEP,DIG,15,28/08/2026,04/09/2026,11/09/2026,18/09/2026,DCMvn_SAN_TIDP_Rev 05.xlsx,TIDP 410_Rev 04
410_ME_PoolHeatPump.rfa,410_ME,SAN,Sanitary Revit Family,.rfa,MEP,DIG,15,28/08/2026,04/09/2026,11/09/2026,18/09/2026,DCMvn_SAN_TIDP_Rev 05.xlsx,TIDP 410_Rev 04
410_ME_PoolSandFilter_FloorStand_Round.rfa,410_ME,SAN,Sanitary Revit Family,.rfa,MEP,DIG,15,28/08/2026,04/09/2026,11/09/2026,18/09/2026,DCMvn_SAN_TIDP_Rev 05.xlsx,TIDP 410_Rev 04
410_ME_PressureBoosterPump.rfa,410_ME,SAN,Sanitary Revit Family,.rfa,MEP,DIG,15,28/08/2026,04/09/2026,11/09/2026,18/09/2026,DCMvn_SAN_TIDP_Rev 05.xlsx,TIDP 410_Rev 04
410_ME_PressurisationUnit_FixedSpeedUnits2Pump.rfa,410_ME,SAN,Sanitary Revit Family,.rfa,MEP,DIG,15,28/08/2026,04/09/2026,11/09/2026,18/09/2026,DCMvn_SAN_TIDP_Rev 05.xlsx,TIDP 410_Rev 04
410_ME_PressurisationUnit_FixedSpeedUnits3Pump.rfa,410_ME,SAN,Sanitary Revit Family,.rfa,MEP,DIG,15,28/08/2026,04/09/2026,11/09/2026,18/09/2026,DCMvn_SAN_TIDP_Rev 05.xlsx,TIDP 410_Rev 04
410_ME_PressurisationUnit_VariableSpeedUnits3Pump.rfa,410_ME,SAN,Sanitary Revit Family,.rfa,MEP,DIG,15,28/08/2026,04/09/2026,11/09/2026,18/09/2026,DCMvn_SAN_TIDP_Rev 05.xlsx,TIDP 410_Rev 04
410_ME_PressurisationUnit_VariableSpeedUnitsWith1Pump.rfa,410_ME,SAN,Sanitary Revit Family,.rfa,MEP,DIG,15,28/08/2026,04/09/2026,11/09/2026,18/09/2026,DCMvn_SAN_TIDP_Rev 05.xlsx,TIDP 410_Rev 04
410_ME_PressurisationUnit_VariableSpeedUnitsWith2PumP.rfa,410_ME,SAN,Sanitary Revit Family,.rfa,MEP,DIG,15,28/08/2026,04/09/2026,11/09/2026,18/09/2026,DCMvn_SAN_TIDP_Rev 05.xlsx,TIDP 410_Rev 04
410_ME_Probenahmetopf.rfa,410_ME,SAN,Sanitary Revit Family,.rfa,MEP,DIG,15,28/08/2026,04/09/2026,11/09/2026,18/09/2026,DCMvn_SAN_TIDP_Rev 05.xlsx,TIDP 410_Rev 04
410_ME_PumpGlandlessCirculator_StarZ.rfa,410_ME,SAN,Sanitary Revit Family,.rfa,MEP,DIG,15,28/08/2026,04/09/2026,11/09/2026,18/09/2026,DCMvn_SAN_TIDP_Rev 05.xlsx,TIDP 410_Rev 04
410_ME_PumpGlandlessCirculator_StarZD.rfa,410_ME,SAN,Sanitary Revit Family,.rfa,MEP,DIG,15,28/08/2026,04/09/2026,11/09/2026,18/09/2026,DCMvn_SAN_TIDP_Rev 05.xlsx,TIDP 410_Rev 04
410_ME_PumpGlandlessCirculator_TopZ.rfa,410_ME,SAN,Sanitary Revit Family,.rfa,MEP,DIG,15,28/08/2026,04/09/2026,11/09/2026,18/09/2026,DCMvn_SAN_TIDP_Rev 05.xlsx,TIDP 410_Rev 04
410_ME_PureWaterTank.rfa,410_ME,SAN,Sanitary Revit Family,.rfa,MEP,DIG,15,28/08/2026,04/09/2026,11/09/2026,18/09/2026,DCMvn_SAN_TIDP_Rev 05.xlsx,TIDP 410_Rev 04
410_ME_ReverseOsmosisSystem.rfa,410_ME,SAN,Sanitary Revit Family,.rfa,MEP,DIG,15,28/08/2026,04/09/2026,11/09/2026,18/09/2026,DCMvn_SAN_TIDP_Rev 05.xlsx,TIDP 410_Rev 04
410_ME_SeparationStation.rfa,410_ME,SAN,Sanitary Revit Family,.rfa,MEP,DIG,15,28/08/2026,04/09/2026,11/09/2026,18/09/2026,DCMvn_SAN_TIDP_Rev 05.xlsx,TIDP 410_Rev 04
410_ME_ServiceStorageTank_Round.rfa,410_ME,SAN,Sanitary Revit Family,.rfa,MEP,DIG,15,28/08/2026,04/09/2026,11/09/2026,18/09/2026,DCMvn_SAN_TIDP_Rev 05.xlsx,TIDP 410_Rev 04
410_ME_Sicherheitstrennstation.rfa,410_ME,SAN,Sanitary Revit Family,.rfa,MEP,DIG,15,28/08/2026,04/09/2026,11/09/2026,18/09/2026,DCMvn_SAN_TIDP_Rev 05.xlsx,TIDP 410_Rev 04
410_ME_SinglePressureBoosterSystem.rfa,410_ME,SAN,Sanitary Revit Family,.rfa,MEP,DIG,15,28/08/2026,04/09/2026,11/09/2026,18/09/2026,DCMvn_SAN_TIDP_Rev 05.xlsx,TIDP 410_Rev 04
410_ME_StratosMAXOZPump_Vertical.rfa,410_ME,SAN,Sanitary Revit Family,.rfa,MEP,DIG,15,28/08/2026,04/09/2026,11/09/2026,18/09/2026,DCMvn_SAN_TIDP_Rev 05.xlsx,TIDP 410_Rev 04
410_ME_StratosPICOZPump_Vertical.rfa,410_ME,SAN,Sanitary Revit Family,.rfa,MEP,DIG,15,28/08/2026,04/09/2026,11/09/2026,18/09/2026,DCMvn_SAN_TIDP_Rev 05.xlsx,TIDP 410_Rev 04
410_ME_SubmergedPump_ACOSAT100DWithPoweliftMono.rfa,410_ME,SAN,Sanitary Revit Family,.rfa,MEP,DIG,15,28/08/2026,04/09/2026,11/09/2026,18/09/2026,DCMvn_SAN_TIDP_Rev 05.xlsx,TIDP 410_Rev 04
410_ME_SubmergedPump_Horizontal_SatSeries.rfa,410_ME,SAN,Sanitary Revit Family,.rfa,MEP,DIG,15,28/08/2026,04/09/2026,11/09/2026,18/09/2026,DCMvn_SAN_TIDP_Rev 05.xlsx,TIDP 410_Rev 04
410_ME_SubmergedPump_SitaSeries.rfa,410_ME,SAN,Sanitary Revit Family,.rfa,MEP,DIG,15,28/08/2026,04/09/2026,11/09/2026,18/09/2026,DCMvn_SAN_TIDP_Rev 05.xlsx,TIDP 410_Rev 04
410_ME_SubmergedPump_Vertical_SATSeries.rfa,410_ME,SAN,Sanitary Revit Family,.rfa,MEP,DIG,16,04/09/2026,11/09/2026,18/09/2026,25/09/2026,DCMvn_SAN_TIDP_Rev 05.xlsx,TIDP 410_Rev 04
410_ME_SubmergedPump_Vertical_SATVSeries.rfa,410_ME,SAN,Sanitary Revit Family,.rfa,MEP,DIG,16,04/09/2026,11/09/2026,18/09/2026,25/09/2026,DCMvn_SAN_TIDP_Rev 05.xlsx,TIDP 410_Rev 04
410_ME_TresorCabinet_InWall.rfa,410_ME,SAN,Sanitary Revit Family,.rfa,MEP,DIG,16,04/09/2026,11/09/2026,18/09/2026,25/09/2026,DCMvn_SAN_TIDP_Rev 05.xlsx,TIDP 410_Rev 04
410_ME_TresorCabinet_WallSurface.rfa,410_ME,SAN,Sanitary Revit Family,.rfa,MEP,DIG,16,04/09/2026,11/09/2026,18/09/2026,25/09/2026,DCMvn_SAN_TIDP_Rev 05.xlsx,TIDP 410_Rev 04
410_ME_TripleSofteningSystem_DeltaP.rfa,410_ME,SAN,Sanitary Revit Family,.rfa,MEP,DIG,16,04/09/2026,11/09/2026,18/09/2026,25/09/2026,DCMvn_SAN_TIDP_Rev 05.xlsx,TIDP 410_Rev 04
410_ME_TWPressureBoosterSystem.rfa,410_ME,SAN,Sanitary Revit Family,.rfa,MEP,DIG,16,04/09/2026,11/09/2026,18/09/2026,25/09/2026,DCMvn_SAN_TIDP_Rev 05.xlsx,TIDP 410_Rev 04
410_ME_VerticaltubeHeatexchanger.rfa,410_ME,SAN,Sanitary Revit Family,.rfa,MEP,DIG,16,04/09/2026,11/09/2026,18/09/2026,25/09/2026,DCMvn_SAN_TIDP_Rev 05.xlsx,TIDP 410_Rev 04
410_ME_WasteWaterLift_Floor_C3.rfa,410_ME,SAN,Sanitary Revit Family,.rfa,MEP,DIG,16,04/09/2026,11/09/2026,18/09/2026,25/09/2026,DCMvn_SAN_TIDP_Rev 05.xlsx,TIDP 410_Rev 04
410_ME_WasteWaterLift_Floor_CWC3.rfa,410_ME,SAN,Sanitary Revit Family,.rfa,MEP,DIG,16,04/09/2026,11/09/2026,18/09/2026,25/09/2026,DCMvn_SAN_TIDP_Rev 05.xlsx,TIDP 410_Rev 04
410_ME_WasteWaterLift_Floor_D2.rfa,410_ME,SAN,Sanitary Revit Family,.rfa,MEP,DIG,16,04/09/2026,11/09/2026,18/09/2026,25/09/2026,DCMvn_SAN_TIDP_Rev 05.xlsx,TIDP 410_Rev 04
410_ME_WasteWaterLift_Floor_WC1.rfa,410_ME,SAN,Sanitary Revit Family,.rfa,MEP,DIG,16,04/09/2026,11/09/2026,18/09/2026,25/09/2026,DCMvn_SAN_TIDP_Rev 05.xlsx,TIDP 410_Rev 04
410_ME_WasteWaterLift_Floor_WC3.rfa,410_ME,SAN,Sanitary Revit Family,.rfa,MEP,DIG,16,04/09/2026,11/09/2026,18/09/2026,25/09/2026,DCMvn_SAN_TIDP_Rev 05.xlsx,TIDP 410_Rev 04
410_ME_WastewaterLiftingStation_DouPump.rfa,410_ME,SAN,Sanitary Revit Family,.rfa,MEP,DIG,16,04/09/2026,11/09/2026,18/09/2026,25/09/2026,DCMvn_SAN_TIDP_Rev 05.xlsx,TIDP 410_Rev 04
410_ME_WasteWaterLiftingStation_KesselPump.rfa,410_ME,SAN,Sanitary Revit Family,.rfa,MEP,DIG,16,04/09/2026,11/09/2026,18/09/2026,25/09/2026,DCMvn_SAN_TIDP_Rev 05.xlsx,TIDP 410_Rev 04
410_ME_WastewaterLiftingStation_MuliPES&Mono.rfa,410_ME,SAN,Sanitary Revit Family,.rfa,MEP,DIG,16,04/09/2026,11/09/2026,18/09/2026,25/09/2026,DCMvn_SAN_TIDP_Rev 05.xlsx,TIDP 410_Rev 04
410_ME_WastewaterLiftingStation_MuliProPEKDuo.rfa,410_ME,SAN,Sanitary Revit Family,.rfa,MEP,DIG,16,04/09/2026,11/09/2026,18/09/2026,25/09/2026,DCMvn_SAN_TIDP_Rev 05.xlsx,TIDP 410_Rev 04
410_ME_WastewaterLiftingStation_MuliProPEKParallel.rfa,410_ME,SAN,Sanitary Revit Family,.rfa,MEP,DIG,16,04/09/2026,11/09/2026,18/09/2026,25/09/2026,DCMvn_SAN_TIDP_Rev 05.xlsx,TIDP 410_Rev 04
410_ME_WastewaterLiftingStation_MuliProPENXLDuo.rfa,410_ME,SAN,Sanitary Revit Family,.rfa,MEP,DIG,16,04/09/2026,11/09/2026,18/09/2026,25/09/2026,DCMvn_SAN_TIDP_Rev 05.xlsx,TIDP 410_Rev 04
410_ME_WastewaterLiftingStation_MuliStarDDP.rfa,410_ME,SAN,Sanitary Revit Family,.rfa,MEP,DIG,16,04/09/2026,11/09/2026,18/09/2026,25/09/2026,DCMvn_SAN_TIDP_Rev 05.xlsx,TIDP 410_Rev 04
410_ME_WastewaterLiftingStation_MuliStarMDP1&MWP1.rfa,410_ME,SAN,Sanitary Revit Family,.rfa,MEP,DIG,16,04/09/2026,11/09/2026,18/09/2026,25/09/2026,DCMvn_SAN_TIDP_Rev 05.xlsx,TIDP 410_Rev 04
410_ME_WastewaterLiftingStation_Sinkamat-HW.rfa,410_ME,SAN,Sanitary Revit Family,.rfa,MEP,DIG,16,04/09/2026,11/09/2026,18/09/2026,25/09/2026,DCMvn_SAN_TIDP_Rev 05.xlsx,TIDP 410_Rev 04
410_ME_WasteWaterLiftingStation_VerticalPump.rfa,410_ME,SAN,Sanitary Revit Family,.rfa,MEP,DIG,16,04/09/2026,11/09/2026,18/09/2026,25/09/2026,DCMvn_SAN_TIDP_Rev 05.xlsx,TIDP 410_Rev 04
410_ME_WasteWaterLiftingStationPump.rfa,410_ME,SAN,Sanitary Revit Family,.rfa,MEP,DIG,16,04/09/2026,11/09/2026,18/09/2026,25/09/2026,DCMvn_SAN_TIDP_Rev 05.xlsx,TIDP 410_Rev 04
410_ME_WaterDispenser_FloorStand.rfa,410_ME,SAN,Sanitary Revit Family,.rfa,MEP,DIG,16,04/09/2026,11/09/2026,18/09/2026,25/09/2026,DCMvn_SAN_TIDP_Rev 05.xlsx,TIDP 410_Rev 04
410_ME_WaterFilterTank.rfa,410_ME,SAN,Sanitary Revit Family,.rfa,MEP,DIG,16,04/09/2026,11/09/2026,18/09/2026,25/09/2026,DCMvn_SAN_TIDP_Rev 05.xlsx,TIDP 410_Rev 04
410_ME_WaterFilterVertical.rfa,410_ME,SAN,Sanitary Revit Family,.rfa,MEP,DIG,16,04/09/2026,11/09/2026,18/09/2026,25/09/2026,DCMvn_SAN_TIDP_Rev 05.xlsx,TIDP 410_Rev 04
410_ME_WaterHardnessMeter.rfa,410_ME,SAN,Sanitary Revit Family,.rfa,MEP,DIG,16,04/09/2026,11/09/2026,18/09/2026,25/09/2026,DCMvn_SAN_TIDP_Rev 05.xlsx,TIDP 410_Rev 04
410_ME_WaterHeater_WallMounted.rfa,410_ME,SAN,Sanitary Revit Family,.rfa,MEP,DIG,16,04/09/2026,11/09/2026,18/09/2026,25/09/2026,DCMvn_SAN_TIDP_Rev 05.xlsx,TIDP 410_Rev 04
410_ME_WaterHeaterWithTap_WallMounted.rfa,410_ME,SAN,Sanitary Revit Family,.rfa,MEP,DIG,16,04/09/2026,11/09/2026,18/09/2026,25/09/2026,DCMvn_SAN_TIDP_Rev 05.xlsx,TIDP 410_Rev 04
410_ME_WaterSofteningTank.rfa,410_ME,SAN,Sanitary Revit Family,.rfa,MEP,DIG,16,04/09/2026,11/09/2026,18/09/2026,25/09/2026,DCMvn_SAN_TIDP_Rev 05.xlsx,TIDP 410_Rev 04
410_NF_GS_rConcentric_NoSocket_GMX.rfa,410_NF,SAN,Sanitary Revit Family,.rfa,MEP,DIG,9,17/07/2026,24/07/2026,31/07/2026,07/08/2026,DCMvn_SAN_TIDP_Rev 05.xlsx,TIDP 410_Rev 04
410_PA_Adapter&ExpansionPiece_Flanged.rfa,410_PA,SAN,Sanitary Revit Family,.rfa,MEP,DIG,9,17/07/2026,24/07/2026,31/07/2026,07/08/2026,DCMvn_SAN_TIDP_Rev 05.xlsx,TIDP 410_Rev 04
410_PA_AirReleaseValve_Threaded.rfa,410_PA,SAN,Sanitary Revit Family,.rfa,MEP,DIG,9,17/07/2026,24/07/2026,31/07/2026,07/08/2026,DCMvn_SAN_TIDP_Rev 05.xlsx,TIDP 410_Rev 04
410_PA_AngleSafetyValve_Threaded.rfa,410_PA,SAN,Sanitary Revit Family,.rfa,MEP,DIG,9,17/07/2026,24/07/2026,31/07/2026,07/08/2026,DCMvn_SAN_TIDP_Rev 05.xlsx,TIDP 410_Rev 04
410_PA_AngleSeatPistonValve_Flanged.rfa,410_PA,SAN,Sanitary Revit Family,.rfa,MEP,DIG,9,17/07/2026,24/07/2026,31/07/2026,07/08/2026,DCMvn_SAN_TIDP_Rev 05.xlsx,TIDP 410_Rev 04
410_PA_AngleSeatPistonValve_Threaded.rfa,410_PA,SAN,Sanitary Revit Family,.rfa,MEP,DIG,9,17/07/2026,24/07/2026,31/07/2026,07/08/2026,DCMvn_SAN_TIDP_Rev 05.xlsx,TIDP 410_Rev 04
410_PA_AngleValve_Threaded_WithRegulatingFunction.rfa,410_PA,SAN,Sanitary Revit Family,.rfa,MEP,DIG,9,17/07/2026,24/07/2026,31/07/2026,07/08/2026,DCMvn_SAN_TIDP_Rev 05.xlsx,TIDP 410_Rev 04
410_PA_AutomaticBackwashFilter_Flanged.rfa,410_PA,SAN,Sanitary Revit Family,.rfa,MEP,DIG,9,17/07/2026,24/07/2026,31/07/2026,07/08/2026,DCMvn_SAN_TIDP_Rev 05.xlsx,TIDP 410_Rev 04
410_PA_AutomaticCirculationRegulatingValve.rfa,410_PA,SAN,Sanitary Revit Family,.rfa,MEP,DIG,10,24/07/2026,31/07/2026,07/08/2026,14/08/2026,DCMvn_SAN_TIDP_Rev 05.xlsx,TIDP 410_Rev 04
410_PA_AutomaticHygieneFlushingStationHS10_Geberit.rfa,410_PA,SAN,Sanitary Revit Family,.rfa,MEP,DIG,10,24/07/2026,31/07/2026,07/08/2026,14/08/2026,DCMvn_SAN_TIDP_Rev 05.xlsx,TIDP 410_Rev 04
410_PA_BackflowPreventer_Threaded.rfa,410_PA,SAN,Sanitary Revit Family,.rfa,MEP,DIG,10,24/07/2026,31/07/2026,07/08/2026,14/08/2026,DCMvn_SAN_TIDP_Rev 05.xlsx,TIDP 410_Rev 04
410_PA_BackflowPreventerValve_Threaded.rfa,410_PA,SAN,Sanitary Revit Family,.rfa,MEP,DIG,10,24/07/2026,31/07/2026,07/08/2026,14/08/2026,DCMvn_SAN_TIDP_Rev 05.xlsx,TIDP 410_Rev 04
410_PA_BallValve_Flanged.rfa,410_PA,SAN,Sanitary Revit Family,.rfa,MEP,DIG,10,24/07/2026,31/07/2026,07/08/2026,14/08/2026,DCMvn_SAN_TIDP_Rev 05.xlsx,TIDP 410_Rev 04
410_PA_BallValve_SocketFusion.rfa,410_PA,SAN,Sanitary Revit Family,.rfa,MEP,DIG,11,31/07/2026,07/08/2026,14/08/2026,21/08/2026,DCMvn_SAN_TIDP_Rev 05.xlsx,TIDP 410_Rev 04
410_PA_BallValve_Threaded.rfa,410_PA,SAN,Sanitary Revit Family,.rfa,MEP,DIG,10,24/07/2026,31/07/2026,07/08/2026,14/08/2026,DCMvn_SAN_TIDP_Rev 05.xlsx,TIDP 410_Rev 04
410_PA_CoarseTrap.rfa,410_PA,SAN,Sanitary Revit Family,.rfa,MEP,DIG,10,24/07/2026,31/07/2026,07/08/2026,14/08/2026,DCMvn_SAN_TIDP_Rev 05.xlsx,TIDP 410_Rev 04
410_PA_CombinationAngleValve_Standard.rfa,410_PA,SAN,Sanitary Revit Family,.rfa,MEP,DIG,10,24/07/2026,31/07/2026,07/08/2026,14/08/2026,DCMvn_SAN_TIDP_Rev 05.xlsx,TIDP 410_Rev 04
410_PA_DiaphragmValve.rfa,410_PA,SAN,Sanitary Revit Family,.rfa,MEP,DIG,10,24/07/2026,31/07/2026,07/08/2026,14/08/2026,DCMvn_SAN_TIDP_Rev 05.xlsx,TIDP 410_Rev 04
410_PA_DoubleInstallationRackWatermeter_Threaded.rfa,410_PA,SAN,Sanitary Revit Family,.rfa,MEP,DIG,10,24/07/2026,31/07/2026,07/08/2026,14/08/2026,DCMvn_SAN_TIDP_Rev 05.xlsx,TIDP 410_Rev 04
410_PA_DrainValve_Threaded.rfa,410_PA,SAN,Sanitary Revit Family,.rfa,MEP,DIG,10,24/07/2026,31/07/2026,07/08/2026,14/08/2026,DCMvn_SAN_TIDP_Rev 05.xlsx,TIDP 410_Rev 04
410_PA_FillSetStandardValve_Threaded.rfa,410_PA,SAN,Sanitary Revit Family,.rfa,MEP,DIG,10,24/07/2026,31/07/2026,07/08/2026,14/08/2026,DCMvn_SAN_TIDP_Rev 05.xlsx,TIDP 410_Rev 04
410_PA_FillsoftHousing_Threaded.rfa,410_PA,SAN,Sanitary Revit Family,.rfa,MEP,DIG,10,24/07/2026,31/07/2026,07/08/2026,14/08/2026,DCMvn_SAN_TIDP_Rev 05.xlsx,TIDP 410_Rev 04
410_PA_Filter_Threaded.rfa,410_PA,SAN,Sanitary Revit Family,.rfa,MEP,DIG,10,24/07/2026,31/07/2026,07/08/2026,14/08/2026,DCMvn_SAN_TIDP_Rev 05.xlsx,TIDP 410_Rev 04
410_PA_FittingSpacerForWaterMeter_Threaded.rfa,410_PA,SAN,Sanitary Revit Family,.rfa,MEP,DIG,10,24/07/2026,31/07/2026,07/08/2026,14/08/2026,DCMvn_SAN_TIDP_Rev 05.xlsx,TIDP 410_Rev 04
410_PA_FlexibleConnection_Flanged.rfa,410_PA,SAN,Sanitary Revit Family,.rfa,MEP,DIG,10,24/07/2026,31/07/2026,07/08/2026,14/08/2026,DCMvn_SAN_TIDP_Rev 05.xlsx,TIDP 410_Rev 04
410_PA_FloatingValve_Threaded.rfa,410_PA,SAN,Sanitary Revit Family,.rfa,MEP,DIG,10,24/07/2026,31/07/2026,07/08/2026,14/08/2026,DCMvn_SAN_TIDP_Rev 05.xlsx,TIDP 410_Rev 04
410_PA_FlowSplitterBox_Floor_Threaded_KHS.rfa,410_PA,SAN,Sanitary Revit Family,.rfa,MEP,DIG,10,24/07/2026,31/07/2026,07/08/2026,14/08/2026,DCMvn_SAN_TIDP_Rev 05.xlsx,TIDP 410_Rev 04
410_PA_FlowSplitterSet_Threaded_KHS.rfa,410_PA,SAN,Sanitary Revit Family,.rfa,MEP,DIG,10,24/07/2026,31/07/2026,07/08/2026,14/08/2026,DCMvn_SAN_TIDP_Rev 05.xlsx,TIDP 410_Rev 04
410_PA_FlowSplitterUnit_FlushMounted_Threaded_DynamicKHS.rfa,410_PA,SAN,Sanitary Revit Family,.rfa,MEP,DIG,10,24/07/2026,31/07/2026,07/08/2026,14/08/2026,DCMvn_SAN_TIDP_Rev 05.xlsx,TIDP 410_Rev 04
410_PA_FlowSplitterUnit_Threaded_DynamicKHS.rfa,410_PA,SAN,Sanitary Revit Family,.rfa,MEP,DIG,10,24/07/2026,31/07/2026,07/08/2026,14/08/2026,DCMvn_SAN_TIDP_Rev 05.xlsx,TIDP 410_Rev 04
410_PA_FlowTemperatureMeterValve_Threaded.rfa,410_PA,SAN,Sanitary Revit Family,.rfa,MEP,DIG,10,24/07/2026,31/07/2026,07/08/2026,14/08/2026,DCMvn_SAN_TIDP_Rev 05.xlsx,TIDP 410_Rev 04
410_PA_FlushMountedStopValve_Mapress_UpPlus.rfa,410_PA,SAN,Sanitary Revit Family,.rfa,MEP,DIG,10,24/07/2026,31/07/2026,07/08/2026,14/08/2026,DCMvn_SAN_TIDP_Rev 05.xlsx,TIDP 410_Rev 04
410_PA_FlushMoutedStopValve_Threaded_UpPlus.rfa,410_PA,SAN,Sanitary Revit Family,.rfa,MEP,DIG,10,24/07/2026,31/07/2026,07/08/2026,14/08/2026,DCMvn_SAN_TIDP_Rev 05.xlsx,TIDP 410_Rev 04
410_PA_FunnelSiphon_Horizontal.rfa,410_PA,SAN,Sanitary Revit Family,.rfa,MEP,DIG,10,24/07/2026,31/07/2026,07/08/2026,14/08/2026,DCMvn_SAN_TIDP_Rev 05.xlsx,TIDP 410_Rev 04
410_PA_GateValve_Flanged.rfa,410_PA,SAN,Sanitary Revit Family,.rfa,MEP,DIG,10,24/07/2026,31/07/2026,07/08/2026,14/08/2026,DCMvn_SAN_TIDP_Rev 05.xlsx,TIDP 410_Rev 04
410_PA_GateValve_Threaded.rfa,410_PA,SAN,Sanitary Revit Family,.rfa,MEP,DIG,10,24/07/2026,31/07/2026,07/08/2026,14/08/2026,DCMvn_SAN_TIDP_Rev 05.xlsx,TIDP 410_Rev 04
410_PA_GateValveSealingDirectionWithDrain_Threaded.rfa,410_PA,SAN,Sanitary Revit Family,.rfa,MEP,DIG,10,24/07/2026,31/07/2026,07/08/2026,14/08/2026,DCMvn_SAN_TIDP_Rev 05.xlsx,TIDP 410_Rev 04
410_PA_GateValveWithDrain_Threaded.rfa,410_PA,SAN,Sanitary Revit Family,.rfa,MEP,DIG,10,24/07/2026,31/07/2026,07/08/2026,14/08/2026,DCMvn_SAN_TIDP_Rev 05.xlsx,TIDP 410_Rev 04
410_PA_GlobeValve_Flanged.rfa,410_PA,SAN,Sanitary Revit Family,.rfa,MEP,DIG,10,24/07/2026,31/07/2026,07/08/2026,14/08/2026,DCMvn_SAN_TIDP_Rev 05.xlsx,TIDP 410_Rev 04
410_PA_GlobeValve_Threaded.rfa,410_PA,SAN,Sanitary Revit Family,.rfa,MEP,DIG,10,24/07/2026,31/07/2026,07/08/2026,14/08/2026,DCMvn_SAN_TIDP_Rev 05.xlsx,TIDP 410_Rev 04
410_PA_KHSFlushPoint_Threaded_230V.rfa,410_PA,SAN,Sanitary Revit Family,.rfa,MEP,DIG,10,24/07/2026,31/07/2026,07/08/2026,14/08/2026,DCMvn_SAN_TIDP_Rev 05.xlsx,TIDP 410_Rev 04
410_PA_KHSFlushPoint_Threaded_24V.rfa,410_PA,SAN,Sanitary Revit Family,.rfa,MEP,DIG,10,24/07/2026,31/07/2026,07/08/2026,14/08/2026,DCMvn_SAN_TIDP_Rev 05.xlsx,TIDP 410_Rev 04
410_PA_KHSFlushPoint_Threaded_ControlPlus230V.rfa,410_PA,SAN,Sanitary Revit Family,.rfa,MEP,DIG,10,24/07/2026,31/07/2026,07/08/2026,14/08/2026,DCMvn_SAN_TIDP_Rev 05.xlsx,TIDP 410_Rev 04
410_PA_KHSFlushPoint_Threaded_ControlPlus24V.rfa,410_PA,SAN,Sanitary Revit Family,.rfa,MEP,DIG,10,24/07/2026,31/07/2026,07/08/2026,14/08/2026,DCMvn_SAN_TIDP_Rev 05.xlsx,TIDP 410_Rev 04
410_PA_KugelSiphon_Standard.rfa,410_PA,SAN,Sanitary Revit Family,.rfa,MEP,DIG,10,24/07/2026,31/07/2026,07/08/2026,14/08/2026,DCMvn_SAN_TIDP_Rev 05.xlsx,TIDP 410_Rev 04
410_PA_MotorButterflyValve_Flanged.rfa,410_PA,SAN,Sanitary Revit Family,.rfa,MEP,DIG,10,24/07/2026,31/07/2026,07/08/2026,14/08/2026,DCMvn_SAN_TIDP_Rev 05.xlsx,TIDP 410_Rev 04
410_PA_NozzleCheckValve_Flanged.rfa,410_PA,SAN,Sanitary Revit Family,.rfa,MEP,DIG,10,24/07/2026,31/07/2026,07/08/2026,14/08/2026,DCMvn_SAN_TIDP_Rev 05.xlsx,TIDP 410_Rev 04
410_PA_OutletValve_Threaded.rfa,410_PA,SAN,Sanitary Revit Family,.rfa,MEP,DIG,10,24/07/2026,31/07/2026,07/08/2026,14/08/2026,DCMvn_SAN_TIDP_Rev 05.xlsx,TIDP 410_Rev 04
410_PA_OutletValve_Threaded_WithHoseScrewConnection.rfa,410_PA,SAN,Sanitary Revit Family,.rfa,MEP,DIG,10,24/07/2026,31/07/2026,07/08/2026,14/08/2026,DCMvn_SAN_TIDP_Rev 05.xlsx,TIDP 410_Rev 04
410_PA_PoolMainDrain_Threaded.rfa,410_PA,SAN,Sanitary Revit Family,.rfa,MEP,DIG,11,31/07/2026,07/08/2026,14/08/2026,21/08/2026,DCMvn_SAN_TIDP_Rev 05.xlsx,TIDP 410_Rev 04
410_PA_PoolReturnJet_Threaded.rfa,410_PA,SAN,Sanitary Revit Family,.rfa,MEP,DIG,11,31/07/2026,07/08/2026,14/08/2026,21/08/2026,DCMvn_SAN_TIDP_Rev 05.xlsx,TIDP 410_Rev 04
410_PA_PoolSkimmer_Threaded.rfa,410_PA,SAN,Sanitary Revit Family,.rfa,MEP,DIG,11,31/07/2026,07/08/2026,14/08/2026,21/08/2026,DCMvn_SAN_TIDP_Rev 05.xlsx,TIDP 410_Rev 04
410_PA_PressureGauge.rfa,410_PA,SAN,Sanitary Revit Family,.rfa,MEP,DIG,11,31/07/2026,07/08/2026,14/08/2026,21/08/2026,DCMvn_SAN_TIDP_Rev 05.xlsx,TIDP 410_Rev 04
410_PA_PressureGauge_WithSiphon.rfa,410_PA,SAN,Sanitary Revit Family,.rfa,MEP,DIG,11,31/07/2026,07/08/2026,14/08/2026,21/08/2026,DCMvn_SAN_TIDP_Rev 05.xlsx,TIDP 410_Rev 04
410_PA_PressureReducingValve_Flanged.rfa,410_PA,SAN,Sanitary Revit Family,.rfa,MEP,DIG,11,31/07/2026,07/08/2026,14/08/2026,21/08/2026,DCMvn_SAN_TIDP_Rev 05.xlsx,TIDP 410_Rev 04
410_PA_PressureReducingValve_Threaded.rfa,410_PA,SAN,Sanitary Revit Family,.rfa,MEP,DIG,11,31/07/2026,07/08/2026,14/08/2026,21/08/2026,DCMvn_SAN_TIDP_Rev 05.xlsx,TIDP 410_Rev 04
410_PA_PressureReducingValveFilterCombination_Threaded.rfa,410_PA,SAN,Sanitary Revit Family,.rfa,MEP,DIG,11,31/07/2026,07/08/2026,14/08/2026,21/08/2026,DCMvn_SAN_TIDP_Rev 05.xlsx,TIDP 410_Rev 04
410_PA_PressureReducingValveWithPressureGauge_FemaleThreaded.rfa,410_PA,SAN,Sanitary Revit Family,.rfa,MEP,DIG,11,31/07/2026,07/08/2026,14/08/2026,21/08/2026,DCMvn_SAN_TIDP_Rev 05.xlsx,TIDP 410_Rev 04
410_PA_PressureRegulator_Thread.rfa,410_PA,SAN,Sanitary Revit Family,.rfa,MEP,DIG,11,31/07/2026,07/08/2026,14/08/2026,21/08/2026,DCMvn_SAN_TIDP_Rev 05.xlsx,TIDP 410_Rev 04
410_PA_SamplingValve_Standard_Gunmetal.rfa,410_PA,SAN,Sanitary Revit Family,.rfa,MEP,DIG,11,31/07/2026,07/08/2026,14/08/2026,21/08/2026,DCMvn_SAN_TIDP_Rev 05.xlsx,TIDP 410_Rev 04
410_PA_SamplingValve_Standard_SS.rfa,410_PA,SAN,Sanitary Revit Family,.rfa,MEP,DIG,11,31/07/2026,07/08/2026,14/08/2026,21/08/2026,DCMvn_SAN_TIDP_Rev 05.xlsx,TIDP 410_Rev 04
410_PA_SamplingValveForWashBasinAngleValve_Standard_SS.rfa,410_PA,SAN,Sanitary Revit Family,.rfa,MEP,DIG,11,31/07/2026,07/08/2026,14/08/2026,21/08/2026,DCMvn_SAN_TIDP_Rev 05.xlsx,TIDP 410_Rev 04
410_PA_ShutoffValve_Flanged.rfa,410_PA,SAN,Sanitary Revit Family,.rfa,MEP,DIG,11,31/07/2026,07/08/2026,14/08/2026,21/08/2026,DCMvn_SAN_TIDP_Rev 05.xlsx,TIDP 410_Rev 04
410_PA_ShutoffValve_Flanged_DrainValve.rfa,410_PA,SAN,Sanitary Revit Family,.rfa,MEP,DIG,11,31/07/2026,07/08/2026,14/08/2026,21/08/2026,DCMvn_SAN_TIDP_Rev 05.xlsx,TIDP 410_Rev 04
410_PA_ShutoffValve_Mapress_WithDrainValve.rfa,410_PA,SAN,Sanitary Revit Family,.rfa,MEP,DIG,11,31/07/2026,07/08/2026,14/08/2026,21/08/2026,DCMvn_SAN_TIDP_Rev 05.xlsx,TIDP 410_Rev 04
410_PA_ShutoffValve_MapressGeberit.rfa,410_PA,SAN,Sanitary Revit Family,.rfa,MEP,DIG,11,31/07/2026,07/08/2026,14/08/2026,21/08/2026,DCMvn_SAN_TIDP_Rev 05.xlsx,TIDP 410_Rev 04
410_PA_ShutoffValve_Threaded.rfa,410_PA,SAN,Sanitary Revit Family,.rfa,MEP,DIG,11,31/07/2026,07/08/2026,14/08/2026,21/08/2026,DCMvn_SAN_TIDP_Rev 05.xlsx,TIDP 410_Rev 04
410_PA_ShutoffValve_WithDrainPlug_Threaded.rfa,410_PA,SAN,Sanitary Revit Family,.rfa,MEP,DIG,11,31/07/2026,07/08/2026,14/08/2026,21/08/2026,DCMvn_SAN_TIDP_Rev 05.xlsx,TIDP 410_Rev 04
410_PA_SingleInstallationRackWatermeter_Threaded.rfa,410_PA,SAN,Sanitary Revit Family,.rfa,MEP,DIG,11,31/07/2026,07/08/2026,14/08/2026,21/08/2026,DCMvn_SAN_TIDP_Rev 05.xlsx,TIDP 410_Rev 04
410_PA_SolenoidControlValve_Flanged.rfa,410_PA,SAN,Sanitary Revit Family,.rfa,MEP,DIG,11,31/07/2026,07/08/2026,14/08/2026,21/08/2026,DCMvn_SAN_TIDP_Rev 05.xlsx,TIDP 410_Rev 04
410_PA_StaticBalancingValve_Threaded_MultiFixPlus.rfa,410_PA,SAN,Sanitary Revit Family,.rfa,MEP,DIG,11,31/07/2026,07/08/2026,14/08/2026,21/08/2026,DCMvn_SAN_TIDP_Rev 05.xlsx,TIDP 410_Rev 04
410_PA_StaticBalancingValve_UnionThreaded_MultiFixPlus.rfa,410_PA,SAN,Sanitary Revit Family,.rfa,MEP,DIG,11,31/07/2026,07/08/2026,14/08/2026,21/08/2026,DCMvn_SAN_TIDP_Rev 05.xlsx,TIDP 410_Rev 04
410_PA_StopValve_SocketFusion.rfa,410_PA,SAN,Sanitary Revit Family,.rfa,MEP,DIG,11,31/07/2026,07/08/2026,14/08/2026,21/08/2026,DCMvn_SAN_TIDP_Rev 05.xlsx,TIDP 410_Rev 04
410_PA_StraightSafetyValve_Threaded.rfa,410_PA,SAN,Sanitary Revit Family,.rfa,MEP,DIG,11,31/07/2026,07/08/2026,14/08/2026,21/08/2026,DCMvn_SAN_TIDP_Rev 05.xlsx,TIDP 410_Rev 04
410_PA_SwingcheckValve_Flanged.rfa,410_PA,SAN,Sanitary Revit Family,.rfa,MEP,DIG,11,31/07/2026,07/08/2026,14/08/2026,21/08/2026,DCMvn_SAN_TIDP_Rev 05.xlsx,TIDP 410_Rev 04
410_PA_SwingcheckValve_Threaded.rfa,410_PA,SAN,Sanitary Revit Family,.rfa,MEP,DIG,11,31/07/2026,07/08/2026,14/08/2026,21/08/2026,DCMvn_SAN_TIDP_Rev 05.xlsx,TIDP 410_Rev 04
410_PA_SystemSeparator_Flanged.rfa,410_PA,SAN,Sanitary Revit Family,.rfa,MEP,DIG,11,31/07/2026,07/08/2026,14/08/2026,21/08/2026,DCMvn_SAN_TIDP_Rev 05.xlsx,TIDP 410_Rev 04
410_PA_SystemSeparator_Threaded.rfa,410_PA,SAN,Sanitary Revit Family,.rfa,MEP,DIG,11,31/07/2026,07/08/2026,14/08/2026,21/08/2026,DCMvn_SAN_TIDP_Rev 05.xlsx,TIDP 410_Rev 04
410_PA_TemperatureMeasuringValve_Threaded_KHS.rfa,410_PA,SAN,Sanitary Revit Family,.rfa,MEP,DIG,11,31/07/2026,07/08/2026,14/08/2026,21/08/2026,DCMvn_SAN_TIDP_Rev 05.xlsx,TIDP 410_Rev 04
410_PA_THandleBallValve_Threaded.rfa,410_PA,SAN,Sanitary Revit Family,.rfa,MEP,DIG,11,31/07/2026,07/08/2026,14/08/2026,21/08/2026,DCMvn_SAN_TIDP_Rev 05.xlsx,TIDP 410_Rev 04
410_PA_ThermostaticBalancingValve_Mapress_UpEtaTherm.rfa,410_PA,SAN,Sanitary Revit Family,.rfa,MEP,DIG,11,31/07/2026,07/08/2026,14/08/2026,21/08/2026,DCMvn_SAN_TIDP_Rev 05.xlsx,TIDP 410_Rev 04
410_PA_ThreePiecesBallValve_Welded.rfa,410_PA,SAN,Sanitary Revit Family,.rfa,MEP,DIG,11,31/07/2026,07/08/2026,14/08/2026,21/08/2026,DCMvn_SAN_TIDP_Rev 05.xlsx,TIDP 410_Rev 04
410_PA_ThreeWayMotorisedControlValve_Flanged.rfa,410_PA,SAN,Sanitary Revit Family,.rfa,MEP,DIG,11,31/07/2026,07/08/2026,14/08/2026,21/08/2026,DCMvn_SAN_TIDP_Rev 05.xlsx,TIDP 410_Rev 04
410_PA_ThreeWayMotorisedControlValve_Threaded.rfa,410_PA,SAN,Sanitary Revit Family,.rfa,MEP,DIG,11,31/07/2026,07/08/2026,14/08/2026,21/08/2026,DCMvn_SAN_TIDP_Rev 05.xlsx,TIDP 410_Rev 04
410_PA_TwoWayDiaphragmValve_Flanged.rfa,410_PA,SAN,Sanitary Revit Family,.rfa,MEP,DIG,11,31/07/2026,07/08/2026,14/08/2026,21/08/2026,DCMvn_SAN_TIDP_Rev 05.xlsx,TIDP 410_Rev 04
410_PA_TwoWayDiaphragmValve_Threaded.rfa,410_PA,SAN,Sanitary Revit Family,.rfa,MEP,DIG,11,31/07/2026,07/08/2026,14/08/2026,21/08/2026,DCMvn_SAN_TIDP_Rev 05.xlsx,TIDP 410_Rev 04
410_PA_UPConcealedShutoffValve.rfa,410_PA,SAN,Sanitary Revit Family,.rfa,MEP,DIG,12,07/08/2026,14/08/2026,21/08/2026,28/08/2026,DCMvn_SAN_TIDP_Rev 05.xlsx,TIDP 410_Rev 04
410_PA_UpETATHERMThermostaticBalancingValve_SanpressProfipress.rfa,410_PA,SAN,Sanitary Revit Family,.rfa,MEP,DIG,11,31/07/2026,07/08/2026,14/08/2026,21/08/2026,DCMvn_SAN_TIDP_Rev 05.xlsx,TIDP 410_Rev 04
410_PA_UpETATHERMThermostaticBalancingValve_Threaded.rfa,410_PA,SAN,Sanitary Revit Family,.rfa,MEP,DIG,11,31/07/2026,07/08/2026,14/08/2026,21/08/2026,DCMvn_SAN_TIDP_Rev 05.xlsx,TIDP 410_Rev 04
410_PA_UpPlusFlushMoutedStopValve_SanpressProfipress.rfa,410_PA,SAN,Sanitary Revit Family,.rfa,MEP,DIG,12,07/08/2026,14/08/2026,21/08/2026,28/08/2026,DCMvn_SAN_TIDP_Rev 05.xlsx,TIDP 410_Rev 04
410_PA_UPVSenkrecht.rfa,410_PA,SAN,Sanitary Revit Family,.rfa,MEP,DIG,12,07/08/2026,14/08/2026,21/08/2026,28/08/2026,DCMvn_SAN_TIDP_Rev 05.xlsx,TIDP 410_Rev 04
410_PA_VAVFullFlowShutOffValve_FemaleThreaded.rfa,410_PA,SAN,Sanitary Revit Family,.rfa,MEP,DIG,12,07/08/2026,14/08/2026,21/08/2026,28/08/2026,DCMvn_SAN_TIDP_Rev 05.xlsx,TIDP 410_Rev 04
410_PA_VentCowl.rfa,410_PA,SAN,Sanitary Revit Family,.rfa,MEP,DIG,12,07/08/2026,14/08/2026,21/08/2026,28/08/2026,DCMvn_SAN_TIDP_Rev 05.xlsx,TIDP 410_Rev 04
410_PA_WaferButterflyValve_Flanged.rfa,410_PA,SAN,Sanitary Revit Family,.rfa,MEP,DIG,12,07/08/2026,14/08/2026,21/08/2026,28/08/2026,DCMvn_SAN_TIDP_Rev 05.xlsx,TIDP 410_Rev 04
410_PA_WaterHammerArrestor_Threaded.rfa,410_PA,SAN,Sanitary Revit Family,.rfa,MEP,DIG,12,07/08/2026,14/08/2026,21/08/2026,28/08/2026,DCMvn_SAN_TIDP_Rev 05.xlsx,TIDP 410_Rev 04
410_PA_WaterMeter_Flanged.rfa,410_PA,SAN,Sanitary Revit Family,.rfa,MEP,DIG,12,07/08/2026,14/08/2026,21/08/2026,28/08/2026,DCMvn_SAN_TIDP_Rev 05.xlsx,TIDP 410_Rev 04
410_PA_WaterMeter_Threaded.rfa,410_PA,SAN,Sanitary Revit Family,.rfa,MEP,DIG,12,07/08/2026,14/08/2026,21/08/2026,28/08/2026,DCMvn_SAN_TIDP_Rev 05.xlsx,TIDP 410_Rev 04
410_PA_WaterMeterUNI.rfa,410_PA,SAN,Sanitary Revit Family,.rfa,MEP,DIG,12,07/08/2026,14/08/2026,21/08/2026,28/08/2026,DCMvn_SAN_TIDP_Rev 05.xlsx,TIDP 410_Rev 04
410_PA_YStrainer_Flanged.rfa,410_PA,SAN,Sanitary Revit Family,.rfa,MEP,DIG,12,07/08/2026,14/08/2026,21/08/2026,28/08/2026,DCMvn_SAN_TIDP_Rev 05.xlsx,TIDP 410_Rev 04
410_PA_YStrainer_Threaded.rfa,410_PA,SAN,Sanitary Revit Family,.rfa,MEP,DIG,12,07/08/2026,14/08/2026,21/08/2026,28/08/2026,DCMvn_SAN_TIDP_Rev 05.xlsx,TIDP 410_Rev 04
410_PA_ZBCapRoof_Standard.rfa,410_PA,SAN,Sanitary Revit Family,.rfa,MEP,DIG,12,07/08/2026,14/08/2026,21/08/2026,28/08/2026,DCMvn_SAN_TIDP_Rev 05.xlsx,TIDP 410_Rev 04
410_PF_cHDPE_BlindFlange_Flanged.rfa,410_PF,SAN,Sanitary Revit Family,.rfa,MEP,DIG,1,22/05/2026,29/05/2026,05/06/2026,12/06/2026,DCMvn_SAN_TIDP_Rev 05.xlsx,TIDP 410_Rev 04
410_PF_CI_cGutterCap_ExternalStopEnd.rfa,410_PF,SAN,Sanitary Revit Family,.rfa,MEP,DIG,2,29/05/2026,05/06/2026,12/06/2026,19/06/2026,DCMvn_SAN_TIDP_Rev 05.xlsx,TIDP 410_Rev 04
410_PF_CI_cGutterCap_InternalStopEnd.rfa,410_PF,SAN,Sanitary Revit Family,.rfa,MEP,DIG,2,29/05/2026,05/06/2026,12/06/2026,19/06/2026,DCMvn_SAN_TIDP_Rev 05.xlsx,TIDP 410_Rev 04
410_PF_CI_cPlug_Coupling.rfa,410_PF,SAN,Sanitary Revit Family,.rfa,MEP,DIG,1,22/05/2026,29/05/2026,05/06/2026,12/06/2026,DCMvn_SAN_TIDP_Rev 05.xlsx,TIDP 410_Rev 04
410_PF_CI_cPushinPlug_Clamp.rfa,410_PF,SAN,Sanitary Revit Family,.rfa,MEP,DIG,1,22/05/2026,29/05/2026,05/06/2026,12/06/2026,DCMvn_SAN_TIDP_Rev 05.xlsx,TIDP 410_Rev 04
410_PF_CI_eAccessBendLong_Clamp.rfa,410_PF,SAN,Sanitary Revit Family,.rfa,MEP,DIG,1,22/05/2026,29/05/2026,05/06/2026,12/06/2026,DCMvn_SAN_TIDP_Rev 05.xlsx,TIDP 410_Rev 04
410_PF_CI_eAccessBendShort_Clamp.rfa,410_PF,SAN,Sanitary Revit Family,.rfa,MEP,DIG,1,22/05/2026,29/05/2026,05/06/2026,12/06/2026,DCMvn_SAN_TIDP_Rev 05.xlsx,TIDP 410_Rev 04
410_PF_CI_eBend15Degrees_Standard_Clamp.rfa,410_PF,SAN,Sanitary Revit Family,.rfa,MEP,DIG,1,22/05/2026,29/05/2026,05/06/2026,12/06/2026,DCMvn_SAN_TIDP_Rev 05.xlsx,TIDP 410_Rev 04
410_PF_CI_eBend30Degrees_Standard_Clamp.rfa,410_PF,SAN,Sanitary Revit Family,.rfa,MEP,DIG,1,22/05/2026,29/05/2026,05/06/2026,12/06/2026,DCMvn_SAN_TIDP_Rev 05.xlsx,TIDP 410_Rev 04
410_PF_CI_eBend68Degree_Clamp.rfa,410_PF,SAN,Sanitary Revit Family,.rfa,MEP,DIG,1,22/05/2026,29/05/2026,05/06/2026,12/06/2026,DCMvn_SAN_TIDP_Rev 05.xlsx,TIDP 410_Rev 04
410_PF_CI_eBend88Deg_Clamp.rfa,410_PF,SAN,Sanitary Revit Family,.rfa,MEP,DIG,1,22/05/2026,29/05/2026,05/06/2026,12/06/2026,DCMvn_SAN_TIDP_Rev 05.xlsx,TIDP 410_Rev 04
410_PF_CI_eBend88Degree_SpigotAndClamp.rfa,410_PF,SAN,Sanitary Revit Family,.rfa,MEP,DIG,1,22/05/2026,29/05/2026,05/06/2026,12/06/2026,DCMvn_SAN_TIDP_Rev 05.xlsx,TIDP 410_Rev 04
410_PF_CI_eBend_Clamp.rfa,410_PF,SAN,Sanitary Revit Family,.rfa,MEP,DIG,2,29/05/2026,05/06/2026,12/06/2026,19/06/2026,DCMvn_SAN_TIDP_Rev 05.xlsx,TIDP 410_Rev 04
410_PF_CI_eBend_Coupling.rfa,410_PF,SAN,Sanitary Revit Family,.rfa,MEP,DIG,2,29/05/2026,05/06/2026,12/06/2026,19/06/2026,DCMvn_SAN_TIDP_Rev 05.xlsx,TIDP 410_Rev 04
410_PF_CI_eBend_Coupling_HOST.rfa,410_PF,SAN,Sanitary Revit Family,.rfa,MEP,DIG,2,29/05/2026,05/06/2026,12/06/2026,19/06/2026,DCMvn_SAN_TIDP_Rev 05.xlsx,TIDP 410_Rev 04
410_PF_CI_eBendWC_Clamp_Standard.rfa,410_PF,SAN,Sanitary Revit Family,.rfa,MEP,DIG,1,22/05/2026,29/05/2026,05/06/2026,12/06/2026,DCMvn_SAN_TIDP_Rev 05.xlsx,TIDP 410_Rev 04
410_PF_CI_eConectionBend_Clamp.rfa,410_PF,SAN,Sanitary Revit Family,.rfa,MEP,DIG,2,29/05/2026,05/06/2026,12/06/2026,19/06/2026,DCMvn_SAN_TIDP_Rev 05.xlsx,TIDP 410_Rev 04
410_PF_CI_eDoubleBend45Deg_Coupling_HOST.rfa,410_PF,SAN,Sanitary Revit Family,.rfa,MEP,DIG,2,29/05/2026,05/06/2026,12/06/2026,19/06/2026,DCMvn_SAN_TIDP_Rev 05.xlsx,TIDP 410_Rev 04
410_PF_CI_eDoubleBend88Deg_Coupling.rfa,410_PF,SAN,Sanitary Revit Family,.rfa,MEP,DIG,2,29/05/2026,05/06/2026,12/06/2026,19/06/2026,DCMvn_SAN_TIDP_Rev 05.xlsx,TIDP 410_Rev 04
410_PF_CI_eGutterAngleUniversal.rfa,410_PF,SAN,Sanitary Revit Family,.rfa,MEP,DIG,2,29/05/2026,05/06/2026,12/06/2026,19/06/2026,DCMvn_SAN_TIDP_Rev 05.xlsx,TIDP 410_Rev 04
410_PF_CI_eGutterElbow_ExternalDropEndOutlet.rfa,410_PF,SAN,Sanitary Revit Family,.rfa,MEP,DIG,2,29/05/2026,05/06/2026,12/06/2026,19/06/2026,DCMvn_SAN_TIDP_Rev 05.xlsx,TIDP 410_Rev 04
410_PF_CI_eGutterElbow_InternalDropEndOutlet.rfa,410_PF,SAN,Sanitary Revit Family,.rfa,MEP,DIG,2,29/05/2026,05/06/2026,12/06/2026,19/06/2026,DCMvn_SAN_TIDP_Rev 05.xlsx,TIDP 410_Rev 04
410_PF_CI_eOffsetBend130_Clamp.rfa,410_PF,SAN,Sanitary Revit Family,.rfa,MEP,DIG,2,29/05/2026,05/06/2026,12/06/2026,19/06/2026,DCMvn_SAN_TIDP_Rev 05.xlsx,TIDP 410_Rev 04
410_PF_CI_eOffsetBend200_Clamp.rfa,410_PF,SAN,Sanitary Revit Family,.rfa,MEP,DIG,2,29/05/2026,05/06/2026,12/06/2026,19/06/2026,DCMvn_SAN_TIDP_Rev 05.xlsx,TIDP 410_Rev 04
410_PF_CI_eOffsetBend65_Clamp.rfa,410_PF,SAN,Sanitary Revit Family,.rfa,MEP,DIG,2,29/05/2026,05/06/2026,12/06/2026,19/06/2026,DCMvn_SAN_TIDP_Rev 05.xlsx,TIDP 410_Rev 04
410_PF_CI_ePlainTrap_Clamp.rfa,410_PF,SAN,Sanitary Revit Family,.rfa,MEP,DIG,2,29/05/2026,05/06/2026,12/06/2026,19/06/2026,DCMvn_SAN_TIDP_Rev 05.xlsx,TIDP 410_Rev 04
410_PF_CI_eRainwaterSiphon_Coupling.rfa,410_PF,SAN,Sanitary Revit Family,.rfa,MEP,DIG,1,22/05/2026,29/05/2026,05/06/2026,12/06/2026,DCMvn_SAN_TIDP_Rev 05.xlsx,TIDP 410_Rev 04
410_PF_CI_eRecirculatedAirBend135Degrees_Standard_Clamp.rfa,410_PF,SAN,Sanitary Revit Family,.rfa,MEP,DIG,2,29/05/2026,05/06/2026,12/06/2026,19/06/2026,DCMvn_SAN_TIDP_Rev 05.xlsx,TIDP 410_Rev 04
410_PF_CI_eRestBend88_Clamp.rfa,410_PF,SAN,Sanitary Revit Family,.rfa,MEP,DIG,2,29/05/2026,05/06/2026,12/06/2026,19/06/2026,DCMvn_SAN_TIDP_Rev 05.xlsx,TIDP 410_Rev 04
410_PF_CI_eVentilationBend88Axial_Clamp.rfa,410_PF,SAN,Sanitary Revit Family,.rfa,MEP,DIG,2,29/05/2026,05/06/2026,12/06/2026,19/06/2026,DCMvn_SAN_TIDP_Rev 05.xlsx,TIDP 410_Rev 04
410_PF_CI_eVentilationBend88DegreesRadial_Standard_Clamp.rfa,410_PF,SAN,Sanitary Revit Family,.rfa,MEP,DIG,2,29/05/2026,05/06/2026,12/06/2026,19/06/2026,DCMvn_SAN_TIDP_Rev 05.xlsx,TIDP 410_Rev 04
410_PF_CI_fAngleDoubleBranch88Degree_Coupling.rfa,410_PF,SAN,Sanitary Revit Family,.rfa,MEP,DIG,1,22/05/2026,29/05/2026,05/06/2026,12/06/2026,DCMvn_SAN_TIDP_Rev 05.xlsx,TIDP 410_Rev 04
410_PF_CI_mGutterHalfRound.rfa,410_PF,SAN,Sanitary Revit Family,.rfa,MEP,DIG,2,29/05/2026,05/06/2026,12/06/2026,19/06/2026,DCMvn_SAN_TIDP_Rev 05.xlsx,TIDP 410_Rev 04
410_PF_CI_mShortPipeRectangularAccessDoor_Standard.rfa,410_PF,SAN,Sanitary Revit Family,.rfa,MEP,DIG,2,29/05/2026,05/06/2026,12/06/2026,19/06/2026,DCMvn_SAN_TIDP_Rev 05.xlsx,TIDP 410_Rev 04
410_PF_CI_mVerticalTrap_Standard.rfa,410_PF,SAN,Sanitary Revit Family,.rfa,MEP,DIG,2,29/05/2026,05/06/2026,12/06/2026,19/06/2026,DCMvn_SAN_TIDP_Rev 05.xlsx,TIDP 410_Rev 04
410_PF_CI_rEccentricReducer_Coupling_HOST.rfa,410_PF,SAN,Sanitary Revit Family,.rfa,MEP,DIG,2,29/05/2026,05/06/2026,12/06/2026,19/06/2026,DCMvn_SAN_TIDP_Rev 05.xlsx,TIDP 410_Rev 04
410_PF_CI_rEccentricReducer_WithoutCoupling.rfa,410_PF,SAN,Sanitary Revit Family,.rfa,MEP,DIG,1,22/05/2026,29/05/2026,05/06/2026,12/06/2026,DCMvn_SAN_TIDP_Rev 05.xlsx,TIDP 410_Rev 04
410_PF_CI_rReducingEccentric_Clamp.rfa,410_PF,SAN,Sanitary Revit Family,.rfa,MEP,DIG,2,29/05/2026,05/06/2026,12/06/2026,19/06/2026,DCMvn_SAN_TIDP_Rev 05.xlsx,TIDP 410_Rev 04
410_PF_CI_tBranch45_Clamp.rfa,410_PF,SAN,Sanitary Revit Family,.rfa,MEP,DIG,2,29/05/2026,05/06/2026,12/06/2026,19/06/2026,DCMvn_SAN_TIDP_Rev 05.xlsx,TIDP 410_Rev 04
410_PF_CI_tBranch45Deg_Coupling.rfa,410_PF,SAN,Sanitary Revit Family,.rfa,MEP,DIG,1,22/05/2026,29/05/2026,05/06/2026,12/06/2026,DCMvn_SAN_TIDP_Rev 05.xlsx,TIDP 410_Rev 04
410_PF_CI_tBranch45Deg_Coupling_HOST.rfa,410_PF,SAN,Sanitary Revit Family,.rfa,MEP,DIG,1,22/05/2026,29/05/2026,05/06/2026,12/06/2026,DCMvn_SAN_TIDP_Rev 05.xlsx,TIDP 410_Rev 04
410_PF_CI_tBranch68Deg_Coupling.rfa,410_PF,SAN,Sanitary Revit Family,.rfa,MEP,DIG,1,22/05/2026,29/05/2026,05/06/2026,12/06/2026,DCMvn_SAN_TIDP_Rev 05.xlsx,TIDP 410_Rev 04
410_PF_CI_tBranch70_Clamp.rfa,410_PF,SAN,Sanitary Revit Family,.rfa,MEP,DIG,2,29/05/2026,05/06/2026,12/06/2026,19/06/2026,DCMvn_SAN_TIDP_Rev 05.xlsx,TIDP 410_Rev 04
410_PF_CI_tBranch88_Spigot_Clamp.rfa,410_PF,SAN,Sanitary Revit Family,.rfa,MEP,DIG,3,05/06/2026,12/06/2026,19/06/2026,25/06/2026,DCMvn_SAN_TIDP_Rev 05.xlsx,TIDP 410_Rev 04
410_PF_CI_tBranch88Deg_Coupling.rfa,410_PF,SAN,Sanitary Revit Family,.rfa,MEP,DIG,2,29/05/2026,05/06/2026,12/06/2026,19/06/2026,DCMvn_SAN_TIDP_Rev 05.xlsx,TIDP 410_Rev 04
410_PF_CI_tBranch88Deg_Coupling_HOST.rfa,410_PF,SAN,Sanitary Revit Family,.rfa,MEP,DIG,2,29/05/2026,05/06/2026,12/06/2026,19/06/2026,DCMvn_SAN_TIDP_Rev 05.xlsx,TIDP 410_Rev 04
410_PF_CI_tBranch88Long_Spigot_Clamp.rfa,410_PF,SAN,Sanitary Revit Family,.rfa,MEP,DIG,3,05/06/2026,12/06/2026,19/06/2026,25/06/2026,DCMvn_SAN_TIDP_Rev 05.xlsx,TIDP 410_Rev 04
410_PF_CI_tCombinationBranch90_Standard.rfa,410_PF,SAN,Sanitary Revit Family,.rfa,MEP,DIG,3,05/06/2026,12/06/2026,19/06/2026,25/06/2026,DCMvn_SAN_TIDP_Rev 05.xlsx,TIDP 410_Rev 04
410_PF_CI_tCornerBranch88_Clamp.rfa,410_PF,SAN,Sanitary Revit Family,.rfa,MEP,DIG,3,05/06/2026,12/06/2026,19/06/2026,25/06/2026,DCMvn_SAN_TIDP_Rev 05.xlsx,TIDP 410_Rev 04
410_PF_CI_tGutterTee_RunningOutlet.rfa,410_PF,SAN,Sanitary Revit Family,.rfa,MEP,DIG,2,29/05/2026,05/06/2026,12/06/2026,19/06/2026,DCMvn_SAN_TIDP_Rev 05.xlsx,TIDP 410_Rev 04
410_PF_CI_tSweptEntryBranch88_Spigot_Clamp.rfa,410_PF,SAN,Sanitary Revit Family,.rfa,MEP,DIG,3,05/06/2026,12/06/2026,19/06/2026,25/06/2026,DCMvn_SAN_TIDP_Rev 05.xlsx,TIDP 410_Rev 04
410_PF_CI_uBearing.rfa,410_PF,SAN,Sanitary Revit Family,.rfa,MEP,DIG,1,22/05/2026,29/05/2026,05/06/2026,12/06/2026,DCMvn_SAN_TIDP_Rev 05.xlsx,TIDP 410_Rev 04
410_PF_CI_uCleaningPipeWithRectangularcover_Coupling.rfa,410_PF,SAN,Sanitary Revit Family,.rfa,MEP,DIG,1,22/05/2026,29/05/2026,05/06/2026,12/06/2026,DCMvn_SAN_TIDP_Rev 05.xlsx,TIDP 410_Rev 04
410_PF_CI_uCleaningPipeWithRoundCover_Coupling.rfa,410_PF,SAN,Sanitary Revit Family,.rfa,MEP,DIG,1,22/05/2026,29/05/2026,05/06/2026,12/06/2026,DCMvn_SAN_TIDP_Rev 05.xlsx,TIDP 410_Rev 04
410_PF_CI_uDownPipeBracket_Coupling.rfa,410_PF,SAN,Sanitary Revit Family,.rfa,MEP,DIG,1,22/05/2026,29/05/2026,05/06/2026,12/06/2026,DCMvn_SAN_TIDP_Rev 05.xlsx,TIDP 410_Rev 04
410_PF_CI_uGutterUnionConnector.rfa,410_PF,SAN,Sanitary Revit Family,.rfa,MEP,DIG,2,29/05/2026,05/06/2026,12/06/2026,19/06/2026,DCMvn_SAN_TIDP_Rev 05.xlsx,TIDP 410_Rev 04
410_PF_CI_uShortPipeRoundAccessDoor_Clamp.rfa,410_PF,SAN,Sanitary Revit Family,.rfa,MEP,DIG,3,05/06/2026,12/06/2026,19/06/2026,25/06/2026,DCMvn_SAN_TIDP_Rev 05.xlsx,TIDP 410_Rev 04
410_PF_CI_uSMLRainwaterSiphonVertical_Coupling.rfa,410_PF,SAN,Sanitary Revit Family,.rfa,MEP,DIG,1,22/05/2026,29/05/2026,05/06/2026,12/06/2026,DCMvn_SAN_TIDP_Rev 05.xlsx,TIDP 410_Rev 04
410_PF_CI_uTrapHorizontal_Clamp.rfa,410_PF,SAN,Sanitary Revit Family,.rfa,MEP,DIG,3,05/06/2026,12/06/2026,19/06/2026,25/06/2026,DCMvn_SAN_TIDP_Rev 05.xlsx,TIDP 410_Rev 04
410_PF_CI_xCombinationBranch88Degree_Coupling.rfa,410_PF,SAN,Sanitary Revit Family,.rfa,MEP,DIG,1,22/05/2026,29/05/2026,05/06/2026,12/06/2026,DCMvn_SAN_TIDP_Rev 05.xlsx,TIDP 410_Rev 04
410_PF_CI_xDoubleBend88Degrees_Standard_Clamp.rfa,410_PF,SAN,Sanitary Revit Family,.rfa,MEP,DIG,2,29/05/2026,05/06/2026,12/06/2026,19/06/2026,DCMvn_SAN_TIDP_Rev 05.xlsx,TIDP 410_Rev 04
410_PF_CI_xDoubleBranch45_Clamp.rfa,410_PF,SAN,Sanitary Revit Family,.rfa,MEP,DIG,3,05/06/2026,12/06/2026,19/06/2026,25/06/2026,DCMvn_SAN_TIDP_Rev 05.xlsx,TIDP 410_Rev 04
410_PF_CI_xDoubleBranch70Deg_Clamp.rfa,410_PF,SAN,Sanitary Revit Family,.rfa,MEP,DIG,3,05/06/2026,12/06/2026,19/06/2026,25/06/2026,DCMvn_SAN_TIDP_Rev 05.xlsx,TIDP 410_Rev 04
410_PF_CI_xDoubleBranch_Coupling.rfa,410_PF,SAN,Sanitary Revit Family,.rfa,MEP,DIG,1,22/05/2026,29/05/2026,05/06/2026,12/06/2026,DCMvn_SAN_TIDP_Rev 05.xlsx,TIDP 410_Rev 04
410_PF_CO_mDoubleElbowTapConnector90Degree_Mapress.rfa,410_PF,SAN,Sanitary Revit Family,.rfa,MEP,DIG,3,05/06/2026,12/06/2026,19/06/2026,25/06/2026,DCMvn_SAN_TIDP_Rev 05.xlsx,TIDP 410_Rev 04
410_PF_CS_cEndCaps_Welded.rfa,410_PF,SAN,Sanitary Revit Family,.rfa,MEP,DIG,3,05/06/2026,12/06/2026,19/06/2026,25/06/2026,DCMvn_SAN_TIDP_Rev 05.xlsx,TIDP 410_Rev 04
410_PF_CS_eLongRadiusElbows_Welded.rfa,410_PF,SAN,Sanitary Revit Family,.rfa,MEP,DIG,3,05/06/2026,12/06/2026,19/06/2026,25/06/2026,DCMvn_SAN_TIDP_Rev 05.xlsx,TIDP 410_Rev 04
410_PF_CS_eLongRadiusReturnBends_Welded.rfa,410_PF,SAN,Sanitary Revit Family,.rfa,MEP,DIG,3,05/06/2026,12/06/2026,19/06/2026,25/06/2026,DCMvn_SAN_TIDP_Rev 05.xlsx,TIDP 410_Rev 04
410_PF_CS_eRadiusElbows_Welded.rfa,410_PF,SAN,Sanitary Revit Family,.rfa,MEP,DIG,3,05/06/2026,12/06/2026,19/06/2026,25/06/2026,DCMvn_SAN_TIDP_Rev 05.xlsx,TIDP 410_Rev 04
410_PF_CS_eRadiusReturnBends_Welded.rfa,410_PF,SAN,Sanitary Revit Family,.rfa,MEP,DIG,9,17/07/2026,24/07/2026,31/07/2026,07/08/2026,DCMvn_SAN_TIDP_Rev 05.xlsx,TIDP 410_Rev 04
410_PF_CS_fPlaneFlange_Flanged.rfa,410_PF,SAN,Sanitary Revit Family,.rfa,MEP,DIG,3,05/06/2026,12/06/2026,19/06/2026,25/06/2026,DCMvn_SAN_TIDP_Rev 05.xlsx,TIDP 410_Rev 04
410_PF_CS_rConcentricReducers_Welded.rfa,410_PF,SAN,Sanitary Revit Family,.rfa,MEP,DIG,3,05/06/2026,12/06/2026,19/06/2026,25/06/2026,DCMvn_SAN_TIDP_Rev 05.xlsx,TIDP 410_Rev 04
410_PF_CS_rConnector_MapressAndFemaleThread.rfa,410_PF,SAN,Sanitary Revit Family,.rfa,MEP,DIG,3,05/06/2026,12/06/2026,19/06/2026,25/06/2026,DCMvn_SAN_TIDP_Rev 05.xlsx,TIDP 410_Rev 04
410_PF_CS_tTee_Welded.rfa,410_PF,SAN,Sanitary Revit Family,.rfa,MEP,DIG,9,17/07/2026,24/07/2026,31/07/2026,07/08/2026,DCMvn_SAN_TIDP_Rev 05.xlsx,TIDP 410_Rev 04
410_PF_CS_uConnector_MapressAndFemaleThread.rfa,410_PF,SAN,Sanitary Revit Family,.rfa,MEP,DIG,3,05/06/2026,12/06/2026,19/06/2026,25/06/2026,DCMvn_SAN_TIDP_Rev 05.xlsx,TIDP 410_Rev 04
410_PF_DI_cBellmouth_Flanged.rfa,410_PF,SAN,Sanitary Revit Family,.rfa,MEP,DIG,3,05/06/2026,12/06/2026,19/06/2026,25/06/2026,DCMvn_SAN_TIDP_Rev 05.xlsx,TIDP 410_Rev 04
410_PF_DI_cBlind_Flanged.rfa,410_PF,SAN,Sanitary Revit Family,.rfa,MEP,DIG,3,05/06/2026,12/06/2026,19/06/2026,25/06/2026,DCMvn_SAN_TIDP_Rev 05.xlsx,TIDP 410_Rev 04
410_PF_DI_cCap_KType.rfa,410_PF,SAN,Sanitary Revit Family,.rfa,MEP,DIG,3,05/06/2026,12/06/2026,19/06/2026,25/06/2026,DCMvn_SAN_TIDP_Rev 05.xlsx,TIDP 410_Rev 04
410_PF_DI_cPlug_TType.rfa,410_PF,SAN,Sanitary Revit Family,.rfa,MEP,DIG,3,05/06/2026,12/06/2026,19/06/2026,25/06/2026,DCMvn_SAN_TIDP_Rev 05.xlsx,TIDP 410_Rev 04
410_PF_DI_eBend_Flange.rfa,410_PF,SAN,Sanitary Revit Family,.rfa,MEP,DIG,3,05/06/2026,12/06/2026,19/06/2026,25/06/2026,DCMvn_SAN_TIDP_Rev 05.xlsx,TIDP 410_Rev 04
410_PF_DI_eBend_Socket.rfa,410_PF,SAN,Sanitary Revit Family,.rfa,MEP,DIG,3,05/06/2026,12/06/2026,19/06/2026,25/06/2026,DCMvn_SAN_TIDP_Rev 05.xlsx,TIDP 410_Rev 04
410_PF_DI_eDuckfoodBend90Deg_Flanged.rfa,410_PF,SAN,Sanitary Revit Family,.rfa,MEP,DIG,3,05/06/2026,12/06/2026,19/06/2026,25/06/2026,DCMvn_SAN_TIDP_Rev 05.xlsx,TIDP 410_Rev 04
410_PF_DI_fFlange_RFType.rfa,410_PF,SAN,Sanitary Revit Family,.rfa,MEP,DIG,3,05/06/2026,12/06/2026,19/06/2026,25/06/2026,DCMvn_SAN_TIDP_Rev 05.xlsx,TIDP 410_Rev 04
410_PF_DI_fFlange_Spigot.rfa,410_PF,SAN,Sanitary Revit Family,.rfa,MEP,DIG,3,05/06/2026,12/06/2026,19/06/2026,25/06/2026,DCMvn_SAN_TIDP_Rev 05.xlsx,TIDP 410_Rev 04
410_PF_DI_rFlangedCover.rfa,410_PF,SAN,Sanitary Revit Family,.rfa,MEP,DIG,3,05/06/2026,12/06/2026,19/06/2026,25/06/2026,DCMvn_SAN_TIDP_Rev 05.xlsx,TIDP 410_Rev 04
410_PF_DI_rTapper_Flanged.rfa,410_PF,SAN,Sanitary Revit Family,.rfa,MEP,DIG,3,05/06/2026,12/06/2026,19/06/2026,25/06/2026,DCMvn_SAN_TIDP_Rev 05.xlsx,TIDP 410_Rev 04
410_PF_DI_rTapper_Socket.rfa,410_PF,SAN,Sanitary Revit Family,.rfa,MEP,DIG,3,05/06/2026,12/06/2026,19/06/2026,25/06/2026,DCMvn_SAN_TIDP_Rev 05.xlsx,TIDP 410_Rev 04
410_PF_DI_tDoubleSocketTee_PushOnJoint_WithLevelInvertFlangedBranch.rfa,410_PF,SAN,Sanitary Revit Family,.rfa,MEP,DIG,4,12/06/2026,19/06/2026,25/06/2026,03/07/2026,DCMvn_SAN_TIDP_Rev 05.xlsx,TIDP 410_Rev 04
410_PF_DI_tLevelInvertTee_Flanged.rfa,410_PF,SAN,Sanitary Revit Family,.rfa,MEP,DIG,3,05/06/2026,12/06/2026,19/06/2026,25/06/2026,DCMvn_SAN_TIDP_Rev 05.xlsx,TIDP 410_Rev 04
410_PF_DI_tTee_Flanged.rfa,410_PF,SAN,Sanitary Revit Family,.rfa,MEP,DIG,3,05/06/2026,12/06/2026,19/06/2026,25/06/2026,DCMvn_SAN_TIDP_Rev 05.xlsx,TIDP 410_Rev 04
410_PF_DI_tTee_Socket.rfa,410_PF,SAN,Sanitary Revit Family,.rfa,MEP,DIG,3,05/06/2026,12/06/2026,19/06/2026,25/06/2026,DCMvn_SAN_TIDP_Rev 05.xlsx,TIDP 410_Rev 04
410_PF_DI_tTee_SocketAndFlangedBranch.rfa,410_PF,SAN,Sanitary Revit Family,.rfa,MEP,DIG,3,05/06/2026,12/06/2026,19/06/2026,25/06/2026,DCMvn_SAN_TIDP_Rev 05.xlsx,TIDP 410_Rev 04
410_PF_DI_tTeeSocketWithLevelInvertFlangedBranch.rfa,410_PF,SAN,Sanitary Revit Family,.rfa,MEP,DIG,3,05/06/2026,12/06/2026,19/06/2026,25/06/2026,DCMvn_SAN_TIDP_Rev 05.xlsx,TIDP 410_Rev 04
410_PF_DI_uAdaptorRestrained_Flanged.rfa,410_PF,SAN,Sanitary Revit Family,.rfa,MEP,DIG,3,05/06/2026,12/06/2026,19/06/2026,25/06/2026,DCMvn_SAN_TIDP_Rev 05.xlsx,TIDP 410_Rev 04
410_PF_DI_uConnector_FlangedAndSocket.rfa,410_PF,SAN,Sanitary Revit Family,.rfa,MEP,DIG,3,05/06/2026,12/06/2026,19/06/2026,25/06/2026,DCMvn_SAN_TIDP_Rev 05.xlsx,TIDP 410_Rev 04
410_PF_DI_uFlangeAdaptor.rfa,410_PF,SAN,Sanitary Revit Family,.rfa,MEP,DIG,3,05/06/2026,12/06/2026,19/06/2026,25/06/2026,DCMvn_SAN_TIDP_Rev 05.xlsx,TIDP 410_Rev 04
410_PF_DI_uUnion_Socket.rfa,410_PF,SAN,Sanitary Revit Family,.rfa,MEP,DIG,3,05/06/2026,12/06/2026,19/06/2026,25/06/2026,DCMvn_SAN_TIDP_Rev 05.xlsx,TIDP 410_Rev 04
410_PF_EPDM_mKonfixConnector_PushOnJoint.rfa,410_PF,SAN,Sanitary Revit Family,.rfa,MEP,DIG,4,12/06/2026,19/06/2026,25/06/2026,03/07/2026,DCMvn_SAN_TIDP_Rev 05.xlsx,TIDP 410_Rev 04
410_PF_EPDM_mSleeveToCastIron_MechanicalJoint_Silent.rfa,410_PF,SAN,Sanitary Revit Family,.rfa,MEP,DIG,6,25/06/2026,03/07/2026,10/07/2026,17/07/2026,DCMvn_SAN_TIDP_Rev 05.xlsx,TIDP 410_Rev 04
410_PF_eSweptBendLong_Medium_Clamp.rfa,410_PF,SAN,Sanitary Revit Family,.rfa,MEP,DIG,4,12/06/2026,19/06/2026,25/06/2026,03/07/2026,DCMvn_SAN_TIDP_Rev 05.xlsx,TIDP 410_Rev 04
410_PF_GA_mPTrapGMX_Standard.rfa,410_PF,SAN,Sanitary Revit Family,.rfa,MEP,DIG,6,25/06/2026,03/07/2026,10/07/2026,17/07/2026,DCMvn_SAN_TIDP_Rev 05.xlsx,TIDP 410_Rev 04
410_PF_GS_cFrogFlap_Socket_GMX.rfa,410_PF,SAN,Sanitary Revit Family,.rfa,MEP,DIG,4,12/06/2026,19/06/2026,25/06/2026,03/07/2026,DCMvn_SAN_TIDP_Rev 05.xlsx,TIDP 410_Rev 04
410_PF_GS_cSealingPlugsWithVentilationSlots_PushOnJoint.rfa,410_PF,SAN,Sanitary Revit Family,.rfa,MEP,DIG,4,12/06/2026,19/06/2026,25/06/2026,03/07/2026,DCMvn_SAN_TIDP_Rev 05.xlsx,TIDP 410_Rev 04
410_PF_GS_eAngleBend_1PushShortSocket_GMX.rfa,410_PF,SAN,Sanitary Revit Family,.rfa,MEP,DIG,4,12/06/2026,19/06/2026,25/06/2026,03/07/2026,DCMvn_SAN_TIDP_Rev 05.xlsx,TIDP 410_Rev 04
410_PF_GS_eAngleBend_1PushSocket_GMX.rfa,410_PF,SAN,Sanitary Revit Family,.rfa,MEP,DIG,4,12/06/2026,19/06/2026,25/06/2026,03/07/2026,DCMvn_SAN_TIDP_Rev 05.xlsx,TIDP 410_Rev 04
410_PF_GS_eBasinConnector_1PushSocket_GMX.rfa,410_PF,SAN,Sanitary Revit Family,.rfa,MEP,DIG,4,12/06/2026,19/06/2026,25/06/2026,03/07/2026,DCMvn_SAN_TIDP_Rev 05.xlsx,TIDP 410_Rev 04
410_PF_GS_eBend_1PushSocket_GMX.rfa,410_PF,SAN,Sanitary Revit Family,.rfa,MEP,DIG,4,12/06/2026,19/06/2026,25/06/2026,03/07/2026,DCMvn_SAN_TIDP_Rev 05.xlsx,TIDP 410_Rev 04
410_PF_GS_eBend_NoSocket_GMX.rfa,410_PF,SAN,Sanitary Revit Family,.rfa,MEP,DIG,4,12/06/2026,19/06/2026,25/06/2026,03/07/2026,DCMvn_SAN_TIDP_Rev 05.xlsx,TIDP 410_Rev 04
410_PF_GS_eBendWithCalm_1PushSocket_GMX.rfa,410_PF,SAN,Sanitary Revit Family,.rfa,MEP,DIG,4,12/06/2026,19/06/2026,25/06/2026,03/07/2026,DCMvn_SAN_TIDP_Rev 05.xlsx,TIDP 410_Rev 04
410_PF_GS_eNarrowBend_1PushSocketAndTightRadius_GMX.rfa,410_PF,SAN,Sanitary Revit Family,.rfa,MEP,DIG,4,12/06/2026,19/06/2026,25/06/2026,03/07/2026,DCMvn_SAN_TIDP_Rev 05.xlsx,TIDP 410_Rev 04
410_PF_GS_eReductionAngleBend_1PushSocket_GMX.rfa,410_PF,SAN,Sanitary Revit Family,.rfa,MEP,DIG,4,12/06/2026,19/06/2026,25/06/2026,03/07/2026,DCMvn_SAN_TIDP_Rev 05.xlsx,TIDP 410_Rev 04
410_PF_GS_eReductionAngleBendShort_1PushSocket_GMX.rfa,410_PF,SAN,Sanitary Revit Family,.rfa,MEP,DIG,4,12/06/2026,19/06/2026,25/06/2026,03/07/2026,DCMvn_SAN_TIDP_Rev 05.xlsx,TIDP 410_Rev 04
410_PF_GS_mOptimisationPart_1PushSocket.rfa,410_PF,SAN,Sanitary Revit Family,.rfa,MEP,DIG,4,12/06/2026,19/06/2026,25/06/2026,03/07/2026,DCMvn_SAN_TIDP_Rev 05.xlsx,TIDP 410_Rev 04
410_PF_GS_mSBendTrap_1PushSocket_GMX.rfa,410_PF,SAN,Sanitary Revit Family,.rfa,MEP,DIG,4,12/06/2026,19/06/2026,25/06/2026,03/07/2026,DCMvn_SAN_TIDP_Rev 05.xlsx,TIDP 410_Rev 04
410_PF_GS_rAdapterConcentric_1PushSocket_GMX.rfa,410_PF,SAN,Sanitary Revit Family,.rfa,MEP,DIG,4,12/06/2026,19/06/2026,25/06/2026,03/07/2026,DCMvn_SAN_TIDP_Rev 05.xlsx,TIDP 410_Rev 04
410_PF_GS_rAdapterConcentricSpigot_1PushSocket_GMX.rfa,410_PF,SAN,Sanitary Revit Family,.rfa,MEP,DIG,4,12/06/2026,19/06/2026,25/06/2026,03/07/2026,DCMvn_SAN_TIDP_Rev 05.xlsx,TIDP 410_Rev 04
410_PF_GS_rAdapterEccentric_1PushSocket_GMX.rfa,410_PF,SAN,Sanitary Revit Family,.rfa,MEP,DIG,4,12/06/2026,19/06/2026,25/06/2026,03/07/2026,DCMvn_SAN_TIDP_Rev 05.xlsx,TIDP 410_Rev 04
410_PF_GS_rConcentricOptimiser_1PushSocket_GMX.rfa,410_PF,SAN,Sanitary Revit Family,.rfa,MEP,DIG,4,12/06/2026,19/06/2026,25/06/2026,03/07/2026,DCMvn_SAN_TIDP_Rev 05.xlsx,TIDP 410_Rev 04
410_PF_GS_rTransitiontoCastIron_GMX.rfa,410_PF,SAN,Sanitary Revit Family,.rfa,MEP,DIG,4,12/06/2026,19/06/2026,25/06/2026,03/07/2026,DCMvn_SAN_TIDP_Rev 05.xlsx,TIDP 410_Rev 04
410_PF_GS_tReducingSingleBranches45Deg_1BushSocket_GMX.rfa,410_PF,SAN,Sanitary Revit Family,.rfa,MEP,DIG,4,12/06/2026,19/06/2026,25/06/2026,03/07/2026,DCMvn_SAN_TIDP_Rev 05.xlsx,TIDP 410_Rev 04
410_PF_GS_tSingleBranches_45Deg_NoSocket_GMX.rfa,410_PF,SAN,Sanitary Revit Family,.rfa,MEP,DIG,4,12/06/2026,19/06/2026,25/06/2026,03/07/2026,DCMvn_SAN_TIDP_Rev 05.xlsx,TIDP 410_Rev 04
410_PF_GS_tSingleBranchesTee_2PushSocketAndSpigot_GMX.rfa,410_PF,SAN,Sanitary Revit Family,.rfa,MEP,DIG,4,12/06/2026,19/06/2026,25/06/2026,03/07/2026,DCMvn_SAN_TIDP_Rev 05.xlsx,TIDP 410_Rev 04
410_PF_GS_tTeeBranches_2PushSocket_GMX.rfa,410_PF,SAN,Sanitary Revit Family,.rfa,MEP,DIG,4,12/06/2026,19/06/2026,25/06/2026,03/07/2026,DCMvn_SAN_TIDP_Rev 05.xlsx,TIDP 410_Rev 04
410_PF_GS_tTransitionBranch45DegTee_2PushSocket_GMX.rfa,410_PF,SAN,Sanitary Revit Family,.rfa,MEP,DIG,4,12/06/2026,19/06/2026,25/06/2026,03/07/2026,DCMvn_SAN_TIDP_Rev 05.xlsx,TIDP 410_Rev 04
410_PF_GS_uBends_1PushSocket_GMX.rfa,410_PF,SAN,Sanitary Revit Family,.rfa,MEP,DIG,4,12/06/2026,19/06/2026,25/06/2026,03/07/2026,DCMvn_SAN_TIDP_Rev 05.xlsx,TIDP 410_Rev 04
410_PF_GS_uGutterPipes_1PushSocket_GMX.rfa,410_PF,SAN,Sanitary Revit Family,.rfa,MEP,DIG,4,12/06/2026,19/06/2026,25/06/2026,03/07/2026,DCMvn_SAN_TIDP_Rev 05.xlsx,TIDP 410_Rev 04
410_PF_GS_uGutterRound_SocketAndStandard.rfa,410_PF,SAN,Sanitary Revit Family,.rfa,MEP,DIG,4,12/06/2026,19/06/2026,25/06/2026,03/07/2026,DCMvn_SAN_TIDP_Rev 05.xlsx,TIDP 410_Rev 04
410_PF_GS_uLongCleaningOpening_1PushSocket_GMX.rfa,410_PF,SAN,Sanitary Revit Family,.rfa,MEP,DIG,4,12/06/2026,19/06/2026,25/06/2026,03/07/2026,DCMvn_SAN_TIDP_Rev 05.xlsx,TIDP 410_Rev 04
410_PF_GS_uLongCleaningOpening_NoSocket_GMX.rfa,410_PF,SAN,Sanitary Revit Family,.rfa,MEP,DIG,4,12/06/2026,19/06/2026,25/06/2026,03/07/2026,DCMvn_SAN_TIDP_Rev 05.xlsx,TIDP 410_Rev 04
410_PF_GS_uLongUnion_1PushSocket_GMX.rfa,410_PF,SAN,Sanitary Revit Family,.rfa,MEP,DIG,4,12/06/2026,19/06/2026,25/06/2026,03/07/2026,DCMvn_SAN_TIDP_Rev 05.xlsx,TIDP 410_Rev 04
410_PF_GS_uSpigottoPlastic_1PushSocket_GMX.rfa,410_PF,SAN,Sanitary Revit Family,.rfa,MEP,DIG,4,12/06/2026,19/06/2026,25/06/2026,03/07/2026,DCMvn_SAN_TIDP_Rev 05.xlsx,TIDP 410_Rev 04
410_PF_GS_uTransitionSMLtoGMX_1PushSocket.rfa,410_PF,SAN,Sanitary Revit Family,.rfa,MEP,DIG,4,12/06/2026,19/06/2026,25/06/2026,03/07/2026,DCMvn_SAN_TIDP_Rev 05.xlsx,TIDP 410_Rev 04
410_PF_GS_uTranstiontoCastIron_GMX.rfa,410_PF,SAN,Sanitary Revit Family,.rfa,MEP,DIG,4,12/06/2026,19/06/2026,25/06/2026,03/07/2026,DCMvn_SAN_TIDP_Rev 05.xlsx,TIDP 410_Rev 04
410_PF_GS_uUnion_2PushSocket_GMX.rfa,410_PF,SAN,Sanitary Revit Family,.rfa,MEP,DIG,4,12/06/2026,19/06/2026,25/06/2026,03/07/2026,DCMvn_SAN_TIDP_Rev 05.xlsx,TIDP 410_Rev 04
410_PF_GS_xDoubleCorrnerBranches_3PushSocket_GMX.rfa,410_PF,SAN,Sanitary Revit Family,.rfa,MEP,DIG,4,12/06/2026,19/06/2026,25/06/2026,03/07/2026,DCMvn_SAN_TIDP_Rev 05.xlsx,TIDP 410_Rev 04
410_PF_GS_xReducingDoubleBranches_3PushSocket_GMX.rfa,410_PF,SAN,Sanitary Revit Family,.rfa,MEP,DIG,5,19/06/2026,25/06/2026,03/07/2026,10/07/2026,DCMvn_SAN_TIDP_Rev 05.xlsx,TIDP 410_Rev 04
410_PF_HDPE_cProtectionCap.rfa,410_PF,SAN,Sanitary Revit Family,.rfa,MEP,DIG,5,19/06/2026,25/06/2026,03/07/2026,10/07/2026,DCMvn_SAN_TIDP_Rev 05.xlsx,TIDP 410_Rev 04
410_PF_HDPE_cProtectionCapForPipeEnd_Standard.rfa,410_PF,SAN,Sanitary Revit Family,.rfa,MEP,DIG,5,19/06/2026,25/06/2026,03/07/2026,10/07/2026,DCMvn_SAN_TIDP_Rev 05.xlsx,TIDP 410_Rev 04
410_PF_HDPE_cThreadedConnectorWithScrewCap.rfa,410_PF,SAN,Sanitary Revit Family,.rfa,MEP,DIG,5,19/06/2026,25/06/2026,03/07/2026,10/07/2026,DCMvn_SAN_TIDP_Rev 05.xlsx,TIDP 410_Rev 04
410_PF_HDPE_eBend88DegWithLateralSupplementary_Standard_ForFloorStandingWC.rfa,410_PF,SAN,Sanitary Revit Family,.rfa,MEP,DIG,5,19/06/2026,25/06/2026,03/07/2026,10/07/2026,DCMvn_SAN_TIDP_Rev 05.xlsx,TIDP 410_Rev 04
410_PF_HDPE_eBend90Deg_Reducer_Welded.rfa,410_PF,SAN,Sanitary Revit Family,.rfa,MEP,DIG,5,19/06/2026,25/06/2026,03/07/2026,10/07/2026,DCMvn_SAN_TIDP_Rev 05.xlsx,TIDP 410_Rev 04
410_PF_HDPE_eBend_Welded.rfa,410_PF,SAN,Sanitary Revit Family,.rfa,MEP,DIG,5,19/06/2026,25/06/2026,03/07/2026,10/07/2026,DCMvn_SAN_TIDP_Rev 05.xlsx,TIDP 410_Rev 04
410_PF_HDPE_eConnectionBend88Deg_ForFloorStandingWC.rfa,410_PF,SAN,Sanitary Revit Family,.rfa,MEP,DIG,5,19/06/2026,25/06/2026,03/07/2026,10/07/2026,DCMvn_SAN_TIDP_Rev 05.xlsx,TIDP 410_Rev 04
410_PF_HDPE_eConnectionBend90Deg_ForWallHungWC.rfa,410_PF,SAN,Sanitary Revit Family,.rfa,MEP,DIG,5,19/06/2026,25/06/2026,03/07/2026,10/07/2026,DCMvn_SAN_TIDP_Rev 05.xlsx,TIDP 410_Rev 04
410_PF_HDPE_eConnectionBend90DegForSleeve_Standard.rfa,410_PF,SAN,Sanitary Revit Family,.rfa,MEP,DIG,5,19/06/2026,25/06/2026,03/07/2026,10/07/2026,DCMvn_SAN_TIDP_Rev 05.xlsx,TIDP 410_Rev 04
410_PF_HDPE_eRightOffsetBend90Deg_Standard_ForFloorStandingWC.rfa,410_PF,SAN,Sanitary Revit Family,.rfa,MEP,DIG,5,19/06/2026,25/06/2026,03/07/2026,10/07/2026,DCMvn_SAN_TIDP_Rev 05.xlsx,TIDP 410_Rev 04
410_PF_HDPE_eScrewCap.rfa,410_PF,SAN,Sanitary Revit Family,.rfa,MEP,DIG,5,19/06/2026,25/06/2026,03/07/2026,10/07/2026,DCMvn_SAN_TIDP_Rev 05.xlsx,TIDP 410_Rev 04
410_PF_HDPE_eSegmentBend_Welded.rfa,410_PF,SAN,Sanitary Revit Family,.rfa,MEP,DIG,5,19/06/2026,25/06/2026,03/07/2026,10/07/2026,DCMvn_SAN_TIDP_Rev 05.xlsx,TIDP 410_Rev 04
410_PF_HDPE_fLooseFlange_Flanged.rfa,410_PF,SAN,Sanitary Revit Family,.rfa,MEP,DIG,4,12/06/2026,19/06/2026,25/06/2026,03/07/2026,DCMvn_SAN_TIDP_Rev 05.xlsx,TIDP 410_Rev 04
410_PF_HDPE_mDoubleConnectionBend90Deg_HorizontalForWallHungWC.rfa,410_PF,SAN,Sanitary Revit Family,.rfa,MEP,DIG,5,19/06/2026,25/06/2026,03/07/2026,10/07/2026,DCMvn_SAN_TIDP_Rev 05.xlsx,TIDP 410_Rev 04
410_PF_HDPE_mPTrap.rfa,410_PF,SAN,Sanitary Revit Family,.rfa,MEP,DIG,6,25/06/2026,03/07/2026,10/07/2026,17/07/2026,DCMvn_SAN_TIDP_Rev 05.xlsx,TIDP 410_Rev 04
410_PF_HDPE_mQuadrupleDoubleBrandFitting88Deg_Welded.rfa,410_PF,SAN,Sanitary Revit Family,.rfa,MEP,DIG,5,19/06/2026,25/06/2026,03/07/2026,10/07/2026,DCMvn_SAN_TIDP_Rev 05.xlsx,TIDP 410_Rev 04
410_PF_HDPE_mReducedRingSealSocket_Socket.rfa,410_PF,SAN,Sanitary Revit Family,.rfa,MEP,DIG,5,19/06/2026,25/06/2026,03/07/2026,10/07/2026,DCMvn_SAN_TIDP_Rev 05.xlsx,TIDP 410_Rev 04
410_PF_HDPE_mRunningTrap_Standard.rfa,410_PF,SAN,Sanitary Revit Family,.rfa,MEP,DIG,5,19/06/2026,25/06/2026,03/07/2026,10/07/2026,DCMvn_SAN_TIDP_Rev 05.xlsx,TIDP 410_Rev 04
410_PF_HDPE_mSoventFitting_Welded.rfa,410_PF,SAN,Sanitary Revit Family,.rfa,MEP,DIG,5,19/06/2026,25/06/2026,03/07/2026,10/07/2026,DCMvn_SAN_TIDP_Rev 05.xlsx,TIDP 410_Rev 04
410_PF_HDPE_mSTrap_Standard.rfa,410_PF,SAN,Sanitary Revit Family,.rfa,MEP,DIG,5,19/06/2026,25/06/2026,03/07/2026,10/07/2026,DCMvn_SAN_TIDP_Rev 05.xlsx,TIDP 410_Rev 04
410_PF_HDPE_mUniversalTrap_WithFlangeBushing.rfa,410_PF,SAN,Sanitary Revit Family,.rfa,MEP,DIG,5,19/06/2026,25/06/2026,03/07/2026,10/07/2026,DCMvn_SAN_TIDP_Rev 05.xlsx,TIDP 410_Rev 04
410_PF_HDPE_mWasteManifold.rfa,410_PF,SAN,Sanitary Revit Family,.rfa,MEP,DIG,5,19/06/2026,25/06/2026,03/07/2026,10/07/2026,DCMvn_SAN_TIDP_Rev 05.xlsx,TIDP 410_Rev 04
410_PF_HDPE_rAdaptorSocket_DN90xDN100.rfa,410_PF,SAN,Sanitary Revit Family,.rfa,MEP,DIG,5,19/06/2026,25/06/2026,03/07/2026,10/07/2026,DCMvn_SAN_TIDP_Rev 05.xlsx,TIDP 410_Rev 04
410_PF_HDPE_rCompressionJoint_MechanicalJoint.rfa,410_PF,SAN,Sanitary Revit Family,.rfa,MEP,DIG,5,19/06/2026,25/06/2026,03/07/2026,10/07/2026,DCMvn_SAN_TIDP_Rev 05.xlsx,TIDP 410_Rev 04
410_PF_HDPE_rReducer_Welded.rfa,410_PF,SAN,Sanitary Revit Family,.rfa,MEP,DIG,5,19/06/2026,25/06/2026,03/07/2026,10/07/2026,DCMvn_SAN_TIDP_Rev 05.xlsx,TIDP 410_Rev 04
410_PF_HDPE_rReducerAdaptor_MaleThreaded.rfa,410_PF,SAN,Sanitary Revit Family,.rfa,MEP,DIG,5,19/06/2026,25/06/2026,03/07/2026,10/07/2026,DCMvn_SAN_TIDP_Rev 05.xlsx,TIDP 410_Rev 04
410_PF_HDPE_rStraightConnectorWithRingSealSocket_WC.rfa,410_PF,SAN,Sanitary Revit Family,.rfa,MEP,DIG,5,19/06/2026,25/06/2026,03/07/2026,10/07/2026,DCMvn_SAN_TIDP_Rev 05.xlsx,TIDP 410_Rev 04
410_PF_HDPE_tBreechesBranchFitting2x30Deg_Welded.rfa,410_PF,SAN,Sanitary Revit Family,.rfa,MEP,DIG,5,19/06/2026,25/06/2026,03/07/2026,10/07/2026,DCMvn_SAN_TIDP_Rev 05.xlsx,TIDP 410_Rev 04
410_PF_HDPE_tDoubleConnectionBend90Deg_ForSleeve.rfa,410_PF,SAN,Sanitary Revit Family,.rfa,MEP,DIG,5,19/06/2026,25/06/2026,03/07/2026,10/07/2026,DCMvn_SAN_TIDP_Rev 05.xlsx,TIDP 410_Rev 04
410_PF_HDPE_tDoubleConnectionBend90Deg_SlipJoint_VerticalForWallHungWC.rfa,410_PF,SAN,Sanitary Revit Family,.rfa,MEP,DIG,5,19/06/2026,25/06/2026,03/07/2026,10/07/2026,DCMvn_SAN_TIDP_Rev 05.xlsx,TIDP 410_Rev 04
410_PF_HDPE_tLateralTee_Welded.rfa,410_PF,SAN,Sanitary Revit Family,.rfa,MEP,DIG,5,19/06/2026,25/06/2026,03/07/2026,10/07/2026,DCMvn_SAN_TIDP_Rev 05.xlsx,TIDP 410_Rev 04
410_PF_HDPE_tSilen_DB20BreechesBranchFitting90Deg_Welded.rfa,410_PF,SAN,Sanitary Revit Family,.rfa,MEP,DIG,5,19/06/2026,25/06/2026,03/07/2026,10/07/2026,DCMvn_SAN_TIDP_Rev 05.xlsx,TIDP 410_Rev 04
410_PF_HDPE_uAccessPipe45Deg_RoundServiceOpening_Welded.rfa,410_PF,SAN,Sanitary Revit Family,.rfa,MEP,DIG,5,19/06/2026,25/06/2026,03/07/2026,10/07/2026,DCMvn_SAN_TIDP_Rev 05.xlsx,TIDP 410_Rev 04
410_PF_HDPE_uAccessPipe90Deg_OvalServiceOpening_Welded.rfa,410_PF,SAN,Sanitary Revit Family,.rfa,MEP,DIG,5,19/06/2026,25/06/2026,03/07/2026,10/07/2026,DCMvn_SAN_TIDP_Rev 05.xlsx,TIDP 410_Rev 04
410_PF_HDPE_uAccessPipe90Deg_RoundServiceOpening_Welded.rfa,410_PF,SAN,Sanitary Revit Family,.rfa,MEP,DIG,5,19/06/2026,25/06/2026,03/07/2026,10/07/2026,DCMvn_SAN_TIDP_Rev 05.xlsx,TIDP 410_Rev 04
410_PF_HDPE_uAdapterUnion_FemaleThreadAndCompressionJoint.rfa,410_PF,SAN,Sanitary Revit Family,.rfa,MEP,DIG,5,19/06/2026,25/06/2026,03/07/2026,10/07/2026,DCMvn_SAN_TIDP_Rev 05.xlsx,TIDP 410_Rev 04
410_PF_HDPE_uAdapterUnion_FemaleThreaded.rfa,410_PF,SAN,Sanitary Revit Family,.rfa,MEP,DIG,5,19/06/2026,25/06/2026,03/07/2026,10/07/2026,DCMvn_SAN_TIDP_Rev 05.xlsx,TIDP 410_Rev 04
410_PF_HDPE_uClampingConnector.rfa,410_PF,SAN,Sanitary Revit Family,.rfa,MEP,DIG,5,19/06/2026,25/06/2026,03/07/2026,10/07/2026,DCMvn_SAN_TIDP_Rev 05.xlsx,TIDP 410_Rev 04
410_PF_HDPE_uExpansion_Socket.rfa,410_PF,SAN,Sanitary Revit Family,.rfa,MEP,DIG,5,19/06/2026,25/06/2026,03/07/2026,10/07/2026,DCMvn_SAN_TIDP_Rev 05.xlsx,TIDP 410_Rev 04
410_PF_HDPE_uFlangeAdapter_Standard.rfa,410_PF,SAN,Sanitary Revit Family,.rfa,MEP,DIG,5,19/06/2026,25/06/2026,03/07/2026,10/07/2026,DCMvn_SAN_TIDP_Rev 05.xlsx,TIDP 410_Rev 04
410_PF_HDPE_uFlangeBushing_Standard.rfa,410_PF,SAN,Sanitary Revit Family,.rfa,MEP,DIG,5,19/06/2026,25/06/2026,03/07/2026,10/07/2026,DCMvn_SAN_TIDP_Rev 05.xlsx,TIDP 410_Rev 04
410_PF_HDPE_uFlangeSet.rfa,410_PF,SAN,Sanitary Revit Family,.rfa,MEP,DIG,6,25/06/2026,03/07/2026,10/07/2026,17/07/2026,DCMvn_SAN_TIDP_Rev 05.xlsx,TIDP 410_Rev 04
410_PF_HDPE_uStraightAdapter_CompressionAndSpigot.rfa,410_PF,SAN,Sanitary Revit Family,.rfa,MEP,DIG,6,25/06/2026,03/07/2026,10/07/2026,17/07/2026,DCMvn_SAN_TIDP_Rev 05.xlsx,TIDP 410_Rev 04
410_PF_HDPE_uStraightAdapter_WithMaleThread&CompressionJoint_Standard.rfa,410_PF,SAN,Sanitary Revit Family,.rfa,MEP,DIG,6,25/06/2026,03/07/2026,10/07/2026,17/07/2026,DCMvn_SAN_TIDP_Rev 05.xlsx,TIDP 410_Rev 04
410_PF_HDPE_uStraightAdapterHDPEToPVC_ButtFusionAndPushOnJoint.rfa,410_PF,SAN,Sanitary Revit Family,.rfa,MEP,DIG,6,25/06/2026,03/07/2026,10/07/2026,17/07/2026,DCMvn_SAN_TIDP_Rev 05.xlsx,TIDP 410_Rev 04
410_PF_HDPE_uStraightAdapterToCastIronPipe.rfa,410_PF,SAN,Sanitary Revit Family,.rfa,MEP,DIG,6,25/06/2026,03/07/2026,10/07/2026,17/07/2026,DCMvn_SAN_TIDP_Rev 05.xlsx,TIDP 410_Rev 04
410_PF_HDPE_uStraightConnector_ForFloorStandingWC.rfa,410_PF,SAN,Sanitary Revit Family,.rfa,MEP,DIG,6,25/06/2026,03/07/2026,10/07/2026,17/07/2026,DCMvn_SAN_TIDP_Rev 05.xlsx,TIDP 410_Rev 04
410_PF_HDPE_uStraightConnectorForWC_ButtFusionAndPushOnJoint.rfa,410_PF,SAN,Sanitary Revit Family,.rfa,MEP,DIG,6,25/06/2026,03/07/2026,10/07/2026,17/07/2026,DCMvn_SAN_TIDP_Rev 05.xlsx,TIDP 410_Rev 04
410_PF_HDPE_uUnion_FemaleThreadAndCompression.rfa,410_PF,SAN,Sanitary Revit Family,.rfa,MEP,DIG,6,25/06/2026,03/07/2026,10/07/2026,17/07/2026,DCMvn_SAN_TIDP_Rev 05.xlsx,TIDP 410_Rev 04
410_PF_HDPE_uUnionConnection_WeldingJoints.rfa,410_PF,SAN,Sanitary Revit Family,.rfa,MEP,DIG,6,25/06/2026,03/07/2026,10/07/2026,17/07/2026,DCMvn_SAN_TIDP_Rev 05.xlsx,TIDP 410_Rev 04
410_PF_HDPE_xDoubleBrandFitting45Deg_Welded.rfa,410_PF,SAN,Sanitary Revit Family,.rfa,MEP,DIG,6,25/06/2026,03/07/2026,10/07/2026,17/07/2026,DCMvn_SAN_TIDP_Rev 05.xlsx,TIDP 410_Rev 04
410_PF_PE_eBendForWandWC.rfa,410_PF,SAN,Sanitary Revit Family,.rfa,MEP,DIG,6,25/06/2026,03/07/2026,10/07/2026,17/07/2026,DCMvn_SAN_TIDP_Rev 05.xlsx,TIDP 410_Rev 04
410_PF_PP_mOdorTrapForSinkHorizontal_Standard.rfa,410_PF,SAN,Sanitary Revit Family,.rfa,MEP,DIG,7,03/07/2026,10/07/2026,17/07/2026,24/07/2026,DCMvn_SAN_TIDP_Rev 05.xlsx,TIDP 410_Rev 04
410_PF_PP_mOdorTrapForSinkVertical_Standard.rfa,410_PF,SAN,Sanitary Revit Family,.rfa,MEP,DIG,7,03/07/2026,10/07/2026,17/07/2026,24/07/2026,DCMvn_SAN_TIDP_Rev 05.xlsx,TIDP 410_Rev 04
410_PF_PP_mOdorTrapForSinkVerticalAndHorizontal_Standard.rfa,410_PF,SAN,Sanitary Revit Family,.rfa,MEP,DIG,7,03/07/2026,10/07/2026,17/07/2026,24/07/2026,DCMvn_SAN_TIDP_Rev 05.xlsx,TIDP 410_Rev 04
410_PF_PP_tBranch_SocketSpigot_Silent.rfa,410_PF,SAN,Sanitary Revit Family,.rfa,MEP,DIG,6,25/06/2026,03/07/2026,10/07/2026,17/07/2026,DCMvn_SAN_TIDP_Rev 05.xlsx,TIDP 410_Rev 04
410_PF_PP_uAccessPipe90Deg_SocketAndSpigot_WithRoundServiceOpening&Silent.rfa,410_PF,SAN,Sanitary Revit Family,.rfa,MEP,DIG,6,25/06/2026,03/07/2026,10/07/2026,17/07/2026,DCMvn_SAN_TIDP_Rev 05.xlsx,TIDP 410_Rev 04
410_PF_PP_uSilentSlipCoupling_Socket.rfa,410_PF,SAN,Sanitary Revit Family,.rfa,MEP,DIG,7,03/07/2026,10/07/2026,17/07/2026,24/07/2026,DCMvn_SAN_TIDP_Rev 05.xlsx,TIDP 410_Rev 04
410_PF_PP_xDoubleBranchFitting88Deg_SocketAndSpigot_Silent.rfa,410_PF,SAN,Sanitary Revit Family,.rfa,MEP,DIG,6,25/06/2026,03/07/2026,10/07/2026,17/07/2026,DCMvn_SAN_TIDP_Rev 05.xlsx,TIDP 410_Rev 04
410_PF_PP_xDoubleBranchFitting88Deg_SocketAndSpigot_SweptEntryAndSilent.rfa,410_PF,SAN,Sanitary Revit Family,.rfa,MEP,DIG,6,25/06/2026,03/07/2026,10/07/2026,17/07/2026,DCMvn_SAN_TIDP_Rev 05.xlsx,TIDP 410_Rev 04
410_PF_PPMD_cEndCap_Socket_Silent.rfa,410_PF,SAN,Sanitary Revit Family,.rfa,MEP,DIG,6,25/06/2026,03/07/2026,10/07/2026,17/07/2026,DCMvn_SAN_TIDP_Rev 05.xlsx,TIDP 410_Rev 04
410_PF_PPMD_eBend_SocketAndSpigot_Silent.rfa,410_PF,SAN,Sanitary Revit Family,.rfa,MEP,DIG,6,25/06/2026,03/07/2026,10/07/2026,17/07/2026,DCMvn_SAN_TIDP_Rev 05.xlsx,TIDP 410_Rev 04
410_PF_PPMD_mCombinedCornerBranch_SocketAndSpigot_Silent.rfa,410_PF,SAN,Sanitary Revit Family,.rfa,MEP,DIG,6,25/06/2026,03/07/2026,10/07/2026,17/07/2026,DCMvn_SAN_TIDP_Rev 05.xlsx,TIDP 410_Rev 04
410_PF_PPMD_mCombinedCornerBranch_SocketAndSpigot_SilentPro.rfa,410_PF,SAN,Sanitary Revit Family,.rfa,MEP,DIG,7,03/07/2026,10/07/2026,17/07/2026,24/07/2026,DCMvn_SAN_TIDP_Rev 05.xlsx,TIDP 410_Rev 04
410_PF_PPMD_mCornerBranch88Deg_SocketAndSpigot_SilentPro.rfa,410_PF,SAN,Sanitary Revit Family,.rfa,MEP,DIG,7,03/07/2026,10/07/2026,17/07/2026,24/07/2026,DCMvn_SAN_TIDP_Rev 05.xlsx,TIDP 410_Rev 04
410_PF_PPMD_rReducerEccentric_SocketAndSpigot_Silent.rfa,410_PF,SAN,Sanitary Revit Family,.rfa,MEP,DIG,7,03/07/2026,10/07/2026,17/07/2026,24/07/2026,DCMvn_SAN_TIDP_Rev 05.xlsx,TIDP 410_Rev 04
410_PF_PPMD_tBranchSweptEntry88Deg_SocketAndSpigot_Silent.rfa,410_PF,SAN,Sanitary Revit Family,.rfa,MEP,DIG,6,25/06/2026,03/07/2026,10/07/2026,17/07/2026,DCMvn_SAN_TIDP_Rev 05.xlsx,TIDP 410_Rev 04
410_PF_PPMD_tDoubleConnectionBend90Deg_Extended_Silent.rfa,410_PF,SAN,Sanitary Revit Family,.rfa,MEP,DIG,6,25/06/2026,03/07/2026,10/07/2026,17/07/2026,DCMvn_SAN_TIDP_Rev 05.xlsx,TIDP 410_Rev 04
410_PF_PPMD_uAccessPipe90DegWithRoundServiceOpening_SocketAndSpigot_SilentPro.rfa,410_PF,SAN,Sanitary Revit Family,.rfa,MEP,DIG,7,03/07/2026,10/07/2026,17/07/2026,24/07/2026,DCMvn_SAN_TIDP_Rev 05.xlsx,TIDP 410_Rev 04
410_PF_PPMD_wParallelBrand45Deg_SocketAndSpigot_Silent.rfa,410_PF,SAN,Sanitary Revit Family,.rfa,MEP,DIG,7,03/07/2026,10/07/2026,17/07/2026,24/07/2026,DCMvn_SAN_TIDP_Rev 05.xlsx,TIDP 410_Rev 04
410_PF_PPMD_xDuctBranchSweptEntry88DegLeft_SocketAndSpigot_Silent.rfa,410_PF,SAN,Sanitary Revit Family,.rfa,MEP,DIG,6,25/06/2026,03/07/2026,10/07/2026,17/07/2026,DCMvn_SAN_TIDP_Rev 05.xlsx,TIDP 410_Rev 04
410_PF_PPMX_eElbow_SocketAndSpigot_SilentPro.rfa,410_PF,SAN,Sanitary Revit Family,.rfa,MEP,DIG,7,03/07/2026,10/07/2026,17/07/2026,24/07/2026,DCMvn_SAN_TIDP_Rev 05.xlsx,TIDP 410_Rev 04
410_PF_PPMX_rReducerEccentric_SocketAndSpigot_SilentPro.rfa,410_PF,SAN,Sanitary Revit Family,.rfa,MEP,DIG,7,03/07/2026,10/07/2026,17/07/2026,24/07/2026,DCMvn_SAN_TIDP_Rev 05.xlsx,TIDP 410_Rev 04
410_PF_PPMX_uSlipCoupling_PushOnJoint_SilentPro.rfa,410_PF,SAN,Sanitary Revit Family,.rfa,MEP,DIG,7,03/07/2026,10/07/2026,17/07/2026,24/07/2026,DCMvn_SAN_TIDP_Rev 05.xlsx,TIDP 410_Rev 04
410_PF_PPMX_wParallelBrand45Deg_SocketAndSpigot_SilentPro.rfa,410_PF,SAN,Sanitary Revit Family,.rfa,MEP,DIG,7,03/07/2026,10/07/2026,17/07/2026,24/07/2026,DCMvn_SAN_TIDP_Rev 05.xlsx,TIDP 410_Rev 04
410_PF_PPR_cEndCap_SocketFusion.rfa,410_PF,SAN,Sanitary Revit Family,.rfa,MEP,DIG,6,25/06/2026,03/07/2026,10/07/2026,17/07/2026,DCMvn_SAN_TIDP_Rev 05.xlsx,TIDP 410_Rev 04
410_PF_PPR_eElbow90Deg_FemaleThreadAndSocketFusion.rfa,410_PF,SAN,Sanitary Revit Family,.rfa,MEP,DIG,6,25/06/2026,03/07/2026,10/07/2026,17/07/2026,DCMvn_SAN_TIDP_Rev 05.xlsx,TIDP 410_Rev 04
410_PF_PPR_eElbow90Deg_MaleThreadAndSocketFusion.rfa,410_PF,SAN,Sanitary Revit Family,.rfa,MEP,DIG,6,25/06/2026,03/07/2026,10/07/2026,17/07/2026,DCMvn_SAN_TIDP_Rev 05.xlsx,TIDP 410_Rev 04
410_PF_PPR_eElbow90DegBracket_FemaleThreadAndSocketFusion.rfa,410_PF,SAN,Sanitary Revit Family,.rfa,MEP,DIG,6,25/06/2026,03/07/2026,10/07/2026,17/07/2026,DCMvn_SAN_TIDP_Rev 05.xlsx,TIDP 410_Rev 04
410_PF_PPR_eElbow90DegBracket_MaleThreadAndSocketFusion.rfa,410_PF,SAN,Sanitary Revit Family,.rfa,MEP,DIG,6,25/06/2026,03/07/2026,10/07/2026,17/07/2026,DCMvn_SAN_TIDP_Rev 05.xlsx,TIDP 410_Rev 04
410_PF_PPR_eElbow_SocketFusion.rfa,410_PF,SAN,Sanitary Revit Family,.rfa,MEP,DIG,6,25/06/2026,03/07/2026,10/07/2026,17/07/2026,DCMvn_SAN_TIDP_Rev 05.xlsx,TIDP 410_Rev 04
410_PF_PPR_mCoupling_FemaleThreadAndSocketFusion.rfa,410_PF,SAN,Sanitary Revit Family,.rfa,MEP,DIG,6,25/06/2026,03/07/2026,10/07/2026,17/07/2026,DCMvn_SAN_TIDP_Rev 05.xlsx,TIDP 410_Rev 04
410_PF_PPR_mCoupling_MaleThreadAndSocketFusion.rfa,410_PF,SAN,Sanitary Revit Family,.rfa,MEP,DIG,6,25/06/2026,03/07/2026,10/07/2026,17/07/2026,DCMvn_SAN_TIDP_Rev 05.xlsx,TIDP 410_Rev 04
410_PF_PPR_rCoupling_FemaleThreadAndSocketFusion.rfa,410_PF,SAN,Sanitary Revit Family,.rfa,MEP,DIG,6,25/06/2026,03/07/2026,10/07/2026,17/07/2026,DCMvn_SAN_TIDP_Rev 05.xlsx,TIDP 410_Rev 04
410_PF_PPR_rReducing_SocketFusion.rfa,410_PF,SAN,Sanitary Revit Family,.rfa,MEP,DIG,6,25/06/2026,03/07/2026,10/07/2026,17/07/2026,DCMvn_SAN_TIDP_Rev 05.xlsx,TIDP 410_Rev 04
410_PF_PPR_tTee_FemaleThreadedAndSocketFusion.rfa,410_PF,SAN,Sanitary Revit Family,.rfa,MEP,DIG,6,25/06/2026,03/07/2026,10/07/2026,17/07/2026,DCMvn_SAN_TIDP_Rev 05.xlsx,TIDP 410_Rev 04
410_PF_PPR_tTee_MaleThreadedAndSocketFusion.rfa,410_PF,SAN,Sanitary Revit Family,.rfa,MEP,DIG,6,25/06/2026,03/07/2026,10/07/2026,17/07/2026,DCMvn_SAN_TIDP_Rev 05.xlsx,TIDP 410_Rev 04
410_PF_PPR_tTee_SocketFusion.rfa,410_PF,SAN,Sanitary Revit Family,.rfa,MEP,DIG,6,25/06/2026,03/07/2026,10/07/2026,17/07/2026,DCMvn_SAN_TIDP_Rev 05.xlsx,TIDP 410_Rev 04
410_PF_PPR_uCoupling_MaleThreadAndSocketFusion.rfa,410_PF,SAN,Sanitary Revit Family,.rfa,MEP,DIG,6,25/06/2026,03/07/2026,10/07/2026,17/07/2026,DCMvn_SAN_TIDP_Rev 05.xlsx,TIDP 410_Rev 04
410_PF_PPR_uUnion_BushSocketFusion.rfa,410_PF,SAN,Sanitary Revit Family,.rfa,MEP,DIG,6,25/06/2026,03/07/2026,10/07/2026,17/07/2026,DCMvn_SAN_TIDP_Rev 05.xlsx,TIDP 410_Rev 04
410_PF_PPR_uUnion_SocketFusion.rfa,410_PF,SAN,Sanitary Revit Family,.rfa,MEP,DIG,6,25/06/2026,03/07/2026,10/07/2026,17/07/2026,DCMvn_SAN_TIDP_Rev 05.xlsx,TIDP 410_Rev 04
410_PF_SilentPro_cCapEnd_Socket.rfa,410_PF,SAN,Sanitary Revit Family,.rfa,MEP,DIG,7,03/07/2026,10/07/2026,17/07/2026,24/07/2026,DCMvn_SAN_TIDP_Rev 05.xlsx,TIDP 410_Rev 04
410_PF_SilentPro_tBranch_SocketAndSpigot_SweptEntry88Deg.rfa,410_PF,SAN,Sanitary Revit Family,.rfa,MEP,DIG,7,03/07/2026,10/07/2026,17/07/2026,24/07/2026,DCMvn_SAN_TIDP_Rev 05.xlsx,TIDP 410_Rev 04
410_PF_SilentPro_tDuctBranch_SweptEntry88DegLeft_SocketAndSpigot.rfa,410_PF,SAN,Sanitary Revit Family,.rfa,MEP,DIG,7,03/07/2026,10/07/2026,17/07/2026,24/07/2026,DCMvn_SAN_TIDP_Rev 05.xlsx,TIDP 410_Rev 04
410_PF_SilentPro_tTeeBranch_SocketSpigot.rfa,410_PF,SAN,Sanitary Revit Family,.rfa,MEP,DIG,7,03/07/2026,10/07/2026,17/07/2026,24/07/2026,DCMvn_SAN_TIDP_Rev 05.xlsx,TIDP 410_Rev 04
410_PF_SilentPro_xCrossDoubleBranchFitting88DegSweptEntry_SocketAndSpigot.rfa,410_PF,SAN,Sanitary Revit Family,.rfa,MEP,DIG,7,03/07/2026,10/07/2026,17/07/2026,24/07/2026,DCMvn_SAN_TIDP_Rev 05.xlsx,TIDP 410_Rev 04
410_PF_SS_cCap_Mapress.rfa,410_PF,SAN,Sanitary Revit Family,.rfa,MEP,DIG,7,03/07/2026,10/07/2026,17/07/2026,24/07/2026,DCMvn_SAN_TIDP_Rev 05.xlsx,TIDP 410_Rev 04
410_PF_SS_cDrainplugWithScrewedPlug.rfa,410_PF,SAN,Sanitary Revit Family,.rfa,MEP,DIG,7,03/07/2026,10/07/2026,17/07/2026,24/07/2026,DCMvn_SAN_TIDP_Rev 05.xlsx,TIDP 410_Rev 04
410_PF_SS_cSocketPlug.rfa,410_PF,SAN,Sanitary Revit Family,.rfa,MEP,DIG,7,03/07/2026,10/07/2026,17/07/2026,24/07/2026,DCMvn_SAN_TIDP_Rev 05.xlsx,TIDP 410_Rev 04
410_PF_SS_cSocketPlugWithClamp.rfa,410_PF,SAN,Sanitary Revit Family,.rfa,MEP,DIG,7,03/07/2026,10/07/2026,17/07/2026,24/07/2026,DCMvn_SAN_TIDP_Rev 05.xlsx,TIDP 410_Rev 04
410_PF_SS_cVentCowl_Standard.rfa,410_PF,SAN,Sanitary Revit Family,.rfa,MEP,DIG,7,03/07/2026,10/07/2026,17/07/2026,24/07/2026,DCMvn_SAN_TIDP_Rev 05.xlsx,TIDP 410_Rev 04
410_PF_SS_eBend45Degrees_SocketAndStandard.rfa,410_PF,SAN,Sanitary Revit Family,.rfa,MEP,DIG,7,03/07/2026,10/07/2026,17/07/2026,24/07/2026,DCMvn_SAN_TIDP_Rev 05.xlsx,TIDP 410_Rev 04
410_PF_SS_eBend87_Socket.rfa,410_PF,SAN,Sanitary Revit Family,.rfa,MEP,DIG,7,03/07/2026,10/07/2026,17/07/2026,24/07/2026,DCMvn_SAN_TIDP_Rev 05.xlsx,TIDP 410_Rev 04
410_PF_SS_eBend_15_1Socket.rfa,410_PF,SAN,Sanitary Revit Family,.rfa,MEP,DIG,7,03/07/2026,10/07/2026,17/07/2026,24/07/2026,DCMvn_SAN_TIDP_Rev 05.xlsx,TIDP 410_Rev 04
410_PF_SS_eBend_30_1Socket.rfa,410_PF,SAN,Sanitary Revit Family,.rfa,MEP,DIG,7,03/07/2026,10/07/2026,17/07/2026,24/07/2026,DCMvn_SAN_TIDP_Rev 05.xlsx,TIDP 410_Rev 04
410_PF_SS_eBendWith250mmOblong_Clamp.rfa,410_PF,SAN,Sanitary Revit Family,.rfa,MEP,DIG,7,03/07/2026,10/07/2026,17/07/2026,24/07/2026,DCMvn_SAN_TIDP_Rev 05.xlsx,TIDP 410_Rev 04
410_PF_SS_eElbow90Deg_FemaleThreadAndMapress.rfa,410_PF,SAN,Sanitary Revit Family,.rfa,MEP,DIG,7,03/07/2026,10/07/2026,17/07/2026,24/07/2026,DCMvn_SAN_TIDP_Rev 05.xlsx,TIDP 410_Rev 04
410_PF_SS_eElbow90DegAdaptor_FemaleThreadedAndPlainEndAndMapress.rfa,410_PF,SAN,Sanitary Revit Family,.rfa,MEP,DIG,7,03/07/2026,10/07/2026,17/07/2026,24/07/2026,DCMvn_SAN_TIDP_Rev 05.xlsx,TIDP 410_Rev 04
410_PF_SS_eElbow90DegAdaptor_MaleThreadAndMapress.rfa,410_PF,SAN,Sanitary Revit Family,.rfa,MEP,DIG,7,03/07/2026,10/07/2026,17/07/2026,24/07/2026,DCMvn_SAN_TIDP_Rev 05.xlsx,TIDP 410_Rev 04
410_PF_SS_eElbow90DegTapConnector_Mapress.rfa,410_PF,SAN,Sanitary Revit Family,.rfa,MEP,DIG,7,03/07/2026,10/07/2026,17/07/2026,24/07/2026,DCMvn_SAN_TIDP_Rev 05.xlsx,TIDP 410_Rev 04
410_PF_SS_eElbow_Mapress.rfa,410_PF,SAN,Sanitary Revit Family,.rfa,MEP,DIG,7,03/07/2026,10/07/2026,17/07/2026,24/07/2026,DCMvn_SAN_TIDP_Rev 05.xlsx,TIDP 410_Rev 04
410_PF_SS_eElbowTapConector90Degree_Mapress.rfa,410_PF,SAN,Sanitary Revit Family,.rfa,MEP,DIG,7,03/07/2026,10/07/2026,17/07/2026,24/07/2026,DCMvn_SAN_TIDP_Rev 05.xlsx,TIDP 410_Rev 04
410_PF_SS_eLongBend_1Socket.rfa,410_PF,SAN,Sanitary Revit Family,.rfa,MEP,DIG,7,03/07/2026,10/07/2026,17/07/2026,24/07/2026,DCMvn_SAN_TIDP_Rev 05.xlsx,TIDP 410_Rev 04
410_PF_SS_ePTrap_SocketAndSpigot.rfa,410_PF,SAN,Sanitary Revit Family,.rfa,MEP,DIG,7,03/07/2026,10/07/2026,17/07/2026,24/07/2026,DCMvn_SAN_TIDP_Rev 05.xlsx,TIDP 410_Rev 04
410_PF_SS_eTElbowTapConnector90Deg_Mapress_Offset.rfa,410_PF,SAN,Sanitary Revit Family,.rfa,MEP,DIG,7,03/07/2026,10/07/2026,17/07/2026,24/07/2026,DCMvn_SAN_TIDP_Rev 05.xlsx,TIDP 410_Rev 04
410_PF_SS_mCornerElbow90Deg_Mapress.rfa,410_PF,SAN,Sanitary Revit Family,.rfa,MEP,DIG,7,03/07/2026,10/07/2026,17/07/2026,24/07/2026,DCMvn_SAN_TIDP_Rev 05.xlsx,TIDP 410_Rev 04
410_PF_SS_rAdaptorReducer_FemaleThreadedAndMapress.rfa,410_PF,SAN,Sanitary Revit Family,.rfa,MEP,DIG,7,03/07/2026,10/07/2026,17/07/2026,24/07/2026,DCMvn_SAN_TIDP_Rev 05.xlsx,TIDP 410_Rev 04
410_PF_SS_rConcentricIncreaserCoupling_Standard.rfa,410_PF,SAN,Sanitary Revit Family,.rfa,MEP,DIG,8,10/07/2026,17/07/2026,24/07/2026,31/07/2026,DCMvn_SAN_TIDP_Rev 05.xlsx,TIDP 410_Rev 04
410_PF_SS_rConnector_Socket.rfa,410_PF,SAN,Sanitary Revit Family,.rfa,MEP,DIG,8,10/07/2026,17/07/2026,24/07/2026,31/07/2026,DCMvn_SAN_TIDP_Rev 05.xlsx,TIDP 410_Rev 04
410_PF_SS_rConnector_SocketAndThreaded.rfa,410_PF,SAN,Sanitary Revit Family,.rfa,MEP,DIG,8,10/07/2026,17/07/2026,24/07/2026,31/07/2026,DCMvn_SAN_TIDP_Rev 05.xlsx,TIDP 410_Rev 04
410_PF_SS_rConnectorExternalThreadSpigot.rfa,410_PF,SAN,Sanitary Revit Family,.rfa,MEP,DIG,8,10/07/2026,17/07/2026,24/07/2026,31/07/2026,DCMvn_SAN_TIDP_Rev 05.xlsx,TIDP 410_Rev 04
410_PF_SS_rConnectorInternal_ThreadSpigot.rfa,410_PF,SAN,Sanitary Revit Family,.rfa,MEP,DIG,8,10/07/2026,17/07/2026,24/07/2026,31/07/2026,DCMvn_SAN_TIDP_Rev 05.xlsx,TIDP 410_Rev 04
410_PF_SS_rConnectorWithSocketAndFlange.rfa,410_PF,SAN,Sanitary Revit Family,.rfa,MEP,DIG,8,10/07/2026,17/07/2026,24/07/2026,31/07/2026,DCMvn_SAN_TIDP_Rev 05.xlsx,TIDP 410_Rev 04
410_PF_SS_rEccentricIncreaserCoupling_SocketAndSpigot.rfa,410_PF,SAN,Sanitary Revit Family,.rfa,MEP,DIG,8,10/07/2026,17/07/2026,24/07/2026,31/07/2026,DCMvn_SAN_TIDP_Rev 05.xlsx,TIDP 410_Rev 04
410_PF_SS_rReducerAdaptor_FemaleThreadedAndMapress_PlainEndLong.rfa,410_PF,SAN,Sanitary Revit Family,.rfa,MEP,DIG,8,10/07/2026,17/07/2026,24/07/2026,31/07/2026,DCMvn_SAN_TIDP_Rev 05.xlsx,TIDP 410_Rev 04
410_PF_SS_rReducerWithPlainEnd_Mapress.rfa,410_PF,SAN,Sanitary Revit Family,.rfa,MEP,DIG,8,10/07/2026,17/07/2026,24/07/2026,31/07/2026,DCMvn_SAN_TIDP_Rev 05.xlsx,TIDP 410_Rev 04
410_PF_SS_rTransition_SocketAndFemaleThreaded.rfa,410_PF,SAN,Sanitary Revit Family,.rfa,MEP,DIG,8,10/07/2026,17/07/2026,24/07/2026,31/07/2026,DCMvn_SAN_TIDP_Rev 05.xlsx,TIDP 410_Rev 04
410_PF_SS_tCornerDoubleBranch87_SocketAndSpigot.rfa,410_PF,SAN,Sanitary Revit Family,.rfa,MEP,DIG,8,10/07/2026,17/07/2026,24/07/2026,31/07/2026,DCMvn_SAN_TIDP_Rev 05.xlsx,TIDP 410_Rev 04
410_PF_SS_tPieceReducer_Mapress.rfa,410_PF,SAN,Sanitary Revit Family,.rfa,MEP,DIG,8,10/07/2026,17/07/2026,24/07/2026,31/07/2026,DCMvn_SAN_TIDP_Rev 05.xlsx,TIDP 410_Rev 04
410_PF_SS_tReducingDoubleBranch45_Socket.rfa,410_PF,SAN,Sanitary Revit Family,.rfa,MEP,DIG,8,10/07/2026,17/07/2026,24/07/2026,31/07/2026,DCMvn_SAN_TIDP_Rev 05.xlsx,TIDP 410_Rev 04
410_PF_SS_tReducingSingleBranch45Degree_Socket.rfa,410_PF,SAN,Sanitary Revit Family,.rfa,MEP,DIG,8,10/07/2026,17/07/2026,24/07/2026,31/07/2026,DCMvn_SAN_TIDP_Rev 05.xlsx,TIDP 410_Rev 04
410_PF_SS_tReducingSingleBranch87Deg_Socket.rfa,410_PF,SAN,Sanitary Revit Family,.rfa,MEP,DIG,8,10/07/2026,17/07/2026,24/07/2026,31/07/2026,DCMvn_SAN_TIDP_Rev 05.xlsx,TIDP 410_Rev 04
410_PF_SS_tSingleBranch45_SocketAndSpigot.rfa,410_PF,SAN,Sanitary Revit Family,.rfa,MEP,DIG,8,10/07/2026,17/07/2026,24/07/2026,31/07/2026,DCMvn_SAN_TIDP_Rev 05.xlsx,TIDP 410_Rev 04
410_PF_SS_tSweptBranch87Deg_SocketAndSpigot.rfa,410_PF,SAN,Sanitary Revit Family,.rfa,MEP,DIG,8,10/07/2026,17/07/2026,24/07/2026,31/07/2026,DCMvn_SAN_TIDP_Rev 05.xlsx,TIDP 410_Rev 04
410_PF_SS_tTeePiece_FemaleThreadedAndMapress.rfa,410_PF,SAN,Sanitary Revit Family,.rfa,MEP,DIG,8,10/07/2026,17/07/2026,24/07/2026,31/07/2026,DCMvn_SAN_TIDP_Rev 05.xlsx,TIDP 410_Rev 04
410_PF_SS_tTeePiece_MaleThreadedAndMapress.rfa,410_PF,SAN,Sanitary Revit Family,.rfa,MEP,DIG,8,10/07/2026,17/07/2026,24/07/2026,31/07/2026,DCMvn_SAN_TIDP_Rev 05.xlsx,TIDP 410_Rev 04
410_PF_SS_tTeePiece_Mapress.rfa,410_PF,SAN,Sanitary Revit Family,.rfa,MEP,DIG,8,10/07/2026,17/07/2026,24/07/2026,31/07/2026,DCMvn_SAN_TIDP_Rev 05.xlsx,TIDP 410_Rev 04
410_PF_SS_tTPiece_Mapress_Equal.rfa,410_PF,SAN,Sanitary Revit Family,.rfa,MEP,DIG,8,10/07/2026,17/07/2026,24/07/2026,31/07/2026,DCMvn_SAN_TIDP_Rev 05.xlsx,TIDP 410_Rev 04
410_PF_SS_uAdaptor_WithFemaleThreadAndMapress.rfa,410_PF,SAN,Sanitary Revit Family,.rfa,MEP,DIG,8,10/07/2026,17/07/2026,24/07/2026,31/07/2026,DCMvn_SAN_TIDP_Rev 05.xlsx,TIDP 410_Rev 04
410_PF_SS_uAdaptor_WithFemaleThreadAndPlainEndLong_Mapress.rfa,410_PF,SAN,Sanitary Revit Family,.rfa,MEP,DIG,8,10/07/2026,17/07/2026,24/07/2026,31/07/2026,DCMvn_SAN_TIDP_Rev 05.xlsx,TIDP 410_Rev 04
410_PF_SS_uAdaptor_WithMaleThreadAndMapress.rfa,410_PF,SAN,Sanitary Revit Family,.rfa,MEP,DIG,8,10/07/2026,17/07/2026,24/07/2026,31/07/2026,DCMvn_SAN_TIDP_Rev 05.xlsx,TIDP 410_Rev 04
410_PF_SS_uAdaptorUnion_FemaleThreadAndMapress.rfa,410_PF,SAN,Sanitary Revit Family,.rfa,MEP,DIG,8,10/07/2026,17/07/2026,24/07/2026,31/07/2026,DCMvn_SAN_TIDP_Rev 05.xlsx,TIDP 410_Rev 04
410_PF_SS_uAdaptorUnion_MaleThreadAndMapress.rfa,410_PF,SAN,Sanitary Revit Family,.rfa,MEP,DIG,8,10/07/2026,17/07/2026,24/07/2026,31/07/2026,DCMvn_SAN_TIDP_Rev 05.xlsx,TIDP 410_Rev 04
410_PF_SS_uAdaptorWithPlainEnd_MaleThreadAndMapress.rfa,410_PF,SAN,Sanitary Revit Family,.rfa,MEP,DIG,8,10/07/2026,17/07/2026,24/07/2026,31/07/2026,DCMvn_SAN_TIDP_Rev 05.xlsx,TIDP 410_Rev 04
410_PF_SS_uAdaptorWithUnionNut_ThreadedAndMapress.rfa,410_PF,SAN,Sanitary Revit Family,.rfa,MEP,DIG,8,10/07/2026,17/07/2026,24/07/2026,31/07/2026,DCMvn_SAN_TIDP_Rev 05.xlsx,TIDP 410_Rev 04
410_PF_SS_uAxialExpansion_PressingSockets.rfa,410_PF,SAN,Sanitary Revit Family,.rfa,MEP,DIG,8,10/07/2026,17/07/2026,24/07/2026,31/07/2026,DCMvn_SAN_TIDP_Rev 05.xlsx,TIDP 410_Rev 04
410_PF_SS_uBulkhead_Welded.rfa,410_PF,SAN,Sanitary Revit Family,.rfa,MEP,DIG,8,10/07/2026,17/07/2026,24/07/2026,31/07/2026,DCMvn_SAN_TIDP_Rev 05.xlsx,TIDP 410_Rev 04
410_PF_SS_uConnectionWithPlainEnd_FlangedAndMapress.rfa,410_PF,SAN,Sanitary Revit Family,.rfa,MEP,DIG,8,10/07/2026,17/07/2026,24/07/2026,31/07/2026,DCMvn_SAN_TIDP_Rev 05.xlsx,TIDP 410_Rev 04
410_PF_SS_uConnectionWithPlainEnd_FlangedAndWelded.rfa,410_PF,SAN,Sanitary Revit Family,.rfa,MEP,DIG,8,10/07/2026,17/07/2026,24/07/2026,31/07/2026,DCMvn_SAN_TIDP_Rev 05.xlsx,TIDP 410_Rev 04
410_PF_SS_uConnector_FlangedAndSpigot.rfa,410_PF,SAN,Sanitary Revit Family,.rfa,MEP,DIG,8,10/07/2026,17/07/2026,24/07/2026,31/07/2026,DCMvn_SAN_TIDP_Rev 05.xlsx,TIDP 410_Rev 04
410_PF_SS_uConnector_SocketAndThreaded.rfa,410_PF,SAN,Sanitary Revit Family,.rfa,MEP,DIG,8,10/07/2026,17/07/2026,24/07/2026,31/07/2026,DCMvn_SAN_TIDP_Rev 05.xlsx,TIDP 410_Rev 04
410_PF_SS_uCoupling_Mapress.rfa,410_PF,SAN,Sanitary Revit Family,.rfa,MEP,DIG,8,10/07/2026,17/07/2026,24/07/2026,31/07/2026,DCMvn_SAN_TIDP_Rev 05.xlsx,TIDP 410_Rev 04
410_PF_SS_uExpansionSocket.rfa,410_PF,SAN,Sanitary Revit Family,.rfa,MEP,DIG,8,10/07/2026,17/07/2026,24/07/2026,31/07/2026,DCMvn_SAN_TIDP_Rev 05.xlsx,TIDP 410_Rev 04
410_PF_SS_uPeakPressure_Standard.rfa,410_PF,SAN,Sanitary Revit Family,.rfa,MEP,DIG,8,10/07/2026,17/07/2026,24/07/2026,31/07/2026,DCMvn_SAN_TIDP_Rev 05.xlsx,TIDP 410_Rev 04
410_PF_SS_uRapid_Coupling.rfa,410_PF,SAN,Sanitary Revit Family,.rfa,MEP,DIG,8,10/07/2026,17/07/2026,24/07/2026,31/07/2026,DCMvn_SAN_TIDP_Rev 05.xlsx,TIDP 410_Rev 04
410_PF_SS_uRatStop_SocketAndSpigot.rfa,410_PF,SAN,Sanitary Revit Family,.rfa,MEP,DIG,8,10/07/2026,17/07/2026,24/07/2026,31/07/2026,DCMvn_SAN_TIDP_Rev 05.xlsx,TIDP 410_Rev 04
410_PF_SS_uRepairCoupling_Socket.rfa,410_PF,SAN,Sanitary Revit Family,.rfa,MEP,DIG,8,10/07/2026,17/07/2026,24/07/2026,31/07/2026,DCMvn_SAN_TIDP_Rev 05.xlsx,TIDP 410_Rev 04
410_PF_SS_uSocketClamp_Special.rfa,410_PF,SAN,Sanitary Revit Family,.rfa,MEP,DIG,9,17/07/2026,24/07/2026,31/07/2026,07/08/2026,DCMvn_SAN_TIDP_Rev 05.xlsx,TIDP 410_Rev 04
410_PF_SS_uSocketClamp_Twopiece.rfa,410_PF,SAN,Sanitary Revit Family,.rfa,MEP,DIG,9,17/07/2026,24/07/2026,31/07/2026,07/08/2026,DCMvn_SAN_TIDP_Rev 05.xlsx,TIDP 410_Rev 04
410_PF_SS_uStraightCoupling_Socket.rfa,410_PF,SAN,Sanitary Revit Family,.rfa,MEP,DIG,9,17/07/2026,24/07/2026,31/07/2026,07/08/2026,DCMvn_SAN_TIDP_Rev 05.xlsx,TIDP 410_Rev 04
410_PF_SS_uUnion_Coupling.rfa,410_PF,SAN,Sanitary Revit Family,.rfa,MEP,DIG,7,03/07/2026,10/07/2026,17/07/2026,24/07/2026,DCMvn_SAN_TIDP_Rev 05.xlsx,TIDP 410_Rev 04
410_PF_SS_uUnion_Mapress.rfa,410_PF,SAN,Sanitary Revit Family,.rfa,MEP,DIG,9,17/07/2026,24/07/2026,31/07/2026,07/08/2026,DCMvn_SAN_TIDP_Rev 05.xlsx,TIDP 410_Rev 04
410_PF_SS_wCleaningPipes.rfa,410_PF,SAN,Sanitary Revit Family,.rfa,MEP,DIG,9,17/07/2026,24/07/2026,31/07/2026,07/08/2026,DCMvn_SAN_TIDP_Rev 05.xlsx,TIDP 410_Rev 04
410_PF_SS_xCornerBranch87Deg_SocketAndSpigot.rfa,410_PF,SAN,Sanitary Revit Family,.rfa,MEP,DIG,9,17/07/2026,24/07/2026,31/07/2026,07/08/2026,DCMvn_SAN_TIDP_Rev 05.xlsx,TIDP 410_Rev 04
410_PF_SS_xDoubleBranch45Deg_SocketAndSpigot.rfa,410_PF,SAN,Sanitary Revit Family,.rfa,MEP,DIG,9,17/07/2026,24/07/2026,31/07/2026,07/08/2026,DCMvn_SAN_TIDP_Rev 05.xlsx,TIDP 410_Rev 04
410_PF_SS_xDoubleBranch87_Socket.rfa,410_PF,SAN,Sanitary Revit Family,.rfa,MEP,DIG,9,17/07/2026,24/07/2026,31/07/2026,07/08/2026,DCMvn_SAN_TIDP_Rev 05.xlsx,TIDP 410_Rev 04
410_PF_SS_xReducingDoubleBranch87.5Degrees_SocketAndSpigot.rfa,410_PF,SAN,Sanitary Revit Family,.rfa,MEP,DIG,9,17/07/2026,24/07/2026,31/07/2026,07/08/2026,DCMvn_SAN_TIDP_Rev 05.xlsx,TIDP 410_Rev 04
410_PF_ST_SanpressDoubleWallPane_Threaded_DN15.rfa,410_PF,SAN,Sanitary Revit Family,.rfa,MEP,DIG,9,17/07/2026,24/07/2026,31/07/2026,07/08/2026,DCMvn_SAN_TIDP_Rev 05.xlsx,TIDP 410_Rev 04
410_PF_UPVC_cCap_FemaleThreaded.rfa,410_PF,SAN,Sanitary Revit Family,.rfa,MEP,DIG,9,17/07/2026,24/07/2026,31/07/2026,07/08/2026,DCMvn_SAN_TIDP_Rev 05.xlsx,TIDP 410_Rev 04
410_PF_UPVC_cCap_Socket.rfa,410_PF,SAN,Sanitary Revit Family,.rfa,MEP,DIG,9,17/07/2026,24/07/2026,31/07/2026,07/08/2026,DCMvn_SAN_TIDP_Rev 05.xlsx,TIDP 410_Rev 04
410_PF_UPVC_eBend90Deg_Socket.rfa,410_PF,SAN,Sanitary Revit Family,.rfa,MEP,DIG,9,17/07/2026,24/07/2026,31/07/2026,07/08/2026,DCMvn_SAN_TIDP_Rev 05.xlsx,TIDP 410_Rev 04
410_PF_UPVC_eElbow90Deg_FemaleThreaded.rfa,410_PF,SAN,Sanitary Revit Family,.rfa,MEP,DIG,9,17/07/2026,24/07/2026,31/07/2026,07/08/2026,DCMvn_SAN_TIDP_Rev 05.xlsx,TIDP 410_Rev 04
410_PF_UPVC_eElbow90DegAdaptor_SocketAndFemaleThreaded.rfa,410_PF,SAN,Sanitary Revit Family,.rfa,MEP,DIG,9,17/07/2026,24/07/2026,31/07/2026,07/08/2026,DCMvn_SAN_TIDP_Rev 05.xlsx,TIDP 410_Rev 04
410_PF_UPVC_eElbow_Socket.rfa,410_PF,SAN,Sanitary Revit Family,.rfa,MEP,DIG,9,17/07/2026,24/07/2026,31/07/2026,07/08/2026,DCMvn_SAN_TIDP_Rev 05.xlsx,TIDP 410_Rev 04
410_PF_UPVC_eReducerElbow_Socket.rfa,410_PF,SAN,Sanitary Revit Family,.rfa,MEP,DIG,9,17/07/2026,24/07/2026,31/07/2026,07/08/2026,DCMvn_SAN_TIDP_Rev 05.xlsx,TIDP 410_Rev 04
410_PF_UPVC_eShortBend90Deg_Socket.rfa,410_PF,SAN,Sanitary Revit Family,.rfa,MEP,DIG,9,17/07/2026,24/07/2026,31/07/2026,07/08/2026,DCMvn_SAN_TIDP_Rev 05.xlsx,TIDP 410_Rev 04
410_PF_UPVC_rBushReducing_Socket.rfa,410_PF,SAN,Sanitary Revit Family,.rfa,MEP,DIG,9,17/07/2026,24/07/2026,31/07/2026,07/08/2026,DCMvn_SAN_TIDP_Rev 05.xlsx,TIDP 410_Rev 04
410_PF_UPVC_rLongBushReducing_Socket.rfa,410_PF,SAN,Sanitary Revit Family,.rfa,MEP,DIG,9,17/07/2026,24/07/2026,31/07/2026,07/08/2026,DCMvn_SAN_TIDP_Rev 05.xlsx,TIDP 410_Rev 04
410_PF_UPVC_rShortBushReducing_Socket.rfa,410_PF,SAN,Sanitary Revit Family,.rfa,MEP,DIG,9,17/07/2026,24/07/2026,31/07/2026,07/08/2026,DCMvn_SAN_TIDP_Rev 05.xlsx,TIDP 410_Rev 04
410_PF_UPVC_tLateralTee90Deg_Socket.rfa,410_PF,SAN,Sanitary Revit Family,.rfa,MEP,DIG,9,17/07/2026,24/07/2026,31/07/2026,07/08/2026,DCMvn_SAN_TIDP_Rev 05.xlsx,TIDP 410_Rev 04
410_PF_UPVC_tTee90Deg_FemaleThreaded.rfa,410_PF,SAN,Sanitary Revit Family,.rfa,MEP,DIG,9,17/07/2026,24/07/2026,31/07/2026,07/08/2026,DCMvn_SAN_TIDP_Rev 05.xlsx,TIDP 410_Rev 04
410_PF_UPVC_tTee90Deg_SocketAndFemaleThreaded.rfa,410_PF,SAN,Sanitary Revit Family,.rfa,MEP,DIG,9,17/07/2026,24/07/2026,31/07/2026,07/08/2026,DCMvn_SAN_TIDP_Rev 05.xlsx,TIDP 410_Rev 04
410_PF_UPVC_tTee_Socket.rfa,410_PF,SAN,Sanitary Revit Family,.rfa,MEP,DIG,9,17/07/2026,24/07/2026,31/07/2026,07/08/2026,DCMvn_SAN_TIDP_Rev 05.xlsx,TIDP 410_Rev 04
410_PF_UPVC_uAdaptor_SocketAndFemaleThread_WithoutReinforced.rfa,410_PF,SAN,Sanitary Revit Family,.rfa,MEP,DIG,9,17/07/2026,24/07/2026,31/07/2026,07/08/2026,DCMvn_SAN_TIDP_Rev 05.xlsx,TIDP 410_Rev 04
410_PF_UPVC_uAdaptor_SocketAndFemaleThreaded.rfa,410_PF,SAN,Sanitary Revit Family,.rfa,MEP,DIG,9,17/07/2026,24/07/2026,31/07/2026,07/08/2026,DCMvn_SAN_TIDP_Rev 05.xlsx,TIDP 410_Rev 04
410_PF_UPVC_uAdaptor_SpigotAndFemaleThreaded.rfa,410_PF,SAN,Sanitary Revit Family,.rfa,MEP,DIG,9,17/07/2026,24/07/2026,31/07/2026,07/08/2026,DCMvn_SAN_TIDP_Rev 05.xlsx,TIDP 410_Rev 04
410_PF_UPVC_uCoupling_Socket.rfa,410_PF,SAN,Sanitary Revit Family,.rfa,MEP,DIG,9,17/07/2026,24/07/2026,31/07/2026,07/08/2026,DCMvn_SAN_TIDP_Rev 05.xlsx,TIDP 410_Rev 04
410_PF_UPVC_uInspectionPort_Glue.rfa,410_PF,SAN,Sanitary Revit Family,.rfa,MEP,DIG,9,17/07/2026,24/07/2026,31/07/2026,07/08/2026,DCMvn_SAN_TIDP_Rev 05.xlsx,TIDP 410_Rev 04
410_PF_UPVC_uSiphon_Socket.rfa,410_PF,SAN,Sanitary Revit Family,.rfa,MEP,DIG,9,17/07/2026,24/07/2026,31/07/2026,07/08/2026,DCMvn_SAN_TIDP_Rev 05.xlsx,TIDP 410_Rev 04
410_PF_UPVC_xCross_Socket.rfa,410_PF,SAN,Sanitary Revit Family,.rfa,MEP,DIG,9,17/07/2026,24/07/2026,31/07/2026,07/08/2026,DCMvn_SAN_TIDP_Rev 05.xlsx,TIDP 410_Rev 04
410_PX_BasementFloorDrain_Horizontal_Coupling_CastIron.rfa,410_PX,SAN,Sanitary Revit Family,.rfa,MEP,DIG,12,07/08/2026,14/08/2026,21/08/2026,28/08/2026,DCMvn_SAN_TIDP_Rev 05.xlsx,TIDP 410_Rev 04
410_PX_BasementFloorDrain_Horizontal_Coupling_Plastic.rfa,410_PX,SAN,Sanitary Revit Family,.rfa,MEP,DIG,12,07/08/2026,14/08/2026,21/08/2026,28/08/2026,DCMvn_SAN_TIDP_Rev 05.xlsx,TIDP 410_Rev 04
410_PX_BasementFloorDrain_Vertical_Coupling_CastIron.rfa,410_PX,SAN,Sanitary Revit Family,.rfa,MEP,DIG,12,07/08/2026,14/08/2026,21/08/2026,28/08/2026,DCMvn_SAN_TIDP_Rev 05.xlsx,TIDP 410_Rev 04
410_PX_BoxGutters_Vertical_Coupling_StainlessSteel.rfa,410_PX,SAN,Sanitary Revit Family,.rfa,MEP,DIG,12,07/08/2026,14/08/2026,21/08/2026,28/08/2026,DCMvn_SAN_TIDP_Rev 05.xlsx,TIDP 410_Rev 04
410_PX_CastIronFloorDrain_Vertical_Coupling.rfa,410_PX,SAN,Sanitary Revit Family,.rfa,MEP,DIG,12,07/08/2026,14/08/2026,21/08/2026,28/08/2026,DCMvn_SAN_TIDP_Rev 05.xlsx,TIDP 410_Rev 04
410_PX_DoppelPumpStationPowerlift_ACO.rfa,410_PX,SAN,Sanitary Revit Family,.rfa,MEP,DIG,12,07/08/2026,14/08/2026,21/08/2026,28/08/2026,DCMvn_SAN_TIDP_Rev 05.xlsx,TIDP 410_Rev 04
410_PX_DrainageChannel_B125.rfa,410_PX,SAN,Sanitary Revit Family,.rfa,MEP,DIG,12,07/08/2026,14/08/2026,21/08/2026,28/08/2026,DCMvn_SAN_TIDP_Rev 05.xlsx,TIDP 410_Rev 04
410_PX_DuofixElementForSinkAGB.rfa,410_PX,SAN,Sanitary Revit Family,.rfa,MEP,DIG,12,07/08/2026,14/08/2026,21/08/2026,28/08/2026,DCMvn_SAN_TIDP_Rev 05.xlsx,TIDP 410_Rev 04
410_PX_DuofixElementForWallHungWC.rfa,410_PX,SAN,Sanitary Revit Family,.rfa,MEP,DIG,12,07/08/2026,14/08/2026,21/08/2026,28/08/2026,DCMvn_SAN_TIDP_Rev 05.xlsx,TIDP 410_Rev 04
410_PX_DuofixElementForWallHungWC_BarrierFree.rfa,410_PX,SAN,Sanitary Revit Family,.rfa,MEP,DIG,12,07/08/2026,14/08/2026,21/08/2026,28/08/2026,DCMvn_SAN_TIDP_Rev 05.xlsx,TIDP 410_Rev 04
410_PX_DuofixElementForWallHungWC_BarrierFree_SigmaConcealedCistern.rfa,410_PX,SAN,Sanitary Revit Family,.rfa,MEP,DIG,12,07/08/2026,14/08/2026,21/08/2026,28/08/2026,DCMvn_SAN_TIDP_Rev 05.xlsx,TIDP 410_Rev 04
410_PX_DuofixElementForWashbasin.rfa,410_PX,SAN,Sanitary Revit Family,.rfa,MEP,DIG,12,07/08/2026,14/08/2026,21/08/2026,28/08/2026,DCMvn_SAN_TIDP_Rev 05.xlsx,TIDP 410_Rev 04
410_PX_DuofixElementForWashBasin_BarrierFree.rfa,410_PX,SAN,Sanitary Revit Family,.rfa,MEP,DIG,12,07/08/2026,14/08/2026,21/08/2026,28/08/2026,DCMvn_SAN_TIDP_Rev 05.xlsx,TIDP 410_Rev 04
410_PX_DuofixElementInsetWashbasin_PillarTap.rfa,410_PX,SAN,Sanitary Revit Family,.rfa,MEP,DIG,12,07/08/2026,14/08/2026,21/08/2026,28/08/2026,DCMvn_SAN_TIDP_Rev 05.xlsx,TIDP 410_Rev 04
410_PX_DuofixForShower&Bathtub.rfa,410_PX,SAN,Sanitary Revit Family,.rfa,MEP,DIG,12,07/08/2026,14/08/2026,21/08/2026,28/08/2026,DCMvn_SAN_TIDP_Rev 05.xlsx,TIDP 410_Rev 04
410_PX_DuofixForShower&Bathtub_WallFittingAP.rfa,410_PX,SAN,Sanitary Revit Family,.rfa,MEP,DIG,12,07/08/2026,14/08/2026,21/08/2026,28/08/2026,DCMvn_SAN_TIDP_Rev 05.xlsx,TIDP 410_Rev 04
410_PX_DuofixForUrinal.rfa,410_PX,SAN,Sanitary Revit Family,.rfa,MEP,DIG,12,07/08/2026,14/08/2026,21/08/2026,28/08/2026,DCMvn_SAN_TIDP_Rev 05.xlsx,TIDP 410_Rev 04
410_PX_DuofixForUrinal_Universal.rfa,410_PX,SAN,Sanitary Revit Family,.rfa,MEP,DIG,12,07/08/2026,14/08/2026,21/08/2026,28/08/2026,DCMvn_SAN_TIDP_Rev 05.xlsx,TIDP 410_Rev 04
410_PX_DuofixSigmaToilet12cm_BarrierFree.rfa,410_PX,SAN,Sanitary Revit Family,.rfa,MEP,DIG,12,07/08/2026,14/08/2026,21/08/2026,28/08/2026,DCMvn_SAN_TIDP_Rev 05.xlsx,TIDP 410_Rev 04
410_PX_DuofixTraverseForStandaloneFaucetKitchenSink.rfa,410_PX,SAN,Sanitary Revit Family,.rfa,MEP,DIG,12,07/08/2026,14/08/2026,21/08/2026,28/08/2026,DCMvn_SAN_TIDP_Rev 05.xlsx,TIDP 410_Rev 04
410_PX_FaucetWithFlexibleHose.rfa,410_PX,SAN,Sanitary Revit Family,.rfa,MEP,DIG,12,07/08/2026,14/08/2026,21/08/2026,28/08/2026,DCMvn_SAN_TIDP_Rev 05.xlsx,TIDP 410_Rev 04
410_PX_FlatRoofCompleteDrainVariant_Horizontal_Coupling_StainlessSteel.rfa,410_PX,SAN,Sanitary Revit Family,.rfa,MEP,DIG,12,07/08/2026,14/08/2026,21/08/2026,28/08/2026,DCMvn_SAN_TIDP_Rev 05.xlsx,TIDP 410_Rev 04
410_PX_FlatRoofCompleteDrainVariant_Vertical_Coupling_StainlessSteel.rfa,410_PX,SAN,Sanitary Revit Family,.rfa,MEP,DIG,12,07/08/2026,14/08/2026,21/08/2026,28/08/2026,DCMvn_SAN_TIDP_Rev 05.xlsx,TIDP 410_Rev 04
410_PX_FlatRoofSingleDrain_Horizontal_Coupling_CastIron.rfa,410_PX,SAN,Sanitary Revit Family,.rfa,MEP,DIG,12,07/08/2026,14/08/2026,21/08/2026,28/08/2026,DCMvn_SAN_TIDP_Rev 05.xlsx,TIDP 410_Rev 04
410_PX_FlatRoofSingleDrain_Horizontal_Coupling_StainlessSteel.rfa,410_PX,SAN,Sanitary Revit Family,.rfa,MEP,DIG,12,07/08/2026,14/08/2026,21/08/2026,28/08/2026,DCMvn_SAN_TIDP_Rev 05.xlsx,TIDP 410_Rev 04
410_PX_FlatRoofSingleDrain_Vertical_Coupling_CastIron.rfa,410_PX,SAN,Sanitary Revit Family,.rfa,MEP,DIG,12,07/08/2026,14/08/2026,21/08/2026,28/08/2026,DCMvn_SAN_TIDP_Rev 05.xlsx,TIDP 410_Rev 04
410_PX_FloorDrain_Horizontal_Coupling_CastIron.rfa,410_PX,SAN,Sanitary Revit Family,.rfa,MEP,DIG,12,07/08/2026,14/08/2026,21/08/2026,28/08/2026,DCMvn_SAN_TIDP_Rev 05.xlsx,TIDP 410_Rev 04
410_PX_FloorDrain_Horizontal_Coupling_Plastic.rfa,410_PX,SAN,Sanitary Revit Family,.rfa,MEP,DIG,12,07/08/2026,14/08/2026,21/08/2026,28/08/2026,DCMvn_SAN_TIDP_Rev 05.xlsx,TIDP 410_Rev 04
410_PX_FloorDrain_Horizontal_Coupling_StainlessSteel.rfa,410_PX,SAN,Sanitary Revit Family,.rfa,MEP,DIG,12,07/08/2026,14/08/2026,21/08/2026,28/08/2026,DCMvn_SAN_TIDP_Rev 05.xlsx,TIDP 410_Rev 04
410_PX_FloorDrain_Vertical_Coupling_Plastic.rfa,410_PX,SAN,Sanitary Revit Family,.rfa,MEP,DIG,12,07/08/2026,14/08/2026,21/08/2026,28/08/2026,DCMvn_SAN_TIDP_Rev 05.xlsx,TIDP 410_Rev 04
410_PX_FloorDrain_Vertical_Coupling_StainlessSteel.rfa,410_PX,SAN,Sanitary Revit Family,.rfa,MEP,DIG,12,07/08/2026,14/08/2026,21/08/2026,28/08/2026,DCMvn_SAN_TIDP_Rev 05.xlsx,TIDP 410_Rev 04
410_PX_FloorDrain_VerticalFinor2PartL15_Coupling_CastIron.rfa,410_PX,SAN,Sanitary Revit Family,.rfa,MEP,DIG,12,07/08/2026,14/08/2026,21/08/2026,28/08/2026,DCMvn_SAN_TIDP_Rev 05.xlsx,TIDP 410_Rev 04
410_PX_FloorDrainExtraInlet_Vertical_Coupling_Standard.rfa,410_PX,SAN,Sanitary Revit Family,.rfa,MEP,DIG,12,07/08/2026,14/08/2026,21/08/2026,28/08/2026,DCMvn_SAN_TIDP_Rev 05.xlsx,TIDP 410_Rev 04
410_PX_GardenWater_Kemper.rfa,410_PX,SAN,Sanitary Revit Family,.rfa,MEP,DIG,12,07/08/2026,14/08/2026,21/08/2026,28/08/2026,DCMvn_SAN_TIDP_Rev 05.xlsx,TIDP 410_Rev 04
410_PX_GreaseDisposalPoint.rfa,410_PX,SAN,Sanitary Revit Family,.rfa,MEP,DIG,12,07/08/2026,14/08/2026,21/08/2026,28/08/2026,DCMvn_SAN_TIDP_Rev 05.xlsx,TIDP 410_Rev 04
410_PX_GullyGrating.rfa,410_PX,SAN,Sanitary Revit Family,.rfa,MEP,DIG,12,07/08/2026,14/08/2026,21/08/2026,28/08/2026,DCMvn_SAN_TIDP_Rev 05.xlsx,TIDP 410_Rev 04
410_PX_HorizontalFloorDrain.rfa,410_PX,SAN,Sanitary Revit Family,.rfa,MEP,DIG,12,07/08/2026,14/08/2026,21/08/2026,28/08/2026,DCMvn_SAN_TIDP_Rev 05.xlsx,TIDP 410_Rev 04
410_PX_InspectionShaft_OnePipe_Nosystem.rfa,410_PX,SAN,Sanitary Revit Family,.rfa,MEP,DIG,12,07/08/2026,14/08/2026,21/08/2026,28/08/2026,DCMvn_SAN_TIDP_Rev 05.xlsx,TIDP 410_Rev 04
410_PX_InspectionShaft_TwoPipe_Nosystem.rfa,410_PX,SAN,Sanitary Revit Family,.rfa,MEP,DIG,12,07/08/2026,14/08/2026,21/08/2026,28/08/2026,DCMvn_SAN_TIDP_Rev 05.xlsx,TIDP 410_Rev 04
410_PX_KitchenTap.rfa,410_PX,SAN,Sanitary Revit Family,.rfa,MEP,DIG,13,14/08/2026,21/08/2026,28/08/2026,04/09/2026,DCMvn_SAN_TIDP_Rev 05.xlsx,TIDP 410_Rev 04
410_PX_Manhole_Round.rfa,410_PX,SAN,Sanitary Revit Family,.rfa,MEP,DIG,13,14/08/2026,21/08/2026,28/08/2026,04/09/2026,DCMvn_SAN_TIDP_Rev 05.xlsx,TIDP 410_Rev 04
410_PX_ManholeAdjustingUnits_Round_NoSystem.rfa,410_PX,SAN,Sanitary Revit Family,.rfa,MEP,DIG,13,14/08/2026,21/08/2026,28/08/2026,04/09/2026,DCMvn_SAN_TIDP_Rev 05.xlsx,TIDP 410_Rev 04
410_PX_ManholeBase_CastIn.rfa,410_PX,SAN,Sanitary Revit Family,.rfa,MEP,DIG,13,14/08/2026,21/08/2026,28/08/2026,04/09/2026,DCMvn_SAN_TIDP_Rev 05.xlsx,TIDP 410_Rev 04
410_PX_ManholeChamberUnits_Round_NoSystem.rfa,410_PX,SAN,Sanitary Revit Family,.rfa,MEP,DIG,13,14/08/2026,21/08/2026,28/08/2026,04/09/2026,DCMvn_SAN_TIDP_Rev 05.xlsx,TIDP 410_Rev 04
410_PX_ManholeCoverSlabs_Eccentrical_NoSystem.rfa,410_PX,SAN,Sanitary Revit Family,.rfa,MEP,DIG,13,14/08/2026,21/08/2026,28/08/2026,04/09/2026,DCMvn_SAN_TIDP_Rev 05.xlsx,TIDP 410_Rev 04
410_PX_ManholeReducingSlabs_Eccentrical_NoSystem.rfa,410_PX,SAN,Sanitary Revit Family,.rfa,MEP,DIG,13,14/08/2026,21/08/2026,28/08/2026,04/09/2026,DCMvn_SAN_TIDP_Rev 05.xlsx,TIDP 410_Rev 04
410_PX_ManholeTaper_EccentricalCones_NoSystem.rfa,410_PX,SAN,Sanitary Revit Family,.rfa,MEP,DIG,13,14/08/2026,21/08/2026,28/08/2026,04/09/2026,DCMvn_SAN_TIDP_Rev 05.xlsx,TIDP 410_Rev 04
410_PX_ReusedRainWaterTank.rfa,410_PX,SAN,Sanitary Revit Family,.rfa,MEP,DIG,13,14/08/2026,21/08/2026,28/08/2026,04/09/2026,DCMvn_SAN_TIDP_Rev 05.xlsx,TIDP 410_Rev 04
410_PX_RoadGully.rfa,410_PX,SAN,Sanitary Revit Family,.rfa,MEP,DIG,13,14/08/2026,21/08/2026,28/08/2026,04/09/2026,DCMvn_SAN_TIDP_Rev 05.xlsx,TIDP 410_Rev 04
410_PX_StainlessSteelBoxGutters_Horizontal_Coupling.rfa,410_PX,SAN,Sanitary Revit Family,.rfa,MEP,DIG,12,07/08/2026,14/08/2026,21/08/2026,28/08/2026,DCMvn_SAN_TIDP_Rev 05.xlsx,TIDP 410_Rev 04
410_PX_SumpPit_NoSystem.rfa,410_PX,SAN,Sanitary Revit Family,.rfa,MEP,DIG,13,14/08/2026,21/08/2026,28/08/2026,04/09/2026,DCMvn_SAN_TIDP_Rev 05.xlsx,TIDP 410_Rev 04
410_PX_TapWithMaleHose_Threaded_DN15.rfa,410_PX,SAN,Sanitary Revit Family,.rfa,MEP,DIG,13,14/08/2026,21/08/2026,28/08/2026,04/09/2026,DCMvn_SAN_TIDP_Rev 05.xlsx,TIDP 410_Rev 04
410_PX_WaterTap.rfa,410_PX,SAN,Sanitary Revit Family,.rfa,MEP,DIG,13,14/08/2026,21/08/2026,28/08/2026,04/09/2026,DCMvn_SAN_TIDP_Rev 05.xlsx,TIDP 410_Rev 04
410_SE_Conlit150U_NoSystem.rfa,410_SE,SAN,Sanitary Revit Family,.rfa,MEP,DIG,13,14/08/2026,21/08/2026,28/08/2026,04/09/2026,DCMvn_SAN_TIDP_Rev 05.xlsx,TIDP 410_Rev 04
410_SE_ConlitFireProtectionSleeve_NoSystem.rfa,410_SE,SAN,Sanitary Revit Family,.rfa,MEP,DIG,13,14/08/2026,21/08/2026,28/08/2026,04/09/2026,DCMvn_SAN_TIDP_Rev 05.xlsx,TIDP 410_Rev 04
410_SE_CoverBox.rfa,410_SE,SAN,Sanitary Revit Family,.rfa,MEP,DIG,13,14/08/2026,21/08/2026,28/08/2026,04/09/2026,DCMvn_SAN_TIDP_Rev 05.xlsx,TIDP 410_Rev 04
410_SE_FireCollar_Horizontal.rfa,410_SE,SAN,Sanitary Revit Family,.rfa,MEP,DIG,4,12/06/2026,19/06/2026,25/06/2026,03/07/2026,DCMvn_SAN_TIDP_Rev 05.xlsx,TIDP 410_Rev 04
410_SE_FireCollar_Vertical.rfa,410_SE,SAN,Sanitary Revit Family,.rfa,MEP,DIG,4,12/06/2026,19/06/2026,25/06/2026,03/07/2026,DCMvn_SAN_TIDP_Rev 05.xlsx,TIDP 410_Rev 04
473_EF_BathroomCallUnit_PullCord.rfa,473_EF,SPR_MED,473_EF_BathroomCallUnit_PullCord,.rfa,MEP,DIG,,10/07/2026,17/07/2026,31/07/2026,07/08/2026,DCMvn_SPR MED_TIDP_REV04.xlsx,TIDP 473 & 474
473_EF_BathroomCallUnit_PushButton.rfa,473_EF,SPR_MED,473_EF_BathroomCallUnit_PushButton,.rfa,MEP,DIG,,10/07/2026,17/07/2026,31/07/2026,07/08/2026,DCMvn_SPR MED_TIDP_REV04.xlsx,TIDP 473 & 474
473_EF_BiomedicalCallPlugandSocket.rfa,473_EF,SPR_MED,473_EF_BiomedicalCallPlugandSocket,.rfa,MEP,DIG,,10/07/2026,17/07/2026,31/07/2026,07/08/2026,DCMvn_SPR MED_TIDP_REV04.xlsx,TIDP 473 & 474
473_EF_CallDisplayUnit.rfa,473_EF,SPR_MED,473_EF_CallDisplayUnit,.rfa,MEP,DIG,,10/07/2026,17/07/2026,31/07/2026,07/08/2026,DCMvn_SPR MED_TIDP_REV04.xlsx,TIDP 473 & 474
473_EF_CallTranferUnitForCorridors.rfa,473_EF,SPR_MED,473_EF_CallTranferUnitForCorridors,.rfa,MEP,DIG,,10/07/2026,17/07/2026,31/07/2026,07/08/2026,DCMvn_SPR MED_TIDP_REV04.xlsx,TIDP 473 & 474
473_EF_DoorUnit.rfa,473_EF,SPR_MED,473_EF_DoorUnit,.rfa,MEP,DIG,,10/07/2026,17/07/2026,31/07/2026,07/08/2026,DCMvn_SPR MED_TIDP_REV04.xlsx,TIDP 473 & 474
473_EF_ElectronicBuzzer_WallSurface.rfa,473_EF,SPR_MED,473_EF_ElectronicBuzzer_WallSurface,.rfa,MEP,DIG,,10/07/2026,17/07/2026,31/07/2026,07/08/2026,DCMvn_SPR MED_TIDP_REV04.xlsx,TIDP 473 & 474
473_EF_RemoteControlModules.rfa,473_EF,SPR_MED,473_EF_RemoteControlModules,.rfa,MEP,DIG,,10/07/2026,17/07/2026,31/07/2026,07/08/2026,DCMvn_SPR MED_TIDP_REV04.xlsx,TIDP 473 & 474
473_EF_SocketForCordedPushButton_WallSurface.rfa,473_EF,SPR_MED,473_EF_SocketForCordedPushButton_WallSurface,.rfa,MEP,DIG,,10/07/2026,17/07/2026,31/07/2026,07/08/2026,DCMvn_SPR MED_TIDP_REV04.xlsx,TIDP 473 & 474
473_EF_SocketforHandPushButton.rfa,473_EF,SPR_MED,473_EF_SocketforHandPushButton,.rfa,MEP,DIG,,10/07/2026,17/07/2026,31/07/2026,07/08/2026,DCMvn_SPR MED_TIDP_REV04.xlsx,TIDP 473 & 474
473_EF_TableControlUnit.rfa,473_EF,SPR_MED,473_EF_TableControlUnit,.rfa,MEP,DIG,,10/07/2026,17/07/2026,31/07/2026,07/08/2026,DCMvn_SPR MED_TIDP_REV04.xlsx,TIDP 473 & 474
473_ME_ActivatedCarbonTower.rfa,473_ME,SPR_MED,473_ME_ActivatedCarbonTower,.rfa,MEP,DIG,,31/07/2026,07/08/2026,21/08/2026,28/08/2026,DCMvn_SPR MED_TIDP_REV04.xlsx,TIDP 473 & 474
473_ME_AirDryer.rfa,473_ME,SPR_MED,473_ME_AirDryer,.rfa,MEP,DIG,,31/07/2026,07/08/2026,21/08/2026,28/08/2026,DCMvn_SPR MED_TIDP_REV04.xlsx,TIDP 473 & 474
473_ME_AirDryer_Vertical.rfa,473_ME,SPR_MED,473_ME_AirDryer_Vertical,.rfa,MEP,DIG,,31/07/2026,07/08/2026,21/08/2026,28/08/2026,DCMvn_SPR MED_TIDP_REV04.xlsx,TIDP 473 & 474
473_ME_AirPurifiers.rfa,473_ME,SPR_MED,473_ME_AirPurifiers,.rfa,MEP,DIG,,31/07/2026,07/08/2026,21/08/2026,28/08/2026,DCMvn_SPR MED_TIDP_REV04.xlsx,TIDP 473 & 474
473_ME_AirReceiverTank.rfa,473_ME,SPR_MED,473_ME_AirReceiverTank,.rfa,MEP,DIG,,31/07/2026,07/08/2026,21/08/2026,28/08/2026,DCMvn_SPR MED_TIDP_REV04.xlsx,TIDP 473 & 474
473_ME_AreaAlarmPanel.rfa,473_ME,SPR_MED,473_ME_AreaAlarmPanel,.rfa,MEP,DIG,,31/07/2026,07/08/2026,21/08/2026,28/08/2026,DCMvn_SPR MED_TIDP_REV04.xlsx,TIDP 473 & 474
473_ME_AutomatedH2O2AirlockAccessible.rfa,473_ME,SPR_MED,473_ME_AutomatedH2O2AirlockAccessible,.rfa,MEP,DIG,,31/07/2026,07/08/2026,21/08/2026,28/08/2026,DCMvn_SPR MED_TIDP_REV04.xlsx,TIDP 473 & 474
473_ME_BHU_DK2014.rfa,473_ME,SPR_MED,473_ME_BHU_DK2014,.rfa,MEP,DIG,,31/07/2026,07/08/2026,21/08/2026,28/08/2026,DCMvn_SPR MED_TIDP_REV04.xlsx,TIDP 473 & 474
473_ME_BHU_DK2014M.rfa,473_ME,SPR_MED,473_ME_BHU_DK2014M,.rfa,MEP,DIG,,31/07/2026,07/08/2026,21/08/2026,28/08/2026,DCMvn_SPR MED_TIDP_REV04.xlsx,TIDP 473 & 474
473_ME_BHU_HY2017.rfa,473_ME,SPR_MED,473_ME_BHU_HY2017,.rfa,MEP,DIG,,31/07/2026,07/08/2026,21/08/2026,28/08/2026,DCMvn_SPR MED_TIDP_REV04.xlsx,TIDP 473 & 474
473_ME_BHU_HY2017D.rfa,473_ME,SPR_MED,473_ME_BHU_HY2017D,.rfa,MEP,DIG,,31/07/2026,07/08/2026,21/08/2026,28/08/2026,DCMvn_SPR MED_TIDP_REV04.xlsx,TIDP 473 & 474
473_ME_BHU_HY2017DS.rfa,473_ME,SPR_MED,473_ME_BHU_HY2017DS,.rfa,MEP,DIG,,31/07/2026,07/08/2026,21/08/2026,28/08/2026,DCMvn_SPR MED_TIDP_REV04.xlsx,TIDP 473 & 474
473_ME_BHU_SC2015.rfa,473_ME,SPR_MED,473_ME_BHU_SC2015,.rfa,MEP,DIG,,31/07/2026,07/08/2026,21/08/2026,28/08/2026,DCMvn_SPR MED_TIDP_REV04.xlsx,TIDP 473 & 474
473_ME_BHU_Vertical.rfa,473_ME,SPR_MED,473_ME_BHU_Vertical,.rfa,MEP,DIG,,31/07/2026,07/08/2026,21/08/2026,28/08/2026,DCMvn_SPR MED_TIDP_REV04.xlsx,TIDP 473 & 474
473_ME_BottleFillingPlant.rfa,473_ME,SPR_MED,473_ME_BottleFillingPlant,.rfa,MEP,DIG,,31/07/2026,07/08/2026,21/08/2026,28/08/2026,DCMvn_SPR MED_TIDP_REV04.xlsx,TIDP 473 & 474
473_ME_CompactH2O2DecontaminationAirlock.rfa,473_ME,SPR_MED,473_ME_CompactH2O2DecontaminationAirlock,.rfa,MEP,DIG,,31/07/2026,07/08/2026,21/08/2026,28/08/2026,DCMvn_SPR MED_TIDP_REV04.xlsx,TIDP 473 & 474
473_ME_CylinderTank_NoSystem.rfa,473_ME,SPR_MED,473_ME_CylinderTank_NoSystem,.rfa,MEP,DIG,,31/07/2026,07/08/2026,21/08/2026,28/08/2026,DCMvn_SPR MED_TIDP_REV04.xlsx,TIDP 473 & 474
473_ME_DesiccantAdsorptionCompressedAirDryers.rfa,473_ME,SPR_MED,473_ME_DesiccantAdsorptionCompressedAirDryers,.rfa,MEP,DIG,,31/07/2026,07/08/2026,21/08/2026,28/08/2026,DCMvn_SPR MED_TIDP_REV04.xlsx,TIDP 473 & 474
473_ME_DryVacuumPump.rfa,473_ME,SPR_MED,473_ME_DryVacuumPump,.rfa,MEP,DIG,,31/07/2026,07/08/2026,21/08/2026,28/08/2026,DCMvn_SPR MED_TIDP_REV04.xlsx,TIDP 473 & 474
473_ME_ExternalHeatRecoveryUnits.rfa,473_ME,SPR_MED,473_ME_ExternalHeatRecoveryUnits,.rfa,MEP,DIG,,07/08/2026,14/08/2026,28/08/2026,04/09/2026,DCMvn_SPR MED_TIDP_REV04.xlsx,TIDP 473 & 474
473_ME_HeatlessRegenerationAdsorptionDryers.rfa,473_ME,SPR_MED,473_ME_HeatlessRegenerationAdsorptionDryers,.rfa,MEP,DIG,,07/08/2026,14/08/2026,28/08/2026,04/09/2026,DCMvn_SPR MED_TIDP_REV04.xlsx,TIDP 473 & 474
473_ME_HeatlessRegenerationAdsorptionDryers_ActivatedCarbonTower.rfa,473_ME,SPR_MED,473_ME_HeatlessRegenerationAdsorptionDryers_ActivatedCarbonTower,.rfa,MEP,DIG,,07/08/2026,14/08/2026,28/08/2026,04/09/2026,DCMvn_SPR MED_TIDP_REV04.xlsx,TIDP 473 & 474
473_ME_HeatRegenerationAdsorptionDryers.rfa,473_ME,SPR_MED,473_ME_HeatRegenerationAdsorptionDryers,.rfa,MEP,DIG,,07/08/2026,14/08/2026,28/08/2026,04/09/2026,DCMvn_SPR MED_TIDP_REV04.xlsx,TIDP 473 & 474
473_ME_ICU_Eurocare.rfa,473_ME,SPR_MED,473_ME_ICU_Eurocare,.rfa,MEP,DIG,,07/08/2026,14/08/2026,28/08/2026,04/09/2026,DCMvn_SPR MED_TIDP_REV04.xlsx,TIDP 473 & 474
473_ME_ICU_EurocareD.rfa,473_ME,SPR_MED,473_ME_ICU_EurocareD,.rfa,MEP,DIG,,07/08/2026,14/08/2026,28/08/2026,04/09/2026,DCMvn_SPR MED_TIDP_REV04.xlsx,TIDP 473 & 474
473_ME_ICU_SMICare.rfa,473_ME,SPR_MED,473_ME_ICU_SMICare,.rfa,MEP,DIG,,07/08/2026,14/08/2026,28/08/2026,04/09/2026,DCMvn_SPR MED_TIDP_REV04.xlsx,TIDP 473 & 474
473_ME_ICU_SMICAREDS.rfa,473_ME,SPR_MED,473_ME_ICU_SMICAREDS,.rfa,MEP,DIG,,07/08/2026,14/08/2026,28/08/2026,04/09/2026,DCMvn_SPR MED_TIDP_REV04.xlsx,TIDP 473 & 474
473_ME_IntensiveCareUnits_WallMounted_SMICAREDS.rfa,473_ME,SPR_MED,473_ME_IntensiveCareUnits_WallMounted_SMICAREDS,.rfa,MEP,DIG,,07/08/2026,14/08/2026,28/08/2026,04/09/2026,DCMvn_SPR MED_TIDP_REV04.xlsx,TIDP 473 & 474
473_ME_IntensiveCareUnits_WallMounted_SMICareHD.rfa,473_ME,SPR_MED,473_ME_IntensiveCareUnits_WallMounted_SMICareHD,.rfa,MEP,DIG,,07/08/2026,14/08/2026,28/08/2026,04/09/2026,DCMvn_SPR MED_TIDP_REV04.xlsx,TIDP 473 & 474
473_ME_MedicalAirCompressors_FloorMounted.rfa,473_ME,SPR_MED,473_ME_MedicalAirCompressors_FloorMounted,.rfa,MEP,DIG,,07/08/2026,14/08/2026,28/08/2026,04/09/2026,DCMvn_SPR MED_TIDP_REV04.xlsx,TIDP 473 & 474
473_ME_MedicalAirCompressors_TankMounted.rfa,473_ME,SPR_MED,473_ME_MedicalAirCompressors_TankMounted,.rfa,MEP,DIG,,07/08/2026,14/08/2026,28/08/2026,04/09/2026,DCMvn_SPR MED_TIDP_REV04.xlsx,TIDP 473 & 474
473_ME_NitrogenGenerators.rfa,473_ME,SPR_MED,473_ME_NitrogenGenerators,.rfa,MEP,DIG,,07/08/2026,14/08/2026,28/08/2026,04/09/2026,DCMvn_SPR MED_TIDP_REV04.xlsx,TIDP 473 & 474
473_ME_OxygenGenerators.rfa,473_ME,SPR_MED,473_ME_OxygenGenerators,.rfa,MEP,DIG,,07/08/2026,14/08/2026,28/08/2026,04/09/2026,DCMvn_SPR MED_TIDP_REV04.xlsx,TIDP 473 & 474
473_ME_RefrigerationAirDryer_Flanged.rfa,473_ME,SPR_MED,473_ME_RefrigerationAirDryer_Flanged,.rfa,MEP,DIG,,07/08/2026,14/08/2026,28/08/2026,04/09/2026,DCMvn_SPR MED_TIDP_REV04.xlsx,TIDP 473 & 474
473_ME_RefrigerationAirDryer_Threaded.rfa,473_ME,SPR_MED,473_ME_RefrigerationAirDryer_Threaded,.rfa,MEP,DIG,,07/08/2026,14/08/2026,28/08/2026,04/09/2026,DCMvn_SPR MED_TIDP_REV04.xlsx,TIDP 473 & 474
473_ME_VacuumPump.rfa,473_ME,SPR_MED,473_ME_VacuumPump,.rfa,MEP,DIG,,07/08/2026,14/08/2026,28/08/2026,04/09/2026,DCMvn_SPR MED_TIDP_REV04.xlsx,TIDP 473 & 474
473_ME_ZoneWallUnit_CZ200.rfa,473_ME,SPR_MED,473_ME_ZoneWallUnit_CZ200,.rfa,MEP,DIG,,07/08/2026,14/08/2026,28/08/2026,04/09/2026,DCMvn_SPR MED_TIDP_REV04.xlsx,TIDP 473 & 474
473_ME_ZoneWallUnit_HST100.rfa,473_ME,SPR_MED,473_ME_ZoneWallUnit_HST100,.rfa,MEP,DIG,,07/08/2026,14/08/2026,28/08/2026,04/09/2026,DCMvn_SPR MED_TIDP_REV04.xlsx,TIDP 473 & 474
473_ME_ZoneWallUnit_HST200.rfa,473_ME,SPR_MED,473_ME_ZoneWallUnit_HST200,.rfa,MEP,DIG,,07/08/2026,14/08/2026,28/08/2026,04/09/2026,DCMvn_SPR MED_TIDP_REV04.xlsx,TIDP 473 & 474
473_PA_3WayMotorControlValve_Threaded.rfa,473_PA,SPR_MED,473_PA_3WayMotorControlValve_Threaded,.rfa,MEP,DIG,,10/07/2026,17/07/2026,31/07/2026,07/08/2026,DCMvn_SPR MED_TIDP_REV04.xlsx,TIDP 473 & 474
473_PA_AGSSOutletType1L.rfa,473_PA,SPR_MED,473_PA_AGSSOutletType1L,.rfa,MEP,DIG,,10/07/2026,17/07/2026,31/07/2026,07/08/2026,DCMvn_SPR MED_TIDP_REV04.xlsx,TIDP 473 & 474
473_PA_AirHeader_10Connection.rfa,473_PA,SPR_MED,473_PA_AirHeader_10Connection,.rfa,MEP,DIG,,10/07/2026,17/07/2026,31/07/2026,07/08/2026,DCMvn_SPR MED_TIDP_REV04.xlsx,TIDP 473 & 474
473_PA_AirHeader_12Connection.rfa,473_PA,SPR_MED,473_PA_AirHeader_12Connection,.rfa,MEP,DIG,,10/07/2026,17/07/2026,31/07/2026,07/08/2026,DCMvn_SPR MED_TIDP_REV04.xlsx,TIDP 473 & 474
473_PA_AirHeader_14Connection.rfa,473_PA,SPR_MED,473_PA_AirHeader_14Connection,.rfa,MEP,DIG,,10/07/2026,17/07/2026,31/07/2026,07/08/2026,DCMvn_SPR MED_TIDP_REV04.xlsx,TIDP 473 & 474
473_PA_AirHeader_16Connection.rfa,473_PA,SPR_MED,473_PA_AirHeader_16Connection,.rfa,MEP,DIG,,10/07/2026,17/07/2026,31/07/2026,07/08/2026,DCMvn_SPR MED_TIDP_REV04.xlsx,TIDP 473 & 474
473_PA_AirHeader_18Connection.rfa,473_PA,SPR_MED,473_PA_AirHeader_18Connection,.rfa,MEP,DIG,,17/07/2026,24/07/2026,07/08/2026,14/08/2026,DCMvn_SPR MED_TIDP_REV04.xlsx,TIDP 473 & 474
473_PA_AirHeader_8Connection.rfa,473_PA,SPR_MED,473_PA_AirHeader_8Connection,.rfa,MEP,DIG,,10/07/2026,17/07/2026,31/07/2026,07/08/2026,DCMvn_SPR MED_TIDP_REV04.xlsx,TIDP 473 & 474
473_PA_AirPressureRegulator_Mapress.rfa,473_PA,SPR_MED,473_PA_AirPressureRegulator_Mapress,.rfa,MEP,DIG,,17/07/2026,24/07/2026,07/08/2026,14/08/2026,DCMvn_SPR MED_TIDP_REV04.xlsx,TIDP 473 & 474
473_PA_AirRegulatorValve_Threaded.rfa,473_PA,SPR_MED,473_PA_AirRegulatorValve_Threaded,.rfa,MEP,DIG,,17/07/2026,24/07/2026,07/08/2026,14/08/2026,DCMvn_SPR MED_TIDP_REV04.xlsx,TIDP 473 & 474
473_PA_AirVentingFilters_Standard.rfa,473_PA,SPR_MED,473_PA_AirVentingFilters_Standard,.rfa,MEP,DIG,,17/07/2026,24/07/2026,07/08/2026,14/08/2026,DCMvn_SPR MED_TIDP_REV04.xlsx,TIDP 473 & 474
473_PA_AutoDrainValve_FloatType_Threaded.rfa,473_PA,SPR_MED,473_PA_AutoDrainValve_FloatType_Threaded,.rfa,MEP,DIG,,17/07/2026,24/07/2026,07/08/2026,14/08/2026,DCMvn_SPR MED_TIDP_REV04.xlsx,TIDP 473 & 474
473_PA_AutomaticMechanicalCondensateDrain.rfa,473_PA,SPR_MED,473_PA_AutomaticMechanicalCondensateDrain,.rfa,MEP,DIG,,17/07/2026,24/07/2026,07/08/2026,14/08/2026,DCMvn_SPR MED_TIDP_REV04.xlsx,TIDP 473 & 474
473_PA_BallValve_Threaded.rfa,473_PA,SPR_MED,473_PA_BallValve_Threaded,.rfa,MEP,DIG,,17/07/2026,24/07/2026,07/08/2026,14/08/2026,DCMvn_SPR MED_TIDP_REV04.xlsx,TIDP 473 & 474
473_PA_BR_3WayMotorControlValve_Threaded.rfa,473_PA,SPR_MED,473_PA_BR_3WayMotorControlValve_Threaded,.rfa,MEP,DIG,,17/07/2026,24/07/2026,07/08/2026,14/08/2026,DCMvn_SPR MED_TIDP_REV04.xlsx,TIDP 473 & 474
473_PA_BR_3WayValveDN15toDN50_Threaded.rfa,473_PA,SPR_MED,473_PA_BR_3WayValveDN15toDN50_Threaded,.rfa,MEP,DIG,,17/07/2026,24/07/2026,07/08/2026,14/08/2026,DCMvn_SPR MED_TIDP_REV04.xlsx,TIDP 473 & 474
473_PA_BR_AirReliefValve_Threaded.rfa,473_PA,SPR_MED,473_PA_BR_AirReliefValve_Threaded,.rfa,MEP,DIG,,17/07/2026,24/07/2026,07/08/2026,14/08/2026,DCMvn_SPR MED_TIDP_REV04.xlsx,TIDP 473 & 474
473_PA_Brass_CheckValve_Threaded.rfa,473_PA,SPR_MED,473_PA_Brass_CheckValve_Threaded,.rfa,MEP,DIG,,17/07/2026,24/07/2026,07/08/2026,14/08/2026,DCMvn_SPR MED_TIDP_REV04.xlsx,TIDP 473 & 474
473_PA_ClampedStraightSightGlass.rfa,473_PA,SPR_MED,473_PA_ClampedStraightSightGlass,.rfa,MEP,DIG,,17/07/2026,24/07/2026,07/08/2026,14/08/2026,DCMvn_SPR MED_TIDP_REV04.xlsx,TIDP 473 & 474
473_PA_CompressedAirFilters_DDp.rfa,473_PA,SPR_MED,473_PA_CompressedAirFilters_DDp,.rfa,MEP,DIG,,17/07/2026,24/07/2026,07/08/2026,14/08/2026,DCMvn_SPR MED_TIDP_REV04.xlsx,TIDP 473 & 474
473_PA_CompressedAirFilters_QDT.rfa,473_PA,SPR_MED,473_PA_CompressedAirFilters_QDT,.rfa,MEP,DIG,,17/07/2026,24/07/2026,07/08/2026,14/08/2026,DCMvn_SPR MED_TIDP_REV04.xlsx,TIDP 473 & 474
473_PA_CondensateDistributor12Branch_WOSCD.rfa,473_PA,SPR_MED,473_PA_CondensateDistributor12Branch_WOSCD,.rfa,MEP,DIG,,17/07/2026,24/07/2026,07/08/2026,14/08/2026,DCMvn_SPR MED_TIDP_REV04.xlsx,TIDP 473 & 474
473_PA_CondensateDistributor2Branch_WOSCD.rfa,473_PA,SPR_MED,473_PA_CondensateDistributor2Branch_WOSCD,.rfa,MEP,DIG,,17/07/2026,24/07/2026,07/08/2026,14/08/2026,DCMvn_SPR MED_TIDP_REV04.xlsx,TIDP 473 & 474
473_PA_CondensateDistributor4Branch_WOSCD.rfa,473_PA,SPR_MED,473_PA_CondensateDistributor4Branch_WOSCD,.rfa,MEP,DIG,,17/07/2026,24/07/2026,07/08/2026,14/08/2026,DCMvn_SPR MED_TIDP_REV04.xlsx,TIDP 473 & 474
473_PA_CondensateDistributor8Branch_WOSCD.rfa,473_PA,SPR_MED,473_PA_CondensateDistributor8Branch_WOSCD,.rfa,MEP,DIG,,17/07/2026,24/07/2026,07/08/2026,14/08/2026,DCMvn_SPR MED_TIDP_REV04.xlsx,TIDP 473 & 474
473_PA_CS_PressureReducingValve_Flanged.rfa,473_PA,SPR_MED,473_PA_CS_PressureReducingValve_Flanged,.rfa,MEP,DIG,,17/07/2026,24/07/2026,07/08/2026,14/08/2026,DCMvn_SPR MED_TIDP_REV04.xlsx,TIDP 473 & 474
473_PA_CycloneSeparator_Standard.rfa,473_PA,SPR_MED,473_PA_CycloneSeparator_Standard,.rfa,MEP,DIG,,17/07/2026,24/07/2026,07/08/2026,14/08/2026,DCMvn_SPR MED_TIDP_REV04.xlsx,TIDP 473 & 474
473_PA_ElectronicCondensateDrain.rfa,473_PA,SPR_MED,473_PA_ElectronicCondensateDrain,.rfa,MEP,DIG,,17/07/2026,24/07/2026,07/08/2026,14/08/2026,DCMvn_SPR MED_TIDP_REV04.xlsx,TIDP 473 & 474
473_PA_ElectronicMotorizedValve.rfa,473_PA,SPR_MED,473_PA_ElectronicMotorizedValve,.rfa,MEP,DIG,,17/07/2026,24/07/2026,07/08/2026,14/08/2026,DCMvn_SPR MED_TIDP_REV04.xlsx,TIDP 473 & 474
473_PA_Filters_Flanged.rfa,473_PA,SPR_MED,473_PA_Filters_Flanged,.rfa,MEP,DIG,,17/07/2026,24/07/2026,07/08/2026,14/08/2026,DCMvn_SPR MED_TIDP_REV04.xlsx,TIDP 473 & 474
473_PA_Filters_Welded.rfa,473_PA,SPR_MED,473_PA_Filters_Welded,.rfa,MEP,DIG,,17/07/2026,24/07/2026,07/08/2026,14/08/2026,DCMvn_SPR MED_TIDP_REV04.xlsx,TIDP 473 & 474
473_PA_GasN2_Outlet.rfa,473_PA,SPR_MED,473_PA_GasN2_Outlet,.rfa,MEP,DIG,,17/07/2026,24/07/2026,07/08/2026,14/08/2026,DCMvn_SPR MED_TIDP_REV04.xlsx,TIDP 473 & 474
473_PA_GasO2Outlet.rfa,473_PA,SPR_MED,473_PA_GasO2Outlet,.rfa,MEP,DIG,,17/07/2026,24/07/2026,07/08/2026,14/08/2026,DCMvn_SPR MED_TIDP_REV04.xlsx,TIDP 473 & 474
473_PA_LineBallValve_LV10_V.rfa,473_PA,SPR_MED,473_PA_LineBallValve_LV10_V,.rfa,MEP,DIG,,17/07/2026,24/07/2026,07/08/2026,14/08/2026,DCMvn_SPR MED_TIDP_REV04.xlsx,TIDP 473 & 474
473_PA_LineBallValve_LV10VF.rfa,473_PA,SPR_MED,473_PA_LineBallValve_LV10VF,.rfa,MEP,DIG,,17/07/2026,24/07/2026,07/08/2026,14/08/2026,DCMvn_SPR MED_TIDP_REV04.xlsx,TIDP 473 & 474
473_PA_LockableLineBallValve_LVL10.rfa,473_PA,SPR_MED,473_PA_LockableLineBallValve_LVL10,.rfa,MEP,DIG,,17/07/2026,24/07/2026,07/08/2026,14/08/2026,DCMvn_SPR MED_TIDP_REV04.xlsx,TIDP 473 & 474
473_PA_LockableLineBallValve_LVL20.rfa,473_PA,SPR_MED,473_PA_LockableLineBallValve_LVL20,.rfa,MEP,DIG,,17/07/2026,24/07/2026,07/08/2026,14/08/2026,DCMvn_SPR MED_TIDP_REV04.xlsx,TIDP 473 & 474
473_PA_LockableLineBallValve_NIST.rfa,473_PA,SPR_MED,473_PA_LockableLineBallValve_NIST,.rfa,MEP,DIG,,17/07/2026,24/07/2026,07/08/2026,14/08/2026,DCMvn_SPR MED_TIDP_REV04.xlsx,TIDP 473 & 474
473_PA_MembraneAirDryers.rfa,473_PA,SPR_MED,473_PA_MembraneAirDryers,.rfa,MEP,DIG,,17/07/2026,24/07/2026,07/08/2026,14/08/2026,DCMvn_SPR MED_TIDP_REV04.xlsx,TIDP 473 & 474
473_PA_MotorizedPneumaticDiaphragmValve_Welded.rfa,473_PA,SPR_MED,473_PA_MotorizedPneumaticDiaphragmValve_Welded,.rfa,MEP,DIG,,24/07/2026,31/07/2026,14/08/2026,21/08/2026,DCMvn_SPR MED_TIDP_REV04.xlsx,TIDP 473 & 474
473_PA_N2OOutlet.rfa,473_PA,SPR_MED,473_PA_N2OOutlet,.rfa,MEP,DIG,,24/07/2026,31/07/2026,14/08/2026,21/08/2026,DCMvn_SPR MED_TIDP_REV04.xlsx,TIDP 473 & 474
473_PA_NRVValve.rfa,473_PA,SPR_MED,473_PA_NRVValve,.rfa,MEP,DIG,,24/07/2026,31/07/2026,14/08/2026,21/08/2026,DCMvn_SPR MED_TIDP_REV04.xlsx,TIDP 473 & 474
473_PA_PlasticBox_Air.rfa,473_PA,SPR_MED,473_PA_PlasticBox_Air,.rfa,MEP,DIG,,24/07/2026,31/07/2026,14/08/2026,21/08/2026,DCMvn_SPR MED_TIDP_REV04.xlsx,TIDP 473 & 474
473_PA_PneumaticButterflyValve_Welded.rfa,473_PA,SPR_MED,473_PA_PneumaticButterflyValve_Welded,.rfa,MEP,DIG,,24/07/2026,31/07/2026,14/08/2026,21/08/2026,DCMvn_SPR MED_TIDP_REV04.xlsx,TIDP 473 & 474
473_PA_PneumaticDiaphragmValveWithAlarm.rfa,473_PA,SPR_MED,473_PA_PneumaticDiaphragmValveWithAlarm,.rfa,MEP,DIG,,24/07/2026,31/07/2026,14/08/2026,21/08/2026,DCMvn_SPR MED_TIDP_REV04.xlsx,TIDP 473 & 474
473_PA_PneumaticManualDiaphragmValve.rfa,473_PA,SPR_MED,473_PA_PneumaticManualDiaphragmValve,.rfa,MEP,DIG,,24/07/2026,31/07/2026,14/08/2026,21/08/2026,DCMvn_SPR MED_TIDP_REV04.xlsx,TIDP 473 & 474
473_PA_PressureGauge_ElectricalContactCodeA.rfa,473_PA,SPR_MED,473_PA_PressureGauge_ElectricalContactCodeA,.rfa,MEP,DIG,,24/07/2026,31/07/2026,14/08/2026,21/08/2026,DCMvn_SPR MED_TIDP_REV04.xlsx,TIDP 473 & 474
473_PA_RectangularPressureRegulator.rfa,473_PA,SPR_MED,473_PA_RectangularPressureRegulator,.rfa,MEP,DIG,,24/07/2026,31/07/2026,14/08/2026,21/08/2026,DCMvn_SPR MED_TIDP_REV04.xlsx,TIDP 473 & 474
473_PA_SafetyValve.rfa,473_PA,SPR_MED,473_PA_SafetyValve,.rfa,MEP,DIG,,24/07/2026,31/07/2026,14/08/2026,21/08/2026,DCMvn_SPR MED_TIDP_REV04.xlsx,TIDP 473 & 474
473_PA_ShutOffValveBox_MultiConnection.rfa,473_PA,SPR_MED,473_PA_ShutOffValveBox_MultiConnection,.rfa,MEP,DIG,,24/07/2026,31/07/2026,14/08/2026,21/08/2026,DCMvn_SPR MED_TIDP_REV04.xlsx,TIDP 473 & 474
473_PA_SingleZone_ValveBox.rfa,473_PA,SPR_MED,473_PA_SingleZone_ValveBox,.rfa,MEP,DIG,,24/07/2026,31/07/2026,14/08/2026,21/08/2026,DCMvn_SPR MED_TIDP_REV04.xlsx,TIDP 473 & 474
473_PA_SS_AirHeader_4Connection.rfa,473_PA,SPR_MED,473_PA_SS_AirHeader_4Connection,.rfa,MEP,DIG,,24/07/2026,31/07/2026,14/08/2026,21/08/2026,DCMvn_SPR MED_TIDP_REV04.xlsx,TIDP 473 & 474
473_PA_SS_AirHeader_6Connection.rfa,473_PA,SPR_MED,473_PA_SS_AirHeader_6Connection,.rfa,MEP,DIG,,24/07/2026,31/07/2026,14/08/2026,21/08/2026,DCMvn_SPR MED_TIDP_REV04.xlsx,TIDP 473 & 474
473_PA_SS_CouplingsFemale_Threaded.rfa,473_PA,SPR_MED,473_PA_SS_CouplingsFemale_Threaded,.rfa,MEP,DIG,,24/07/2026,31/07/2026,14/08/2026,21/08/2026,DCMvn_SPR MED_TIDP_REV04.xlsx,TIDP 473 & 474
473_PA_SS_HighPressureProcessFilters_Welded.rfa,473_PA,SPR_MED,473_PA_SS_HighPressureProcessFilters_Welded,.rfa,MEP,DIG,,24/07/2026,31/07/2026,14/08/2026,21/08/2026,DCMvn_SPR MED_TIDP_REV04.xlsx,TIDP 473 & 474
473_PA_SS_PressureGauge_AnalogueType.rfa,473_PA,SPR_MED,473_PA_SS_PressureGauge_AnalogueType,.rfa,MEP,DIG,,24/07/2026,31/07/2026,14/08/2026,21/08/2026,DCMvn_SPR MED_TIDP_REV04.xlsx,TIDP 473 & 474
473_PA_SS_PressureReducingValve_Flanged.rfa,473_PA,SPR_MED,473_PA_SS_PressureReducingValve_Flanged,.rfa,MEP,DIG,,24/07/2026,31/07/2026,14/08/2026,21/08/2026,DCMvn_SPR MED_TIDP_REV04.xlsx,TIDP 473 & 474
473_PA_SS_WeldedCondensateSeparators.rfa,473_PA,SPR_MED,473_PA_SS_WeldedCondensateSeparators,.rfa,MEP,DIG,,24/07/2026,31/07/2026,14/08/2026,21/08/2026,DCMvn_SPR MED_TIDP_REV04.xlsx,TIDP 473 & 474
473_PA_StainlessSteel1WayValve.rfa,473_PA,SPR_MED,473_PA_StainlessSteel1WayValve,.rfa,MEP,DIG,,24/07/2026,31/07/2026,14/08/2026,21/08/2026,DCMvn_SPR MED_TIDP_REV04.xlsx,TIDP 473 & 474
473_PA_StainlessSteelFlexibleConnection.rfa,473_PA,SPR_MED,473_PA_StainlessSteelFlexibleConnection,.rfa,MEP,DIG,,24/07/2026,31/07/2026,14/08/2026,21/08/2026,DCMvn_SPR MED_TIDP_REV04.xlsx,TIDP 473 & 474
473_PA_SterileFilters_SFSeries_Flanged.rfa,473_PA,SPR_MED,473_PA_SterileFilters_SFSeries_Flanged,.rfa,MEP,DIG,,24/07/2026,31/07/2026,14/08/2026,21/08/2026,DCMvn_SPR MED_TIDP_REV04.xlsx,TIDP 473 & 474
473_PA_VAC_Outlet.rfa,473_PA,SPR_MED,473_PA_VAC_Outlet,.rfa,MEP,DIG,,24/07/2026,31/07/2026,14/08/2026,21/08/2026,DCMvn_SPR MED_TIDP_REV04.xlsx,TIDP 473 & 474
473_PA_WaterOilSeparators_WOS.rfa,473_PA,SPR_MED,473_PA_WaterOilSeparators_WOS,.rfa,MEP,DIG,,24/07/2026,31/07/2026,14/08/2026,21/08/2026,DCMvn_SPR MED_TIDP_REV04.xlsx,TIDP 473 & 474
473_PA_WaterOilSeparators_WOSm.rfa,473_PA,SPR_MED,473_PA_WaterOilSeparators_WOSm,.rfa,MEP,DIG,,31/07/2026,07/08/2026,21/08/2026,28/08/2026,DCMvn_SPR MED_TIDP_REV04.xlsx,TIDP 473 & 474
473_PF_CO_cEndCap_Soldered.rfa,473_PF,SPR_MED,473_PF_CO_cEndCap_Soldered,.rfa,MEP,DIG,,10/07/2026,17/07/2026,31/07/2026,07/08/2026,DCMvn_SPR MED_TIDP_REV04.xlsx,TIDP 473 & 474
473_PF_CO_eElbow180_Soldered.rfa,473_PF,SPR_MED,473_PF_CO_eElbow180_Soldered,.rfa,MEP,DIG,,10/07/2026,17/07/2026,31/07/2026,07/08/2026,DCMvn_SPR MED_TIDP_REV04.xlsx,TIDP 473 & 474
473_PF_CO_eElbow45_FemaleAndFemaleSoldered.rfa,473_PF,SPR_MED,473_PF_CO_eElbow45_FemaleAndFemaleSoldered,.rfa,MEP,DIG,,10/07/2026,17/07/2026,31/07/2026,07/08/2026,DCMvn_SPR MED_TIDP_REV04.xlsx,TIDP 473 & 474
473_PF_CO_eElbow45_MaleAndFemaleSoldered.rfa,473_PF,SPR_MED,473_PF_CO_eElbow45_MaleAndFemaleSoldered,.rfa,MEP,DIG,,10/07/2026,17/07/2026,31/07/2026,07/08/2026,DCMvn_SPR MED_TIDP_REV04.xlsx,TIDP 473 & 474
473_PF_CO_eElbow_Reduce_Soldered.rfa,473_PF,SPR_MED,473_PF_CO_eElbow_Reduce_Soldered,.rfa,MEP,DIG,,10/07/2026,17/07/2026,31/07/2026,07/08/2026,DCMvn_SPR MED_TIDP_REV04.xlsx,TIDP 473 & 474
473_PF_CO_eElbowLongRadiusFF_Soldered.rfa,473_PF,SPR_MED,473_PF_CO_eElbowLongRadiusFF_Soldered,.rfa,MEP,DIG,,10/07/2026,17/07/2026,31/07/2026,07/08/2026,DCMvn_SPR MED_TIDP_REV04.xlsx,TIDP 473 & 474
473_PF_CO_eElbowShortRadiusMF_Soldered.rfa,473_PF,SPR_MED,473_PF_CO_eElbowShortRadiusMF_Soldered,.rfa,MEP,DIG,,10/07/2026,17/07/2026,31/07/2026,07/08/2026,DCMvn_SPR MED_TIDP_REV04.xlsx,TIDP 473 & 474
473_PF_CO_eLongRadius_MFSoldered.rfa,473_PF,SPR_MED,473_PF_CO_eLongRadius_MFSoldered,.rfa,MEP,DIG,,10/07/2026,17/07/2026,31/07/2026,07/08/2026,DCMvn_SPR MED_TIDP_REV04.xlsx,TIDP 473 & 474
473_PF_CO_eLongRadius_Soldered.rfa,473_PF,SPR_MED,473_PF_CO_eLongRadius_Soldered,.rfa,MEP,DIG,,10/07/2026,17/07/2026,31/07/2026,07/08/2026,DCMvn_SPR MED_TIDP_REV04.xlsx,TIDP 473 & 474
473_PF_CO_eOffset_M_F_Soldered.rfa,473_PF,SPR_MED,473_PF_CO_eOffset_M_F_Soldered,.rfa,MEP,DIG,,10/07/2026,17/07/2026,31/07/2026,07/08/2026,DCMvn_SPR MED_TIDP_REV04.xlsx,TIDP 473 & 474
473_PF_CO_eShortRadiusFF_Soldered.rfa,473_PF,SPR_MED,473_PF_CO_eShortRadiusFF_Soldered,.rfa,MEP,DIG,,10/07/2026,17/07/2026,31/07/2026,07/08/2026,DCMvn_SPR MED_TIDP_REV04.xlsx,TIDP 473 & 474
473_PF_CO_rReducerMF_Soldered.rfa,473_PF,SPR_MED,473_PF_CO_rReducerMF_Soldered,.rfa,MEP,DIG,,03/07/2026,10/07/2026,24/07/2026,31/07/2026,DCMvn_SPR MED_TIDP_REV04.xlsx,TIDP 473 & 474
473_PF_CO_tEqualTee_FemaleSoldered.rfa,473_PF,SPR_MED,473_PF_CO_tEqualTee_FemaleSoldered,.rfa,MEP,DIG,,03/07/2026,10/07/2026,24/07/2026,31/07/2026,DCMvn_SPR MED_TIDP_REV04.xlsx,TIDP 473 & 474
473_PF_CO_tTee_Reducing_FemaleSoldered.rfa,473_PF,SPR_MED,473_PF_CO_tTee_Reducing_FemaleSoldered,.rfa,MEP,DIG,,10/07/2026,17/07/2026,31/07/2026,07/08/2026,DCMvn_SPR MED_TIDP_REV04.xlsx,TIDP 473 & 474
473_PF_CO_uCoupling_Soldered.rfa,473_PF,SPR_MED,473_PF_CO_uCoupling_Soldered,.rfa,MEP,DIG,,10/07/2026,17/07/2026,31/07/2026,07/08/2026,DCMvn_SPR MED_TIDP_REV04.xlsx,TIDP 473 & 474
473_PF_CO_uOffsetFF_Soldered.rfa,473_PF,SPR_MED,473_PF_CO_uOffsetFF_Soldered,.rfa,MEP,DIG,,10/07/2026,17/07/2026,31/07/2026,07/08/2026,DCMvn_SPR MED_TIDP_REV04.xlsx,TIDP 473 & 474
473_PF_SS_tTee_Welded.rfa,473_PF,SPR_MED,473_PF_SS_tTee_Welded,.rfa,MEP,DIG,,10/07/2026,17/07/2026,31/07/2026,07/08/2026,DCMvn_SPR MED_TIDP_REV04.xlsx,TIDP 473 & 474
473_PF_SS_uClampConnector.rfa,473_PF,SPR_MED,473_PF_SS_uClampConnector,.rfa,MEP,DIG,,10/07/2026,17/07/2026,31/07/2026,07/08/2026,DCMvn_SPR MED_TIDP_REV04.xlsx,TIDP 473 & 474
473_PF_SS_uClampConnectorWithWeldedConnection.rfa,473_PF,SPR_MED,473_PF_SS_uClampConnectorWithWeldedConnection,.rfa,MEP,DIG,,10/07/2026,17/07/2026,31/07/2026,07/08/2026,DCMvn_SPR MED_TIDP_REV04.xlsx,TIDP 473 & 474
474_ME_AirSamplingPump.rfa,474_ME,SPR_MED,474_ME_AirSamplingPump,.rfa,MEP,DIG,,29/05/2026,05/06/2026,19/06/2026,25/06/2026,DCMvn_SPR MED_TIDP_REV04.xlsx,TIDP 473 & 474
474_ME_AutomaticDryPowderCeilingFireExtinguiser_ABC12kg.rfa,474_ME,SPR_MED,474_ME_AutomaticDryPowderCeilingFireExtinguiser_ABC12kg,.rfa,MEP,DIG,,29/05/2026,05/06/2026,19/06/2026,25/06/2026,DCMvn_SPR MED_TIDP_REV04.xlsx,TIDP 473 & 474
474_ME_AutomaticDryPowderCeilingFireExtinguiser_ABC1kg.rfa,474_ME,SPR_MED,474_ME_AutomaticDryPowderCeilingFireExtinguiser_ABC1kg,.rfa,MEP,DIG,,29/05/2026,05/06/2026,19/06/2026,25/06/2026,DCMvn_SPR MED_TIDP_REV04.xlsx,TIDP 473 & 474
474_ME_AutomaticDryPowderCeilingFireExtinguiser_ABC3kg.rfa,474_ME,SPR_MED,474_ME_AutomaticDryPowderCeilingFireExtinguiser_ABC3kg,.rfa,MEP,DIG,,29/05/2026,05/06/2026,19/06/2026,25/06/2026,DCMvn_SPR MED_TIDP_REV04.xlsx,TIDP 473 & 474
474_ME_AutomaticDryPowderCeilingFireExtinguiser_ABC6kg.rfa,474_ME,SPR_MED,474_ME_AutomaticDryPowderCeilingFireExtinguiser_ABC6kg,.rfa,MEP,DIG,,29/05/2026,05/06/2026,19/06/2026,25/06/2026,DCMvn_SPR MED_TIDP_REV04.xlsx,TIDP 473 & 474
474_ME_AutomaticDryPowderCeilingFireExtinguiser_HFC14kg.rfa,474_ME,SPR_MED,474_ME_AutomaticDryPowderCeilingFireExtinguiser_HFC14kg,.rfa,MEP,DIG,,29/05/2026,05/06/2026,19/06/2026,25/06/2026,DCMvn_SPR MED_TIDP_REV04.xlsx,TIDP 473 & 474
474_ME_AutomaticDryPowderCeilingFireExtinguiser_HFC4d5kg.rfa,474_ME,SPR_MED,474_ME_AutomaticDryPowderCeilingFireExtinguiser_HFC4d5kg,.rfa,MEP,DIG,,29/05/2026,05/06/2026,19/06/2026,25/06/2026,DCMvn_SPR MED_TIDP_REV04.xlsx,TIDP 473 & 474
474_ME_AutomaticDryPowderCeilingFireExtinguiser_HFC8kg.rfa,474_ME,SPR_MED,474_ME_AutomaticDryPowderCeilingFireExtinguiser_HFC8kg,.rfa,MEP,DIG,,29/05/2026,05/06/2026,19/06/2026,25/06/2026,DCMvn_SPR MED_TIDP_REV04.xlsx,TIDP 473 & 474
474_ME_Cabinet_ExtinguishingWaterSupply.rfa,474_ME,SPR_MED,474_ME_Cabinet_ExtinguishingWaterSupply,.rfa,MEP,DIG,,29/05/2026,05/06/2026,19/06/2026,25/06/2026,DCMvn_SPR MED_TIDP_REV04.xlsx,TIDP 473 & 474
474_ME_Cabinet_ExtinguishingWaterSupplyAndVentilationValve.rfa,474_ME,SPR_MED,474_ME_Cabinet_ExtinguishingWaterSupplyAndVentilationValve,.rfa,MEP,DIG,,29/05/2026,05/06/2026,19/06/2026,25/06/2026,DCMvn_SPR MED_TIDP_REV04.xlsx,TIDP 473 & 474
474_ME_Cabinet_FlushMountedWall.rfa,474_ME,SPR_MED,474_ME_Cabinet_FlushMountedWall,.rfa,MEP,DIG,,29/05/2026,05/06/2026,19/06/2026,25/06/2026,DCMvn_SPR MED_TIDP_REV04.xlsx,TIDP 473 & 474
474_ME_Compressor.rfa,474_ME,SPR_MED,474_ME_Compressor,.rfa,MEP,DIG,,29/05/2026,05/06/2026,19/06/2026,25/06/2026,DCMvn_SPR MED_TIDP_REV04.xlsx,TIDP 473 & 474
474_ME_ControlBox_CO2.rfa,474_ME,SPR_MED,474_ME_ControlBox_CO2,.rfa,MEP,DIG,,29/05/2026,05/06/2026,19/06/2026,25/06/2026,DCMvn_SPR MED_TIDP_REV04.xlsx,TIDP 473 & 474
474_ME_CylinderTank_FM200.rfa,474_ME,SPR_MED,474_ME_CylinderTank_FM200,.rfa,MEP,DIG,,29/05/2026,05/06/2026,19/06/2026,25/06/2026,DCMvn_SPR MED_TIDP_REV04.xlsx,TIDP 473 & 474
474_ME_CylinderWithCylinderValve_CO2.rfa,474_ME,SPR_MED,474_ME_CylinderWithCylinderValve_CO2,.rfa,MEP,DIG,,29/05/2026,05/06/2026,19/06/2026,25/06/2026,DCMvn_SPR MED_TIDP_REV04.xlsx,TIDP 473 & 474
474_ME_DieselPump_FloorSurface_AURORA481.rfa,474_ME,SPR_MED,474_ME_DieselPump_FloorSurface_AURORA481,.rfa,MEP,DIG,,12/06/2026,19/06/2026,03/07/2026,10/07/2026,DCMvn_SPR MED_TIDP_REV04.xlsx,TIDP 473 & 474
474_ME_EndSuctionFirePump.rfa,474_ME,SPR_MED,474_ME_EndSuctionFirePump,.rfa,MEP,DIG,,29/05/2026,05/06/2026,19/06/2026,25/06/2026,DCMvn_SPR MED_TIDP_REV04.xlsx,TIDP 473 & 474
474_ME_FE_AutomaticDryPowerCeiling_HFC17_NoSystem.rfa,474_ME,SPR_MED,474_ME_FE_AutomaticDryPowerCeiling_HFC17_NoSystem,.rfa,MEP,DIG,,29/05/2026,05/06/2026,19/06/2026,25/06/2026,DCMvn_SPR MED_TIDP_REV04.xlsx,TIDP 473 & 474
474_ME_FireExtinguisherCarbonDioxide.rfa,474_ME,SPR_MED,474_ME_FireExtinguisherCarbonDioxide,.rfa,MEP,DIG,,29/05/2026,05/06/2026,19/06/2026,25/06/2026,DCMvn_SPR MED_TIDP_REV04.xlsx,TIDP 473 & 474
474_ME_FireExtinguisherPortable_Foam.rfa,474_ME,SPR_MED,474_ME_FireExtinguisherPortable_Foam,.rfa,MEP,DIG,,29/05/2026,05/06/2026,19/06/2026,25/06/2026,DCMvn_SPR MED_TIDP_REV04.xlsx,TIDP 473 & 474
474_ME_FireExtinguisherPortable_Powder.rfa,474_ME,SPR_MED,474_ME_FireExtinguisherPortable_Powder,.rfa,MEP,DIG,,29/05/2026,05/06/2026,19/06/2026,25/06/2026,DCMvn_SPR MED_TIDP_REV04.xlsx,TIDP 473 & 474
474_ME_FireHoseReel_WallSurface.rfa,474_ME,SPR_MED,474_ME_FireHoseReel_WallSurface,.rfa,MEP,DIG,,29/05/2026,05/06/2026,19/06/2026,25/06/2026,DCMvn_SPR MED_TIDP_REV04.xlsx,TIDP 473 & 474
474_ME_FirePump_Horizontal_SplitCase.rfa,474_ME,SPR_MED,474_ME_FirePump_Horizontal_SplitCase,.rfa,MEP,DIG,,29/05/2026,05/06/2026,19/06/2026,25/06/2026,DCMvn_SPR MED_TIDP_REV04.xlsx,TIDP 473 & 474
474_ME_FireValveBox.rfa,474_ME,SPR_MED,474_ME_FireValveBox,.rfa,MEP,DIG,,29/05/2026,05/06/2026,19/06/2026,25/06/2026,DCMvn_SPR MED_TIDP_REV04.xlsx,TIDP 473 & 474
474_ME_FoamBladderTank_HorizontalType.rfa,474_ME,SPR_MED,474_ME_FoamBladderTank_HorizontalType,.rfa,MEP,DIG,,29/05/2026,05/06/2026,19/06/2026,25/06/2026,DCMvn_SPR MED_TIDP_REV04.xlsx,TIDP 473 & 474
474_ME_FoamBladderTank_VerticalType.rfa,474_ME,SPR_MED,474_ME_FoamBladderTank_VerticalType,.rfa,MEP,DIG,,29/05/2026,05/06/2026,19/06/2026,25/06/2026,DCMvn_SPR MED_TIDP_REV04.xlsx,TIDP 473 & 474
474_ME_FoamPump.rfa,474_ME,SPR_MED,474_ME_FoamPump,.rfa,MEP,DIG,,29/05/2026,05/06/2026,19/06/2026,25/06/2026,DCMvn_SPR MED_TIDP_REV04.xlsx,TIDP 473 & 474
474_ME_HorizontalPresssureTank.rfa,474_ME,SPR_MED,474_ME_HorizontalPresssureTank,.rfa,MEP,DIG,,29/05/2026,05/06/2026,19/06/2026,25/06/2026,DCMvn_SPR MED_TIDP_REV04.xlsx,TIDP 473 & 474
474_ME_JockeyPump.rfa,474_ME,SPR_MED,474_ME_JockeyPump,.rfa,MEP,DIG,,29/05/2026,05/06/2026,19/06/2026,25/06/2026,DCMvn_SPR MED_TIDP_REV04.xlsx,TIDP 473 & 474
474_ME_JunctionBox_VESDA.rfa,474_ME,SPR_MED,474_ME_JunctionBox_VESDA,.rfa,MEP,DIG,,29/05/2026,05/06/2026,19/06/2026,25/06/2026,DCMvn_SPR MED_TIDP_REV04.xlsx,TIDP 473 & 474
474_ME_MasterCylinderWithTopValveOfActuator_CO2.rfa,474_ME,SPR_MED,474_ME_MasterCylinderWithTopValveOfActuator_CO2,.rfa,MEP,DIG,,29/05/2026,05/06/2026,19/06/2026,25/06/2026,DCMvn_SPR MED_TIDP_REV04.xlsx,TIDP 473 & 474
474_ME_NitrogenPilotCylinderWithTopValve.rfa,474_ME,SPR_MED,474_ME_NitrogenPilotCylinderWithTopValve,.rfa,MEP,DIG,,29/05/2026,05/06/2026,19/06/2026,25/06/2026,DCMvn_SPR MED_TIDP_REV04.xlsx,TIDP 473 & 474
474_ME_ProtectiveCabinetWithVentilationValve.rfa,474_ME,SPR_MED,474_ME_ProtectiveCabinetWithVentilationValve,.rfa,MEP,DIG,,12/06/2026,19/06/2026,03/07/2026,10/07/2026,DCMvn_SPR MED_TIDP_REV04.xlsx,TIDP 473 & 474
474_ME_ReceiverTank.rfa,474_ME,SPR_MED,474_ME_ReceiverTank,.rfa,MEP,DIG,,12/06/2026,19/06/2026,03/07/2026,10/07/2026,DCMvn_SPR MED_TIDP_REV04.xlsx,TIDP 473 & 474
474_ME_SlaveCylinderWithTopOfValve_CO2.rfa,474_ME,SPR_MED,474_ME_SlaveCylinderWithTopOfValve_CO2,.rfa,MEP,DIG,,29/05/2026,05/06/2026,19/06/2026,25/06/2026,DCMvn_SPR MED_TIDP_REV04.xlsx,TIDP 473 & 474
474_ME_SolventTank.rfa,474_ME,SPR_MED,474_ME_SolventTank,.rfa,MEP,DIG,,29/05/2026,05/06/2026,19/06/2026,25/06/2026,DCMvn_SPR MED_TIDP_REV04.xlsx,TIDP 473 & 474
474_ME_VerticalFirePump.rfa,474_ME,SPR_MED,474_ME_VerticalFirePump,.rfa,MEP,DIG,,29/05/2026,05/06/2026,19/06/2026,25/06/2026,DCMvn_SPR MED_TIDP_REV04.xlsx,TIDP 473 & 474
474_PA_3WayBronzeGlobeValve.rfa,474_PA,SPR_MED,474_PA_3WayBronzeGlobeValve,.rfa,MEP,DIG,,29/05/2026,05/06/2026,19/06/2026,25/06/2026,DCMvn_SPR MED_TIDP_REV04.xlsx,TIDP 473 & 474
474_PA_AerationVentilationValve.rfa,474_PA,SPR_MED,474_PA_AerationVentilationValve,.rfa,MEP,DIG,,29/05/2026,05/06/2026,19/06/2026,25/06/2026,DCMvn_SPR MED_TIDP_REV04.xlsx,TIDP 473 & 474
474_PA_AirMaintenanceCompressorAssembly.rfa,474_PA,SPR_MED,474_PA_AirMaintenanceCompressorAssembly,.rfa,MEP,DIG,,29/05/2026,05/06/2026,19/06/2026,25/06/2026,DCMvn_SPR MED_TIDP_REV04.xlsx,TIDP 473 & 474
474_PA_AirVentValve.rfa,474_PA,SPR_MED,474_PA_AirVentValve,.rfa,MEP,DIG,,12/06/2026,19/06/2026,03/07/2026,10/07/2026,DCMvn_SPR MED_TIDP_REV04.xlsx,TIDP 473 & 474
474_PA_AlarmCheckValve.rfa,474_PA,SPR_MED,474_PA_AlarmCheckValve,.rfa,MEP,DIG,,29/05/2026,05/06/2026,19/06/2026,25/06/2026,DCMvn_SPR MED_TIDP_REV04.xlsx,TIDP 473 & 474
474_PA_AlarmCheckValve_Dry.rfa,474_PA,SPR_MED,474_PA_AlarmCheckValve_Dry,.rfa,MEP,DIG,,12/06/2026,19/06/2026,03/07/2026,10/07/2026,DCMvn_SPR MED_TIDP_REV04.xlsx,TIDP 473 & 474
474_PA_AlarmCheckValve_European.rfa,474_PA,SPR_MED,474_PA_AlarmCheckValve_European,.rfa,MEP,DIG,,12/06/2026,19/06/2026,03/07/2026,10/07/2026,DCMvn_SPR MED_TIDP_REV04.xlsx,TIDP 473 & 474
474_PA_AlarmCheckValve_Preaction.rfa,474_PA,SPR_MED,474_PA_AlarmCheckValve_Preaction,.rfa,MEP,DIG,,12/06/2026,19/06/2026,03/07/2026,10/07/2026,DCMvn_SPR MED_TIDP_REV04.xlsx,TIDP 473 & 474
474_PA_AlarmPressureSwitch.rfa,474_PA,SPR_MED,474_PA_AlarmPressureSwitch,.rfa,MEP,DIG,,29/05/2026,05/06/2026,19/06/2026,25/06/2026,DCMvn_SPR MED_TIDP_REV04.xlsx,TIDP 473 & 474
474_PA_AlarmTestModuleGrooveEnd.rfa,474_PA,SPR_MED,474_PA_AlarmTestModuleGrooveEnd,.rfa,MEP,DIG,,12/06/2026,19/06/2026,03/07/2026,10/07/2026,DCMvn_SPR MED_TIDP_REV04.xlsx,TIDP 473 & 474
474_PA_AlarmTestModulePressureReliefValve_ThreadEnd.rfa,474_PA,SPR_MED,474_PA_AlarmTestModulePressureReliefValve_ThreadEnd,.rfa,MEP,DIG,,12/06/2026,19/06/2026,03/07/2026,10/07/2026,DCMvn_SPR MED_TIDP_REV04.xlsx,TIDP 473 & 474
474_PA_AlarmTestModuleThreadEnd.rfa,474_PA,SPR_MED,474_PA_AlarmTestModuleThreadEnd,.rfa,MEP,DIG,,12/06/2026,19/06/2026,03/07/2026,10/07/2026,DCMvn_SPR MED_TIDP_REV04.xlsx,TIDP 473 & 474
474_PA_AngleHoseValve.rfa,474_PA,SPR_MED,474_PA_AngleHoseValve,.rfa,MEP,DIG,,12/06/2026,19/06/2026,03/07/2026,10/07/2026,DCMvn_SPR MED_TIDP_REV04.xlsx,TIDP 473 & 474
474_PA_AutoConvertAssembly.rfa,474_PA,SPR_MED,474_PA_AutoConvertAssembly,.rfa,MEP,DIG,,12/06/2026,19/06/2026,03/07/2026,10/07/2026,DCMvn_SPR MED_TIDP_REV04.xlsx,TIDP 473 & 474
474_PA_AutoDrainValve_FloatType_Threaded.rfa,474_PA,SPR_MED,474_PA_AutoDrainValve_FloatType_Threaded,.rfa,MEP,DIG,,12/06/2026,19/06/2026,03/07/2026,10/07/2026,DCMvn_SPR MED_TIDP_REV04.xlsx,TIDP 473 & 474
474_PA_AutomaticConcentrateControlValve_Foam.rfa,474_PA,SPR_MED,474_PA_AutomaticConcentrateControlValve_Foam,.rfa,MEP,DIG,,12/06/2026,19/06/2026,03/07/2026,10/07/2026,DCMvn_SPR MED_TIDP_REV04.xlsx,TIDP 473 & 474
474_PA_BallValve.rfa,474_PA,SPR_MED,474_PA_BallValve,.rfa,MEP,DIG,,12/06/2026,19/06/2026,03/07/2026,10/07/2026,DCMvn_SPR MED_TIDP_REV04.xlsx,TIDP 473 & 474
474_PA_BallValves_GrooveAndGroove.rfa,474_PA,SPR_MED,474_PA_BallValves_GrooveAndGroove,.rfa,MEP,DIG,,12/06/2026,19/06/2026,03/07/2026,10/07/2026,DCMvn_SPR MED_TIDP_REV04.xlsx,TIDP 473 & 474
474_PA_BallValvesThreadandThread.rfa,474_PA,SPR_MED,474_PA_BallValvesThreadandThread,.rfa,MEP,DIG,,12/06/2026,19/06/2026,03/07/2026,10/07/2026,DCMvn_SPR MED_TIDP_REV04.xlsx,TIDP 473 & 474
474_PA_BrassBodyBallValves_Threaded.rfa,474_PA,SPR_MED,474_PA_BrassBodyBallValves_Threaded,.rfa,MEP,DIG,,12/06/2026,19/06/2026,03/07/2026,10/07/2026,DCMvn_SPR MED_TIDP_REV04.xlsx,TIDP 473 & 474
474_PA_ButterflyValve.rfa,474_PA,SPR_MED,474_PA_ButterflyValve,.rfa,MEP,DIG,,12/06/2026,19/06/2026,03/07/2026,10/07/2026,DCMvn_SPR MED_TIDP_REV04.xlsx,TIDP 473 & 474
474_PA_ButterflyValveSupervisedOpen.rfa,474_PA,SPR_MED,474_PA_ButterflyValveSupervisedOpen,.rfa,MEP,DIG,,12/06/2026,19/06/2026,03/07/2026,10/07/2026,DCMvn_SPR MED_TIDP_REV04.xlsx,TIDP 473 & 474
474_PA_CheckValve.rfa,474_PA,SPR_MED,474_PA_CheckValve,.rfa,MEP,DIG,,12/06/2026,19/06/2026,03/07/2026,10/07/2026,DCMvn_SPR MED_TIDP_REV04.xlsx,TIDP 473 & 474
474_PA_CheckValveAlternateWetDrySystem.rfa,474_PA,SPR_MED,474_PA_CheckValveAlternateWetDrySystem,.rfa,MEP,DIG,,12/06/2026,19/06/2026,03/07/2026,10/07/2026,DCMvn_SPR MED_TIDP_REV04.xlsx,TIDP 473 & 474
474_PA_CS_BalancingValve_Flanged.rfa,474_PA,SPR_MED,474_PA_CS_BalancingValve_Flanged,.rfa,MEP,DIG,,12/06/2026,19/06/2026,03/07/2026,10/07/2026,DCMvn_SPR MED_TIDP_REV04.xlsx,TIDP 473 & 474
474_PA_CS_YStrainer_Grooved.rfa,474_PA,SPR_MED,474_PA_CS_YStrainer_Grooved,.rfa,MEP,DIG,,12/06/2026,19/06/2026,03/07/2026,10/07/2026,DCMvn_SPR MED_TIDP_REV04.xlsx,TIDP 473 & 474
474_PA_CylinderValve_CO2.rfa,474_PA,SPR_MED,474_PA_CylinderValve_CO2,.rfa,MEP,DIG,,12/06/2026,19/06/2026,03/07/2026,10/07/2026,DCMvn_SPR MED_TIDP_REV04.xlsx,TIDP 473 & 474
474_PA_DelugeValve.rfa,474_PA,SPR_MED,474_PA_DelugeValve,.rfa,MEP,DIG,,12/06/2026,19/06/2026,03/07/2026,10/07/2026,DCMvn_SPR MED_TIDP_REV04.xlsx,TIDP 473 & 474
474_PA_DiaphragmValves.rfa,474_PA,SPR_MED,474_PA_DiaphragmValves,.rfa,MEP,DIG,,12/06/2026,19/06/2026,03/07/2026,10/07/2026,DCMvn_SPR MED_TIDP_REV04.xlsx,TIDP 473 & 474
474_PA_DischargeValve.rfa,474_PA,SPR_MED,474_PA_DischargeValve,.rfa,MEP,DIG,,12/06/2026,19/06/2026,03/07/2026,10/07/2026,DCMvn_SPR MED_TIDP_REV04.xlsx,TIDP 473 & 474
474_PA_DoubleDoorCheckValve.rfa,474_PA,SPR_MED,474_PA_DoubleDoorCheckValve,.rfa,MEP,DIG,,12/06/2026,19/06/2026,03/07/2026,10/07/2026,DCMvn_SPR MED_TIDP_REV04.xlsx,TIDP 473 & 474
474_PA_DryAccelerator.rfa,474_PA,SPR_MED,474_PA_DryAccelerator,.rfa,MEP,DIG,,19/06/2026,25/06/2026,10/07/2026,17/07/2026,DCMvn_SPR MED_TIDP_REV04.xlsx,TIDP 473 & 474
474_PA_DryPilotActuator.rfa,474_PA,SPR_MED,474_PA_DryPilotActuator,.rfa,MEP,DIG,,19/06/2026,25/06/2026,10/07/2026,17/07/2026,DCMvn_SPR MED_TIDP_REV04.xlsx,TIDP 473 & 474
474_PA_DuplexPressureGauges.rfa,474_PA,SPR_MED,474_PA_DuplexPressureGauges,.rfa,MEP,DIG,,19/06/2026,25/06/2026,10/07/2026,17/07/2026,DCMvn_SPR MED_TIDP_REV04.xlsx,TIDP 473 & 474
474_PA_FireHoseAngleValveWithCap.rfa,474_PA,SPR_MED,474_PA_FireHoseAngleValveWithCap,.rfa,MEP,DIG,,19/06/2026,25/06/2026,10/07/2026,17/07/2026,DCMvn_SPR MED_TIDP_REV04.xlsx,TIDP 473 & 474
474_PA_FireLockAlarmCheckValve.rfa,474_PA,SPR_MED,474_PA_FireLockAlarmCheckValve,.rfa,MEP,DIG,,19/06/2026,25/06/2026,10/07/2026,17/07/2026,DCMvn_SPR MED_TIDP_REV04.xlsx,TIDP 473 & 474
474_PA_FireLockBallValve.rfa,474_PA,SPR_MED,474_PA_FireLockBallValve,.rfa,MEP,DIG,,19/06/2026,25/06/2026,10/07/2026,17/07/2026,DCMvn_SPR MED_TIDP_REV04.xlsx,TIDP 473 & 474
474_PA_FlexibleMetalHose.rfa,474_PA,SPR_MED,474_PA_FlexibleMetalHose,.rfa,MEP,DIG,,19/06/2026,25/06/2026,10/07/2026,17/07/2026,DCMvn_SPR MED_TIDP_REV04.xlsx,TIDP 473 & 474
474_PA_FlowTestMeter_Flange.rfa,474_PA,SPR_MED,474_PA_FlowTestMeter_Flange,.rfa,MEP,DIG,,19/06/2026,25/06/2026,10/07/2026,17/07/2026,DCMvn_SPR MED_TIDP_REV04.xlsx,TIDP 473 & 474
474_PA_Flushing_Connection.rfa,474_PA,SPR_MED,474_PA_Flushing_Connection,.rfa,MEP,DIG,,19/06/2026,25/06/2026,10/07/2026,17/07/2026,DCMvn_SPR MED_TIDP_REV04.xlsx,TIDP 473 & 474
474_PA_FM200_ActuatorBox.rfa,474_PA,SPR_MED,474_PA_FM200_ActuatorBox,.rfa,MEP,DIG,,19/06/2026,25/06/2026,10/07/2026,17/07/2026,DCMvn_SPR MED_TIDP_REV04.xlsx,TIDP 473 & 474
474_PA_FM200_DischagePressureSwitch.rfa,474_PA,SPR_MED,474_PA_FM200_DischagePressureSwitch,.rfa,MEP,DIG,,19/06/2026,25/06/2026,10/07/2026,17/07/2026,DCMvn_SPR MED_TIDP_REV04.xlsx,TIDP 473 & 474
474_PA_FM200_SectorValve_Flanged.rfa,474_PA,SPR_MED,474_PA_FM200_SectorValve_Flanged,.rfa,MEP,DIG,,19/06/2026,25/06/2026,10/07/2026,17/07/2026,DCMvn_SPR MED_TIDP_REV04.xlsx,TIDP 473 & 474
474_PA_FM200_SectorValve_Threaded.rfa,474_PA,SPR_MED,474_PA_FM200_SectorValve_Threaded,.rfa,MEP,DIG,,19/06/2026,25/06/2026,10/07/2026,17/07/2026,DCMvn_SPR MED_TIDP_REV04.xlsx,TIDP 473 & 474
474_PA_FM200_SolenoidValve.rfa,474_PA,SPR_MED,474_PA_FM200_SolenoidValve,.rfa,MEP,DIG,,25/06/2026,03/07/2026,17/07/2026,24/07/2026,DCMvn_SPR MED_TIDP_REV04.xlsx,TIDP 473 & 474
474_PA_Foam_AutomaticControlValve_Flanged.rfa,474_PA,SPR_MED,474_PA_Foam_AutomaticControlValve_Flanged,.rfa,MEP,DIG,,25/06/2026,03/07/2026,17/07/2026,24/07/2026,DCMvn_SPR MED_TIDP_REV04.xlsx,TIDP 473 & 474
474_PA_Foam_DuctileIron_DelugeValve_AngleStype.rfa,474_PA,SPR_MED,474_PA_Foam_DuctileIron_DelugeValve_AngleStype,.rfa,MEP,DIG,,25/06/2026,03/07/2026,17/07/2026,24/07/2026,DCMvn_SPR MED_TIDP_REV04.xlsx,TIDP 473 & 474
474_PA_Foam_InLineBalancedPressureProportioners.rfa,474_PA,SPR_MED,474_PA_Foam_InLineBalancedPressureProportioners,.rfa,MEP,DIG,,25/06/2026,03/07/2026,17/07/2026,24/07/2026,DCMvn_SPR MED_TIDP_REV04.xlsx,TIDP 473 & 474
474_PA_FoamLineProportioner.rfa,474_PA,SPR_MED,474_PA_FoamLineProportioner,.rfa,MEP,DIG,,25/06/2026,03/07/2026,17/07/2026,24/07/2026,DCMvn_SPR MED_TIDP_REV04.xlsx,TIDP 473 & 474
474_PA_FootValve.rfa,474_PA,SPR_MED,474_PA_FootValve,.rfa,MEP,DIG,,25/06/2026,03/07/2026,17/07/2026,24/07/2026,DCMvn_SPR MED_TIDP_REV04.xlsx,TIDP 473 & 474
474_PA_GateValve.rfa,474_PA,SPR_MED,474_PA_GateValve,.rfa,MEP,DIG,,25/06/2026,03/07/2026,17/07/2026,24/07/2026,DCMvn_SPR MED_TIDP_REV04.xlsx,TIDP 473 & 474
474_PA_GateValveWithElectricActuator.rfa,474_PA,SPR_MED,474_PA_GateValveWithElectricActuator,.rfa,MEP,DIG,,12/06/2026,19/06/2026,03/07/2026,10/07/2026,DCMvn_SPR MED_TIDP_REV04.xlsx,TIDP 473 & 474
474_PA_HighPressureCheckValve.rfa,474_PA,SPR_MED,474_PA_HighPressureCheckValve,.rfa,MEP,DIG,,25/06/2026,03/07/2026,17/07/2026,24/07/2026,DCMvn_SPR MED_TIDP_REV04.xlsx,TIDP 473 & 474
474_PA_HighPressureRiserCheckValve.rfa,474_PA,SPR_MED,474_PA_HighPressureRiserCheckValve,.rfa,MEP,DIG,,25/06/2026,03/07/2026,17/07/2026,24/07/2026,DCMvn_SPR MED_TIDP_REV04.xlsx,TIDP 473 & 474
474_PA_HydrantGateValve.rfa,474_PA,SPR_MED,474_PA_HydrantGateValve,.rfa,MEP,DIG,,25/06/2026,03/07/2026,17/07/2026,24/07/2026,DCMvn_SPR MED_TIDP_REV04.xlsx,TIDP 473 & 474
474_PA_InlineCheckValve_CO2.rfa,474_PA,SPR_MED,474_PA_InlineCheckValve_CO2,.rfa,MEP,DIG,,25/06/2026,03/07/2026,17/07/2026,24/07/2026,DCMvn_SPR MED_TIDP_REV04.xlsx,TIDP 473 & 474
474_PA_LevelControlValves_Flange.rfa,474_PA,SPR_MED,474_PA_LevelControlValves_Flange,.rfa,MEP,DIG,,25/06/2026,03/07/2026,17/07/2026,24/07/2026,DCMvn_SPR MED_TIDP_REV04.xlsx,TIDP 473 & 474
474_PA_LevelControlValves_Grooved.rfa,474_PA,SPR_MED,474_PA_LevelControlValves_Grooved,.rfa,MEP,DIG,,25/06/2026,03/07/2026,17/07/2026,24/07/2026,DCMvn_SPR MED_TIDP_REV04.xlsx,TIDP 473 & 474
474_PA_MaintenanceUnit.rfa,474_PA,SPR_MED,474_PA_MaintenanceUnit,.rfa,MEP,DIG,,25/06/2026,03/07/2026,17/07/2026,24/07/2026,DCMvn_SPR MED_TIDP_REV04.xlsx,TIDP 473 & 474
474_PA_ManifoldCheckValve_FM200.rfa,474_PA,SPR_MED,474_PA_ManifoldCheckValve_FM200,.rfa,MEP,DIG,,25/06/2026,03/07/2026,17/07/2026,24/07/2026,DCMvn_SPR MED_TIDP_REV04.xlsx,TIDP 473 & 474
474_PA_ManifoldCheckValve_Grooved.rfa,474_PA,SPR_MED,474_PA_ManifoldCheckValve_Grooved,.rfa,MEP,DIG,,25/06/2026,03/07/2026,17/07/2026,24/07/2026,DCMvn_SPR MED_TIDP_REV04.xlsx,TIDP 473 & 474
474_PA_ManifoldCheckValve_Threaded.rfa,474_PA,SPR_MED,474_PA_ManifoldCheckValve_Threaded,.rfa,MEP,DIG,,25/06/2026,03/07/2026,17/07/2026,24/07/2026,DCMvn_SPR MED_TIDP_REV04.xlsx,TIDP 473 & 474
474_PA_ManuallyActuatedBallValve_CO2.rfa,474_PA,SPR_MED,474_PA_ManuallyActuatedBallValve_CO2,.rfa,MEP,DIG,,25/06/2026,03/07/2026,17/07/2026,24/07/2026,DCMvn_SPR MED_TIDP_REV04.xlsx,TIDP 473 & 474
474_PA_ManualPneumaticActuator_FM200.rfa,474_PA,SPR_MED,474_PA_ManualPneumaticActuator_FM200,.rfa,MEP,DIG,,25/06/2026,03/07/2026,17/07/2026,24/07/2026,DCMvn_SPR MED_TIDP_REV04.xlsx,TIDP 473 & 474
474_PA_NRSOS&YGateValves_GrooveandFlange.rfa,474_PA,SPR_MED,474_PA_NRSOS&YGateValves_GrooveandFlange,.rfa,MEP,DIG,,25/06/2026,03/07/2026,17/07/2026,24/07/2026,DCMvn_SPR MED_TIDP_REV04.xlsx,TIDP 473 & 474
474_PA_NRSOS&YGateValves_GrooveAndGroove.rfa,474_PA,SPR_MED,474_PA_NRSOS&YGateValves_GrooveAndGroove,.rfa,MEP,DIG,,25/06/2026,03/07/2026,17/07/2026,24/07/2026,DCMvn_SPR MED_TIDP_REV04.xlsx,TIDP 473 & 474
474_PA_OS&YGateValves_GrooveAndFlange.rfa,474_PA,SPR_MED,474_PA_OS&YGateValves_GrooveAndFlange,.rfa,MEP,DIG,,25/06/2026,03/07/2026,17/07/2026,24/07/2026,DCMvn_SPR MED_TIDP_REV04.xlsx,TIDP 473 & 474
474_PA_OS&YGateValves_GrooveAndGroove.rfa,474_PA,SPR_MED,474_PA_OS&YGateValves_GrooveAndGroove,.rfa,MEP,DIG,,25/06/2026,03/07/2026,17/07/2026,24/07/2026,DCMvn_SPR MED_TIDP_REV04.xlsx,TIDP 473 & 474
474_PA_PressureGauge_AnalogueType.rfa,474_PA,SPR_MED,474_PA_PressureGauge_AnalogueType,.rfa,MEP,DIG,,03/07/2026,10/07/2026,24/07/2026,31/07/2026,DCMvn_SPR MED_TIDP_REV04.xlsx,TIDP 473 & 474
474_PA_PressureGauge_withBallValve.rfa,474_PA,SPR_MED,474_PA_PressureGauge_withBallValve,.rfa,MEP,DIG,,03/07/2026,10/07/2026,24/07/2026,31/07/2026,DCMvn_SPR MED_TIDP_REV04.xlsx,TIDP 473 & 474
474_PA_PressureMeter.rfa,474_PA,SPR_MED,474_PA_PressureMeter,.rfa,MEP,DIG,,03/07/2026,10/07/2026,24/07/2026,31/07/2026,DCMvn_SPR MED_TIDP_REV04.xlsx,TIDP 473 & 474
474_PA_PressureOperatedDirectionalValve_CO2.rfa,474_PA,SPR_MED,474_PA_PressureOperatedDirectionalValve_CO2,.rfa,MEP,DIG,,03/07/2026,10/07/2026,24/07/2026,31/07/2026,DCMvn_SPR MED_TIDP_REV04.xlsx,TIDP 473 & 474
474_PA_PressureReducingControlValve_Groove.rfa,474_PA,SPR_MED,474_PA_PressureReducingControlValve_Groove,.rfa,MEP,DIG,,19/06/2026,25/06/2026,10/07/2026,17/07/2026,DCMvn_SPR MED_TIDP_REV04.xlsx,TIDP 473 & 474
474_PA_PressureReducingControlValveThread.rfa,474_PA,SPR_MED,474_PA_PressureReducingControlValveThread,.rfa,MEP,DIG,,19/06/2026,25/06/2026,10/07/2026,17/07/2026,DCMvn_SPR MED_TIDP_REV04.xlsx,TIDP 473 & 474
474_PA_PressureReducingValve_Flanged.rfa,474_PA,SPR_MED,474_PA_PressureReducingValve_Flanged,.rfa,MEP,DIG,,19/06/2026,25/06/2026,10/07/2026,17/07/2026,DCMvn_SPR MED_TIDP_REV04.xlsx,TIDP 473 & 474
474_PA_PressureReliefControlValve.rfa,474_PA,SPR_MED,474_PA_PressureReliefControlValve,.rfa,MEP,DIG,,19/06/2026,25/06/2026,10/07/2026,17/07/2026,DCMvn_SPR MED_TIDP_REV04.xlsx,TIDP 473 & 474
474_PA_PressureReliefValve.rfa,474_PA,SPR_MED,474_PA_PressureReliefValve,.rfa,MEP,DIG,,19/06/2026,25/06/2026,10/07/2026,17/07/2026,DCMvn_SPR MED_TIDP_REV04.xlsx,TIDP 473 & 474
474_PA_PressureSensor.rfa,474_PA,SPR_MED,474_PA_PressureSensor,.rfa,MEP,DIG,,19/06/2026,25/06/2026,10/07/2026,17/07/2026,DCMvn_SPR MED_TIDP_REV04.xlsx,TIDP 473 & 474
474_PA_PressureSwitch_FM200.rfa,474_PA,SPR_MED,474_PA_PressureSwitch_FM200,.rfa,MEP,DIG,,19/06/2026,25/06/2026,10/07/2026,17/07/2026,DCMvn_SPR MED_TIDP_REV04.xlsx,TIDP 473 & 474
474_PA_RiserCheckValve.rfa,474_PA,SPR_MED,474_PA_RiserCheckValve,.rfa,MEP,DIG,,19/06/2026,25/06/2026,10/07/2026,17/07/2026,DCMvn_SPR MED_TIDP_REV04.xlsx,TIDP 473 & 474
474_PA_RubberExpansionJoint_Flanged.rfa,474_PA,SPR_MED,474_PA_RubberExpansionJoint_Flanged,.rfa,MEP,DIG,,19/06/2026,25/06/2026,10/07/2026,17/07/2026,DCMvn_SPR MED_TIDP_REV04.xlsx,TIDP 473 & 474
474_PA_RubberExpansionJoint_Threaded.rfa,474_PA,SPR_MED,474_PA_RubberExpansionJoint_Threaded,.rfa,MEP,DIG,,19/06/2026,25/06/2026,10/07/2026,17/07/2026,DCMvn_SPR MED_TIDP_REV04.xlsx,TIDP 473 & 474
474_PA_SafertyReliefValve_CO2.rfa,474_PA,SPR_MED,474_PA_SafertyReliefValve_CO2,.rfa,MEP,DIG,,19/06/2026,25/06/2026,10/07/2026,17/07/2026,DCMvn_SPR MED_TIDP_REV04.xlsx,TIDP 473 & 474
474_PA_SafetyValve.rfa,474_PA,SPR_MED,474_PA_SafetyValve,.rfa,MEP,DIG,,19/06/2026,25/06/2026,10/07/2026,17/07/2026,DCMvn_SPR MED_TIDP_REV04.xlsx,TIDP 473 & 474
474_PA_SelectorValve_CO2.rfa,474_PA,SPR_MED,474_PA_SelectorValve_CO2,.rfa,MEP,DIG,,19/06/2026,25/06/2026,10/07/2026,17/07/2026,DCMvn_SPR MED_TIDP_REV04.xlsx,TIDP 473 & 474
474_PA_ShutoffValve_Motorized.rfa,474_PA,SPR_MED,474_PA_ShutoffValve_Motorized,.rfa,MEP,DIG,,19/06/2026,25/06/2026,10/07/2026,17/07/2026,DCMvn_SPR MED_TIDP_REV04.xlsx,TIDP 473 & 474
474_PA_SightGlasses.rfa,474_PA,SPR_MED,474_PA_SightGlasses,.rfa,MEP,DIG,,19/06/2026,25/06/2026,10/07/2026,17/07/2026,DCMvn_SPR MED_TIDP_REV04.xlsx,TIDP 473 & 474
474_PA_SolenoidValve.rfa,474_PA,SPR_MED,474_PA_SolenoidValve,.rfa,MEP,DIG,,19/06/2026,25/06/2026,10/07/2026,17/07/2026,DCMvn_SPR MED_TIDP_REV04.xlsx,TIDP 473 & 474
474_PA_SS_CompoundPressureGauge.rfa,474_PA,SPR_MED,474_PA_SS_CompoundPressureGauge,.rfa,MEP,DIG,,19/06/2026,25/06/2026,10/07/2026,17/07/2026,DCMvn_SPR MED_TIDP_REV04.xlsx,TIDP 473 & 474
474_PA_StoneCatcher.rfa,474_PA,SPR_MED,474_PA_StoneCatcher,.rfa,MEP,DIG,,19/06/2026,25/06/2026,10/07/2026,17/07/2026,DCMvn_SPR MED_TIDP_REV04.xlsx,TIDP 473 & 474
474_PA_SwingCheckValve_Grooved.rfa,474_PA,SPR_MED,474_PA_SwingCheckValve_Grooved,.rfa,MEP,DIG,,19/06/2026,25/06/2026,10/07/2026,17/07/2026,DCMvn_SPR MED_TIDP_REV04.xlsx,TIDP 473 & 474
474_PA_WaterFlowDetector.rfa,474_PA,SPR_MED,474_PA_WaterFlowDetector,.rfa,MEP,DIG,,12/06/2026,19/06/2026,03/07/2026,10/07/2026,DCMvn_SPR MED_TIDP_REV04.xlsx,TIDP 473 & 474
474_PA_WaterFlowDetector_ZoneCheck.rfa,474_PA,SPR_MED,474_PA_WaterFlowDetector_ZoneCheck,.rfa,MEP,DIG,,12/06/2026,19/06/2026,03/07/2026,10/07/2026,DCMvn_SPR MED_TIDP_REV04.xlsx,TIDP 473 & 474
474_PA_WaterflowSwitches.rfa,474_PA,SPR_MED,474_PA_WaterflowSwitches,.rfa,MEP,DIG,,19/06/2026,25/06/2026,10/07/2026,17/07/2026,DCMvn_SPR MED_TIDP_REV04.xlsx,TIDP 473 & 474
474_PA_WaterMeter.rfa,474_PA,SPR_MED,474_PA_WaterMeter,.rfa,MEP,DIG,,19/06/2026,25/06/2026,10/07/2026,17/07/2026,DCMvn_SPR MED_TIDP_REV04.xlsx,TIDP 473 & 474
474_PA_ZoneControlRiserModule_Residential.rfa,474_PA,SPR_MED,474_PA_ZoneControlRiserModule_Residential,.rfa,MEP,DIG,,19/06/2026,25/06/2026,10/07/2026,17/07/2026,DCMvn_SPR MED_TIDP_REV04.xlsx,TIDP 473 & 474
474_PF_CI_cCap_Threaded.rfa,474_PF,SPR_MED,474_PF_CI_cCap_Threaded,.rfa,MEP,DIG,,05/06/2026,12/06/2026,25/06/2026,03/07/2026,DCMvn_SPR MED_TIDP_REV04.xlsx,TIDP 473 & 474
474_PF_CI_eShortBend_Threaded.rfa,474_PF,SPR_MED,474_PF_CI_eShortBend_Threaded,.rfa,MEP,DIG,,05/06/2026,12/06/2026,25/06/2026,03/07/2026,DCMvn_SPR MED_TIDP_REV04.xlsx,TIDP 473 & 474
474_PF_CI_rReducer_Threaded.rfa,474_PF,SPR_MED,474_PF_CI_rReducer_Threaded,.rfa,MEP,DIG,,05/06/2026,12/06/2026,25/06/2026,03/07/2026,DCMvn_SPR MED_TIDP_REV04.xlsx,TIDP 473 & 474
474_PF_CI_tEqualTee_Thread.rfa,474_PF,SPR_MED,474_PF_CI_tEqualTee_Thread,.rfa,MEP,DIG,,05/06/2026,12/06/2026,25/06/2026,03/07/2026,DCMvn_SPR MED_TIDP_REV04.xlsx,TIDP 473 & 474
474_PF_CI_tTeeReducing_Thread.rfa,474_PF,SPR_MED,474_PF_CI_tTeeReducing_Thread,.rfa,MEP,DIG,,05/06/2026,12/06/2026,25/06/2026,03/07/2026,DCMvn_SPR MED_TIDP_REV04.xlsx,TIDP 473 & 474
474_PF_CI_uHexNipple.rfa,474_PF,SPR_MED,474_PF_CI_uHexNipple,.rfa,MEP,DIG,,05/06/2026,12/06/2026,25/06/2026,03/07/2026,DCMvn_SPR MED_TIDP_REV04.xlsx,TIDP 473 & 474
474_PF_CI_uUnion_Threaded.rfa,474_PF,SPR_MED,474_PF_CI_uUnion_Threaded,.rfa,MEP,DIG,,05/06/2026,12/06/2026,25/06/2026,03/07/2026,DCMvn_SPR MED_TIDP_REV04.xlsx,TIDP 473 & 474
474_PF_CI_xCross_Thread.rfa,474_PF,SPR_MED,474_PF_CI_xCross_Thread,.rfa,MEP,DIG,,05/06/2026,12/06/2026,25/06/2026,03/07/2026,DCMvn_SPR MED_TIDP_REV04.xlsx,TIDP 473 & 474
474_PF_CI_xSocketUnion_Threaded.rfa,474_PF,SPR_MED,474_PF_CI_xSocketUnion_Threaded,.rfa,MEP,DIG,,05/06/2026,12/06/2026,25/06/2026,03/07/2026,DCMvn_SPR MED_TIDP_REV04.xlsx,TIDP 473 & 474
474_PF_CS_cCap_Grooved.rfa,474_PF,SPR_MED,474_PF_CS_cCap_Grooved,.rfa,MEP,DIG,,05/06/2026,12/06/2026,25/06/2026,03/07/2026,DCMvn_SPR MED_TIDP_REV04.xlsx,TIDP 473 & 474
474_PF_CS_eElbow_Grooved.rfa,474_PF,SPR_MED,474_PF_CS_eElbow_Grooved,.rfa,MEP,DIG,,05/06/2026,12/06/2026,25/06/2026,03/07/2026,DCMvn_SPR MED_TIDP_REV04.xlsx,TIDP 473 & 474
474_PF_CS_eElbowEndOfRun_Grooved.rfa,474_PF,SPR_MED,474_PF_CS_eElbowEndOfRun_Grooved,.rfa,MEP,DIG,,05/06/2026,12/06/2026,25/06/2026,03/07/2026,DCMvn_SPR MED_TIDP_REV04.xlsx,TIDP 473 & 474
474_PF_CS_fConnection_Coupling_FireLockEZRigid.rfa,474_PF,SPR_MED,474_PF_CS_fConnection_Coupling_FireLockEZRigid,.rfa,MEP,DIG,,05/06/2026,12/06/2026,25/06/2026,03/07/2026,DCMvn_SPR MED_TIDP_REV04.xlsx,TIDP 473 & 474
474_PF_CS_fConnection_Coupling_FireLockRigid.rfa,474_PF,SPR_MED,474_PF_CS_fConnection_Coupling_FireLockRigid,.rfa,MEP,DIG,,05/06/2026,12/06/2026,25/06/2026,03/07/2026,DCMvn_SPR MED_TIDP_REV04.xlsx,TIDP 473 & 474
474_PF_CS_rConcentricReducer_Grooved.rfa,474_PF,SPR_MED,474_PF_CS_rConcentricReducer_Grooved,.rfa,MEP,DIG,,05/06/2026,12/06/2026,25/06/2026,03/07/2026,DCMvn_SPR MED_TIDP_REV04.xlsx,TIDP 473 & 474
474_PF_CS_rEccentricReducer_Grooved.rfa,474_PF,SPR_MED,474_PF_CS_rEccentricReducer_Grooved,.rfa,MEP,DIG,,05/06/2026,12/06/2026,25/06/2026,03/07/2026,DCMvn_SPR MED_TIDP_REV04.xlsx,TIDP 473 & 474
474_PF_CS_tGroovedEndTee_Standard.rfa,474_PF,SPR_MED,474_PF_CS_tGroovedEndTee_Standard,.rfa,MEP,DIG,,05/06/2026,12/06/2026,25/06/2026,03/07/2026,DCMvn_SPR MED_TIDP_REV04.xlsx,TIDP 473 & 474
474_PF_CS_tLateralTee_Grooved.rfa,474_PF,SPR_MED,474_PF_CS_tLateralTee_Grooved,.rfa,MEP,DIG,,05/06/2026,12/06/2026,25/06/2026,03/07/2026,DCMvn_SPR MED_TIDP_REV04.xlsx,TIDP 473 & 474
474_PF_CS_tLateralThread_Standard.rfa,474_PF,SPR_MED,474_PF_CS_tLateralThread_Standard,.rfa,MEP,DIG,,05/06/2026,12/06/2026,25/06/2026,03/07/2026,DCMvn_SPR MED_TIDP_REV04.xlsx,TIDP 473 & 474
474_PF_CS_tLowProfileSprinklerTee_Threaded.rfa,474_PF,SPR_MED,474_PF_CS_tLowProfileSprinklerTee_Threaded,.rfa,MEP,DIG,,05/06/2026,12/06/2026,25/06/2026,03/07/2026,DCMvn_SPR MED_TIDP_REV04.xlsx,TIDP 473 & 474
474_PF_CS_tOutletReducingCouplingTee_Grooved.rfa,474_PF,SPR_MED,474_PF_CS_tOutletReducingCouplingTee_Grooved,.rfa,MEP,DIG,,05/06/2026,12/06/2026,25/06/2026,03/07/2026,DCMvn_SPR MED_TIDP_REV04.xlsx,TIDP 473 & 474
474_PF_CS_tOutletReducingTee_Threaded.rfa,474_PF,SPR_MED,474_PF_CS_tOutletReducingTee_Threaded,.rfa,MEP,DIG,,05/06/2026,12/06/2026,25/06/2026,03/07/2026,DCMvn_SPR MED_TIDP_REV04.xlsx,TIDP 473 & 474
474_PF_CS_tOutletTeeReducing_Coupling.rfa,474_PF,SPR_MED,474_PF_CS_tOutletTeeReducing_Coupling,.rfa,MEP,DIG,,05/06/2026,12/06/2026,25/06/2026,03/07/2026,DCMvn_SPR MED_TIDP_REV04.xlsx,TIDP 473 & 474
474_PF_CS_tReducingLateralTee_Grooved.rfa,474_PF,SPR_MED,474_PF_CS_tReducingLateralTee_Grooved,.rfa,MEP,DIG,,05/06/2026,12/06/2026,25/06/2026,03/07/2026,DCMvn_SPR MED_TIDP_REV04.xlsx,TIDP 473 & 474
474_PF_CS_tReducingTee_Grooved.rfa,474_PF,SPR_MED,474_PF_CS_tReducingTee_Grooved,.rfa,MEP,DIG,,05/06/2026,12/06/2026,25/06/2026,03/07/2026,DCMvn_SPR MED_TIDP_REV04.xlsx,TIDP 473 & 474
474_PF_CS_tSprinkerTeeCoupling_Grooved_Threaded.rfa,474_PF,SPR_MED,474_PF_CS_tSprinkerTeeCoupling_Grooved_Threaded,.rfa,MEP,DIG,,05/06/2026,12/06/2026,25/06/2026,03/07/2026,DCMvn_SPR MED_TIDP_REV04.xlsx,TIDP 473 & 474
474_PF_CS_tTee_Grooved.rfa,474_PF,SPR_MED,474_PF_CS_tTee_Grooved,.rfa,MEP,DIG,,05/06/2026,12/06/2026,25/06/2026,03/07/2026,DCMvn_SPR MED_TIDP_REV04.xlsx,TIDP 473 & 474
474_PF_CS_uAdapterNipple_Flanged.rfa,474_PF,SPR_MED,474_PF_CS_uAdapterNipple_Flanged,.rfa,MEP,DIG,,05/06/2026,12/06/2026,25/06/2026,03/07/2026,DCMvn_SPR MED_TIDP_REV04.xlsx,TIDP 473 & 474
474_PF_CS_uAdaptorNipple_Grooved.rfa,474_PF,SPR_MED,474_PF_CS_uAdaptorNipple_Grooved,.rfa,MEP,DIG,,05/06/2026,12/06/2026,25/06/2026,03/07/2026,DCMvn_SPR MED_TIDP_REV04.xlsx,TIDP 473 & 474
474_PF_CS_wTrueWye_Grooved.rfa,474_PF,SPR_MED,474_PF_CS_wTrueWye_Grooved,.rfa,MEP,DIG,,05/06/2026,12/06/2026,25/06/2026,03/07/2026,DCMvn_SPR MED_TIDP_REV04.xlsx,TIDP 473 & 474
474_PF_CS_xCross_Grooved.rfa,474_PF,SPR_MED,474_PF_CS_xCross_Grooved,.rfa,MEP,DIG,,05/06/2026,12/06/2026,25/06/2026,03/07/2026,DCMvn_SPR MED_TIDP_REV04.xlsx,TIDP 473 & 474
474_PF_DuctileIron_CapFemale_Thread.rfa,474_PF,SPR_MED,474_PF_DuctileIron_CapFemale_Thread,.rfa,MEP,DIG,,05/06/2026,12/06/2026,25/06/2026,03/07/2026,DCMvn_SPR MED_TIDP_REV04.xlsx,TIDP 473 & 474
474_PF_DuctileIron_DrainElbow_Grooved.rfa,474_PF,SPR_MED,474_PF_DuctileIron_DrainElbow_Grooved,.rfa,MEP,DIG,,05/06/2026,12/06/2026,25/06/2026,03/07/2026,DCMvn_SPR MED_TIDP_REV04.xlsx,TIDP 473 & 474
474_PF_DuctileIron_SmallReducer_Thread.rfa,474_PF,SPR_MED,474_PF_DuctileIron_SmallReducer_Thread,.rfa,MEP,DIG,,05/06/2026,12/06/2026,25/06/2026,03/07/2026,DCMvn_SPR MED_TIDP_REV04.xlsx,TIDP 473 & 474
474_PF_GalvanizedSteel_NippleReducer_Threaded.rfa,474_PF,SPR_MED,474_PF_GalvanizedSteel_NippleReducer_Threaded,.rfa,MEP,DIG,,05/06/2026,12/06/2026,25/06/2026,03/07/2026,DCMvn_SPR MED_TIDP_REV04.xlsx,TIDP 473 & 474
474_PF_SS_eUnionElbow_Threaded.rfa,474_PF,SPR_MED,474_PF_SS_eUnionElbow_Threaded,.rfa,MEP,DIG,,12/06/2026,19/06/2026,03/07/2026,10/07/2026,DCMvn_SPR MED_TIDP_REV04.xlsx,TIDP 473 & 474
474_PF_SS_sHaftCoupling.rfa,474_PF,SPR_MED,474_PF_SS_sHaftCoupling,.rfa,MEP,DIG,,12/06/2026,19/06/2026,03/07/2026,10/07/2026,DCMvn_SPR MED_TIDP_REV04.xlsx,TIDP 473 & 474
474_PF_StainlessSteel_FlexibleCoupling_Grooved.rfa,474_PF,SPR_MED,474_PF_StainlessSteel_FlexibleCoupling_Grooved,.rfa,MEP,DIG,,12/06/2026,19/06/2026,03/07/2026,10/07/2026,DCMvn_SPR MED_TIDP_REV04.xlsx,TIDP 473 & 474
474_PROMAT_4Sided_Horizontal_CeilingMount.rfa,,SPR_MED,474_PROMAT_4Sided_Horizontal_CeilingMount,.rfa,MEP,DIG,,03/07/2026,10/07/2026,24/07/2026,31/07/2026,DCMvn_SPR MED_TIDP_REV04.xlsx,TIDP 473 & 474
474_PROMAT_4Sided_Horizontal_Vertical_CeilingMount.rfa,,SPR_MED,474_PROMAT_4Sided_Horizontal_Vertical_CeilingMount,.rfa,MEP,DIG,,03/07/2026,10/07/2026,24/07/2026,31/07/2026,DCMvn_SPR MED_TIDP_REV04.xlsx,TIDP 473 & 474
474_PROMAT_4Sided_Vertical_CeilingMount.rfa,,SPR_MED,474_PROMAT_4Sided_Vertical_CeilingMount,.rfa,MEP,DIG,,03/07/2026,10/07/2026,24/07/2026,31/07/2026,DCMvn_SPR MED_TIDP_REV04.xlsx,TIDP 473 & 474
474_PROMAT_Horizontal_Vertical_WallMount.rfa,,SPR_MED,474_PROMAT_Horizontal_Vertical_WallMount,.rfa,MEP,DIG,,03/07/2026,10/07/2026,24/07/2026,31/07/2026,DCMvn_SPR MED_TIDP_REV04.xlsx,TIDP 473 & 474
474_PROMAT_Horizontal_WallMount.rfa,,SPR_MED,474_PROMAT_Horizontal_WallMount,.rfa,MEP,DIG,,03/07/2026,10/07/2026,24/07/2026,31/07/2026,DCMvn_SPR MED_TIDP_REV04.xlsx,TIDP 473 & 474
474_PROMAT_Vertical_WallMount.rfa,,SPR_MED,474_PROMAT_Vertical_WallMount,.rfa,MEP,DIG,,03/07/2026,10/07/2026,24/07/2026,31/07/2026,DCMvn_SPR MED_TIDP_REV04.xlsx,TIDP 473 & 474
474_SP_DischargeNozzle_CO2.rfa,474_SP,SPR_MED,474_SP_DischargeNozzle_CO2,.rfa,MEP,DIG,,03/07/2026,10/07/2026,24/07/2026,31/07/2026,DCMvn_SPR MED_TIDP_REV04.xlsx,TIDP 473 & 474
474_SP_FM200_180RadialNozzle_2Port.rfa,474_SP,SPR_MED,474_SP_FM200_180RadialNozzle_2Port,.rfa,MEP,DIG,,03/07/2026,10/07/2026,24/07/2026,31/07/2026,DCMvn_SPR MED_TIDP_REV04.xlsx,TIDP 473 & 474
474_SP_FM200_360RadialNozzle_1Port.rfa,474_SP,SPR_MED,474_SP_FM200_360RadialNozzle_1Port,.rfa,MEP,DIG,,03/07/2026,10/07/2026,24/07/2026,31/07/2026,DCMvn_SPR MED_TIDP_REV04.xlsx,TIDP 473 & 474
474_SP_FM200_360RadialNozzle_4Port.rfa,474_SP,SPR_MED,474_SP_FM200_360RadialNozzle_4Port,.rfa,MEP,DIG,,03/07/2026,10/07/2026,24/07/2026,31/07/2026,DCMvn_SPR MED_TIDP_REV04.xlsx,TIDP 473 & 474
474_SP_FM200_DischargeNozzle.rfa,474_SP,SPR_MED,474_SP_FM200_DischargeNozzle,.rfa,MEP,DIG,,03/07/2026,10/07/2026,24/07/2026,31/07/2026,DCMvn_SPR MED_TIDP_REV04.xlsx,TIDP 473 & 474
474_SP_FoamNozzle_Pendent.rfa,474_SP,SPR_MED,474_SP_FoamNozzle_Pendent,.rfa,MEP,DIG,,03/07/2026,10/07/2026,24/07/2026,31/07/2026,DCMvn_SPR MED_TIDP_REV04.xlsx,TIDP 473 & 474
474_SP_FoamNozzle_Upright.rfa,474_SP,SPR_MED,474_SP_FoamNozzle_Upright,.rfa,MEP,DIG,,03/07/2026,10/07/2026,24/07/2026,31/07/2026,DCMvn_SPR MED_TIDP_REV04.xlsx,TIDP 473 & 474
474_SP_GE_DoubleSprinkler.rfa,474_SP,SPR_MED,474_SP_GE_DoubleSprinkler,.rfa,MEP,DIG,,03/07/2026,10/07/2026,24/07/2026,31/07/2026,DCMvn_SPR MED_TIDP_REV04.xlsx,TIDP 473 & 474
474_SP_GE_HorizontalSideWall.rfa,474_SP,SPR_MED,474_SP_GE_HorizontalSideWall,.rfa,MEP,DIG,,03/07/2026,10/07/2026,24/07/2026,31/07/2026,DCMvn_SPR MED_TIDP_REV04.xlsx,TIDP 473 & 474
474_SP_GE_HVSprayNozzles.rfa,474_SP,SPR_MED,474_SP_GE_HVSprayNozzles,.rfa,MEP,DIG,,03/07/2026,10/07/2026,24/07/2026,31/07/2026,DCMvn_SPR MED_TIDP_REV04.xlsx,TIDP 473 & 474
474_SP_GE_Pendent.rfa,474_SP,SPR_MED,474_SP_GE_Pendent,.rfa,MEP,DIG,,03/07/2026,10/07/2026,24/07/2026,31/07/2026,DCMvn_SPR MED_TIDP_REV04.xlsx,TIDP 473 & 474
474_SP_GE_PendentCover.rfa,474_SP,SPR_MED,474_SP_GE_PendentCover,.rfa,MEP,DIG,,03/07/2026,10/07/2026,24/07/2026,31/07/2026,DCMvn_SPR MED_TIDP_REV04.xlsx,TIDP 473 & 474
474_SP_GE_SprayNozzles.rfa,474_SP,SPR_MED,474_SP_GE_SprayNozzles,.rfa,MEP,DIG,,03/07/2026,10/07/2026,24/07/2026,31/07/2026,DCMvn_SPR MED_TIDP_REV04.xlsx,TIDP 473 & 474
474_SP_GE_Upright.rfa,474_SP,SPR_MED,474_SP_GE_Upright,.rfa,MEP,DIG,,03/07/2026,10/07/2026,24/07/2026,31/07/2026,DCMvn_SPR MED_TIDP_REV04.xlsx,TIDP 473 & 474
474_SP_GE_UprightCover.rfa,474_SP,SPR_MED,474_SP_GE_UprightCover,.rfa,MEP,DIG,,03/07/2026,10/07/2026,24/07/2026,31/07/2026,DCMvn_SPR MED_TIDP_REV04.xlsx,TIDP 473 & 474
474_SP_GE_WindowOpenNozzle.rfa,474_SP,SPR_MED,474_SP_GE_WindowOpenNozzle,.rfa,MEP,DIG,,29/05/2026,05/06/2026,19/06/2026,25/06/2026,DCMvn_SPR MED_TIDP_REV04.xlsx,TIDP 473 & 474
