Family Name,Category,User đã upload
400_NF_GussetPlateAngularRectangular,Nested Family,Danh Hong Nguyen
400_NF_GussetPlateAngularSingleAdjustableBrace,Nested Family,Danh Hong Nguyen
410_ME_CentrifugalPump,Mechanical Equipment,Danh Hong Nguyen
410_ME_CompactPressureBoostingSystem,Mechanical Equipment,Quan Dinh Nguyen
410_ME_CompactPressureBoostingSystem_1MVISE,Mechanical Equipment,Quan Dinh Nguyen
410_ME_Desoftening,Mechanical Equipment,Quan Dinh Nguyen
410_ME_DoppelHebeanlageSchmutzwasser,Mechanical Equipment,Quan Dinh Nguyen
410_ME_DoublePressureBoosterSystem,Mechanical Equipment,Quan Dinh Nguyen
410_ME_DrainLiftL_Floor,Mechanical Equipment,Danh Hong Nguyen
410_ME_DrainLiftM_Floor,Mechanical Equipment,Nhan Danh Huynh
410_ME_DrainLiftS_Floor,Mechanical Equipment,Quan Dinh Nguyen
410_ME_DrainLiftXL_Floor,Mechanical Equipment,Quan Dinh Nguyen
410_ME_DualTank_WaterSofteners,Mechanical Equipment,Quan Dinh Nguyen
410_ME_DuplexSofteningUnit_RondomatDuo,Mechanical Equipment,Danh Hong Nguyen
410_ME_EKleindurchlauferhitzerCEX,Mechanical Equipment,Quy Ngoc Ha
410_ME_EKleindurchlauferhitzer_MCX,Mechanical Equipment,Quan Dinh Nguyen
410_ME_ElectricInstantaneousHeater_DLE,Mechanical Equipment,Quan Dinh Nguyen
410_ME_ExpansionVessel,Mechanical Equipment,Danh Hong Nguyen
410_ME_ExpansionVessel_Reflex,Mechanical Equipment,Danh Hong Nguyen
410_ME_FettabscheiderNG2,Mechanical Equipment,Quy Ngoc Ha
410_ME_FreshWaterStation,Mechanical Equipment,Quan Dinh Nguyen
410_ME_GlandlessCirculatorPump_Vertical_VeroLineIPZ,Mechanical Equipment,Quan Dinh Nguyen
410_ME_GlandlessCirculatorPump_Vertical_YonosMAXOZ,Mechanical Equipment,Quan Dinh Nguyen
410_ME_GlandlessCirculatorPump_Vertical_YonosPICOZ,Mechanical Equipment,Danh Hong Nguyen
410_ME_GreaseSeparator_FloorStand,Mechanical Equipment,Quan Dinh Nguyen
410_ME_GreaseSeparatorFreeStandingInstallationNS10,Mechanical Equipment,Quan Dinh Nguyen
410_ME_HighPerformanceIndustrialMixers,Mechanical Equipment,Danh Hong Nguyen
410_ME_HotWaterStorageTank,Mechanical Equipment,Quy Ngoc Ha
410_ME_HygieneFlushingBox_CoverPanelDoublePortThreaded_KHSHS2,Mechanical Equipment,Nhan Danh Huynh
410_ME_HygieneFlushingBox_CoverPanel&FlowSensor&DoublePortThreaded_KHSHS2,Mechanical Equipment,Danh Hong Nguyen
410_ME_HygieneFlushingBox_CoverPanel&FlowSensor&SinglePortThreaded_KHSHS2,Mechanical Equipment,Nhan Danh Huynh
410_ME_HygieneFlushingBox_CoverPanelSinglePortThreaded_KHSHS2,Mechanical Equipment,Quy Ngoc Ha
410_ME_InstantaneousWaterHeater_Shower,Mechanical Equipment,Nhan Danh Huynh
410_ME_InstantaneousWaterHeater_SinkAGB,Mechanical Equipment,Nhan Danh Huynh
410_ME_InstantaneousWaterHeater_TeaKitchen,Mechanical Equipment,Quy Ngoc Ha
410_ME_KHSHygieneFlushBoxLITE_Wall_Threaded_FlowSensorSinglePort,Mechanical Equipment,Nhan Danh Huynh
410_ME_KHSHygieneFlushBoxPROwithFlowSensorSinglePort_Threaded,Mechanical Equipment,Nhan Danh Huynh
410_ME_KHSMiniControlSystemSLAVE_WallSurface,Mechanical Equipment,Nhan Danh Huynh
410_ME_KHSMiniControlSystem_WallSurface_Master,Mechanical Equipment,Nhan Danh Huynh
410_ME_KHSTimer_WallSurface,Mechanical Equipment,Danh Hong Nguyen
410_ME_PHController,Mechanical Equipment,Danh Hong Nguyen
410_ME_PlasticInnerTankSeries,Mechanical Equipment,Quy Ngoc Ha
410_ME_PressureBoosterPump,Mechanical Equipment,Quan Dinh Nguyen
410_ME_PressurisationUnit_FixedSpeedUnits2Pump,Mechanical Equipment,Danh Hong Nguyen
410_ME_PressurisationUnit_FixedSpeedUnits3Pump,Mechanical Equipment,Danh Hong Nguyen
410_ME_PressurisationUnit_VariableSpeedUnits3Pump,Mechanical Equipment,Nhan Danh Huynh
410_ME_PressurisationUnit_VariableSpeedUnitsWith1Pump,Mechanical Equipment,Quy Ngoc Ha
410_ME_PressurisationUnit_VariableSpeedUnitsWith2PumP,Mechanical Equipment,Quan Dinh Nguyen
410_ME_Probenahmetopf,Mechanical Equipment,Danh Hong Nguyen
410_ME_PumpGlandlessCirculator_StarZ,Mechanical Equipment,Danh Hong Nguyen
410_ME_PumpGlandlessCirculator_StarZD,Mechanical Equipment,Hung Tien Nguyen
410_ME_PureWaterTank,Mechanical Equipment,Danh Hong Nguyen
410_ME_ReverseOsmosisSystem,Mechanical Equipment,Danh Hong Nguyen
410_ME_ServiceStorageTank_Round,Mechanical Equipment,Long Kim Dang
410_ME_Sicherheitstrennstation,Mechanical Equipment,Danh Hong Nguyen
410_ME_SinglePressureBoosterSystem,Mechanical Equipment,Nhan Danh Huynh
410_ME_StratosMAXOZPump_Vertical,Mechanical Equipment,Danh Hong Nguyen
410_ME_StratosPICOZPump_Vertical,Mechanical Equipment,Danh Hong Nguyen
410_ME_SubmergedPump_ACOSAT100DWithPoweliftMono,Mechanical Equipment,Nhan Danh Huynh
410_ME_SubmergedPump_Horizontal_SatSeries,Mechanical Equipment,Nhan Danh Huynh
410_ME_SubmergedPump_SitaSeries,Mechanical Equipment,Danh Hong Nguyen
410_ME_SubmergedPump_Vertical_SATSeries,Mechanical Equipment,Danh Hong Nguyen
410_ME_TresorCabinet_InWall,Mechanical Equipment,Hung Tien Nguyen
410_ME_TresorCabinet_WallSurface,Mechanical Equipment,Danh Hong Nguyen
410_ME_TripleSofteningSystem_DeltaP,Mechanical Equipment,Hung Tien Nguyen
410_ME_TWPressureBoosterSystem,Mechanical Equipment,Danh Hong Nguyen
410_ME_VerticaltubeHeatexchanger,Mechanical Equipment,Hung Tien Nguyen
410_ME_WasteWaterLift_Floor_C3,Mechanical Equipment,Danh Hong Nguyen
410_ME_WasteWaterLift_Floor_CWC3,Mechanical Equipment,Quy Ngoc Ha
410_ME_WasteWaterLift_Floor_D2,Mechanical Equipment,Quy Ngoc Ha
410_ME_WasteWaterLift_Floor_WC3,Mechanical Equipment,Hung Tien Nguyen
410_ME_WastewaterLiftingStation_DouPump,Mechanical Equipment,Danh Hong Nguyen
410_ME_WasteWaterLiftingStation_KesselPump,Mechanical Equipment,Quan Dinh Nguyen
410_ME_WastewaterLiftingStation_MuliPES&Mono,Mechanical Equipment,Nhan Danh Huynh
410_ME_WastewaterLiftingStation_MuliProPEKParallel,Mechanical Equipment,Danh Hong Nguyen
410_ME_WastewaterLiftingStation_MuliProPENXLDuo,Mechanical Equipment,Nhan Danh Huynh
410_ME_WastewaterLiftingStation_MuliStarDDP,Mechanical Equipment,Danh Hong Nguyen
410_ME_WastewaterLiftingStation_MuliStarMDP1&MWP1,Mechanical Equipment,Danh Hong Nguyen
410_ME_WasteWaterLiftingStationPump,Mechanical Equipment,Danh Hong Nguyen
410_ME_WastewaterLiftingStation_Sinkamat_HW,Mechanical Equipment,Danh Hong Nguyen
410_ME_WaterDispenser_FloorStand,Mechanical Equipment,Nhan Danh Huynh
410_ME_WaterFilterTank,Mechanical Equipment,Danh Hong Nguyen
410_ME_WaterFilterVertical,Mechanical Equipment,Quy Ngoc Ha
410_ME_WaterHardnessMeter,Mechanical Equipment,Hung Tien Nguyen
410_ME_WaterHeater_WallMounted,Mechanical Equipment,Danh Hong Nguyen
410_ME_WaterHeaterWithTap_WallMounted,Mechanical Equipment,Hung Tien Nguyen
410_PA_AirReleaseValve_Threaded,Pipe Accessories,Hung Tien Nguyen
410_PA_AngleSafetyValve_Threaded,Pipe Accessories,Hung Tien Nguyen
410_PA_AngleSeatPistonValve_Flanged,Pipe Accessories,Hung Tien Nguyen
410_PA_AngleSeatPistonValve_Threaded,Pipe Accessories,Nhan Danh Huynh
410_PA_AngleValve_Threaded_WithRegulatingFunction,Pipe Accessories,Hung Tien Nguyen
410_PA_AutomaticBackwashFilter_Flanged,Pipe Accessories,Quy Ngoc Ha
410_PA_AutomaticCirculationRegulatingValve,Pipe Accessories,Nhan Danh Huynh
410_PA_AutomaticHygieneFlushingStationHS10_Geberit,Pipe Accessories,Hung Tien Nguyen
410_PA_BackflowPreventer_Threaded,Pipe Accessories,Quan Dinh Nguyen
410_PA_BackflowPreventerValve_Threaded,Pipe Accessories,Quy Ngoc Ha
410_PA_BallValve_Flanged,Pipe Accessories,Hung Tien Nguyen
410_PA_BallValve_SocketFusion,Pipe Accessories,Quy Ngoc Ha
410_PA_BallValve_Threaded,Pipe Accessories,Hung Tien Nguyen
410_PA_CoarseTrap,Pipe Accessories,Hung Tien Nguyen
410_PA_CombinationAngleValve_Standard,Pipe Accessories,Hung Tien Nguyen
410_PA_DiaphragmValve,Pipe Accessories,Hung Tien Nguyen
410_PA_DoubleInstallationRackWatermeter_Threaded,Pipe Accessories,Hung Tien Nguyen
410_PA_DrainValve_Threaded,Pipe Accessories,Hung Tien Nguyen
410_PA_FillSetStandardValve_Threaded,Pipe Accessories,Quan Dinh Nguyen
410_PA_FillsoftHousing_Threaded,Pipe Accessories,Quy Ngoc Ha
410_PA_Filter_Threaded,Pipe Accessories,Hung Tien Nguyen
410_PA_FittingSpacerForWaterMeter_Threaded,Pipe Accessories,Hung Tien Nguyen
410_PA_FlexibleConnection_Flanged,Pipe Accessories,Nhan Danh Huynh
410_PA_FloatingValve_Threaded,Pipe Accessories,Quy Ngoc Ha
410_PA_FlowSplitterBox_Floor_Threaded_KHS,Pipe Accessories,Quy Ngoc Ha
410_PA_FlowSplitterSet_Threaded_KHS,Pipe Accessories,Quy Ngoc Ha
410_PA_FlowSplitterUnit_FlushMounted_Threaded_DynamicKHS,Pipe Accessories,Quy Ngoc Ha
410_PA_FlowSplitterUnit_Threaded_DynamicKHS,Pipe Accessories,Quan Dinh Nguyen
410_PA_FlowTemperatureMeterValve_Threaded,Pipe Accessories,Danh Hong Nguyen
410_PA_FlushMountedStopValve_Mapress_UpPlus,Pipe Accessories,Quy Ngoc Ha
410_PA_FlushMoutedStopValve_Threaded_UpPlus,Pipe Accessories,Quy Ngoc Ha
410_PA_FunnelSiphon_Horizontal,Pipe Accessories,Quan Dinh Nguyen
410_PA_GateValve_Flanged,Pipe Accessories,Hung Tien Nguyen
410_PA_GateValveSealingDirectionWithDrain_Threaded,Pipe Accessories,Quy Ngoc Ha
410_PA_GateValve_Threaded,Pipe Accessories,Hung Tien Nguyen
410_PA_GateValveWithDrain_Threaded,Pipe Accessories,Hung Tien Nguyen
410_PA_GlobeValve_Flanged,Pipe Accessories,Quan Dinh Nguyen
410_PA_GlobeValve_Threaded,Pipe Accessories,Quy Ngoc Ha
410_PA_KHSFlushPoint_Threaded_230V,Pipe Accessories,Quy Ngoc Ha
410_PA_KHSFlushPoint_Threaded_24V,Pipe Accessories,Quy Ngoc Ha
410_PA_KHSFlushPoint_Threaded_ControlPlus230V,Pipe Accessories,Hung Tien Nguyen
410_PA_KHSFlushPoint_Threaded_ControlPlus24V,Pipe Accessories,Nhan Danh Huynh
410_PA_KugelSiphon_Standard,Pipe Accessories,Quy Ngoc Ha
410_PA_MotorButterflyValve_Flanged,Pipe Accessories,Quy Ngoc Ha
410_PA_NozzleCheckValve_Flanged,Pipe Accessories,Quy Ngoc Ha
410_PA_OutletValve_Threaded,Pipe Accessories,Quy Ngoc Ha
410_PA_OutletValve_Threaded_WithHoseScrewConnection,Pipe Accessories,Quy Ngoc Ha
410_PA_PoolMainDrain_Threaded,Pipe Accessories,Quan Dinh Nguyen
410_PA_PoolReturnJet_Threaded,Pipe Accessories,Quan Dinh Nguyen
410_PA_PoolSkimmer_Threaded,Pipe Accessories,Quy Ngoc Ha
410_PA_PressureGauge_withSiphon,Pipe Accessories,Quy Ngoc Ha
410_PA_PressureReducingValveFilterCombination_Threaded,Pipe Accessories,Quan Dinh Nguyen
410_PA_PressureReducingValve_Flanged,Pipe Accessories,Quy Ngoc Ha
410_PA_PressureReducingValve_Threaded,Pipe Accessories,Quy Ngoc Ha
410_PA_PressureReducingValveWithPressureGauge_FemaleThreaded,Pipe Accessories,Hung Tien Nguyen
410_PA_PressureRegulator_Thread,Pipe Accessories,Quan Dinh Nguyen
410_PA_SamplingValveForWashBasinAngleValve_Standard_SS,Pipe Accessories,Quan Dinh Nguyen
410_PA_SamplingValve_Standard_Gunmetal,Pipe Accessories,Quy Ngoc Ha
410_PA_SamplingValve_Standard_SS,Pipe Accessories,Quy Ngoc Ha
410_PA_ShutoffValve_Flanged,Pipe Accessories,Quy Ngoc Ha
410_PA_ShutoffValve_Flanged_DrainValve,Pipe Accessories,Quy Ngoc Ha
410_PA_ShutoffValve_MapressGeberit,Pipe Accessories,Quan Dinh Nguyen
410_PA_ShutoffValve_Mapress_WithDrainValve,Pipe Accessories,Danh Hong Nguyen
410_PA_ShutoffValve_Threaded,Pipe Accessories,Quan Dinh Nguyen
410_PA_ShutoffValve_WithDrainPlug_Threaded,Pipe Accessories,Quan Dinh Nguyen
410_PA_SingleInstallationRackWatermeter_Threaded,Pipe Accessories,Hung Tien Nguyen
410_PA_SolenoidControlValve_Flanged,Pipe Accessories,Danh Hong Nguyen
410_PA_StaticBalancingValve_Threaded_MultiFixPlus,Pipe Accessories,Hung Tien Nguyen
410_PA_StaticBalancingValve_UnionThreaded_MultiFixPlus,Pipe Accessories,Danh Hong Nguyen
410_PA_StopValve_SocketFusion,Pipe Accessories,Quan Dinh Nguyen
410_PA_StraightSafetyValve_Threaded,Pipe Accessories,Danh Hong Nguyen
410_PA_SwingcheckValve_Flanged,Pipe Accessories,Danh Hong Nguyen
410_PA_SwingcheckValve_Threaded,Pipe Accessories,Quan Dinh Nguyen
410_PA_SystemSeparator_Flanged,Pipe Accessories,Quan Dinh Nguyen
410_PA_SystemSeparator_Threaded,Pipe Accessories,Quan Dinh Nguyen
410_PA_TemperatureMeasuringValve_Threaded_KHS,Pipe Accessories,Danh Hong Nguyen
410_PA_THandleBallValve_Threaded,Pipe Accessories,Hung Tien Nguyen
410_PA_ThermostaticBalancingValve_Mapress_UpEtaTherm,Pipe Accessories,Quan Dinh Nguyen
410_PA_ThreePiecesBallValve_Welded,Pipe Accessories,Quan Dinh Nguyen
410_PA_ThreeWayMotorisedControlValve_Flanged,Pipe Accessories,Quan Dinh Nguyen
410_PA_ThreeWayMotorisedControlValve_Threaded,Pipe Accessories,Danh Hong Nguyen
410_PA_TwoWayDiaphragmValve_Flanged,Pipe Accessories,Danh Hong Nguyen
410_PA_TwoWayDiaphragmValve_Threaded,Pipe Accessories,Hung Tien Nguyen
410_PA_UPConcealedShutoffValve,Pipe Accessories,Danh Hong Nguyen
410_PA_UpETATHERMThermostaticBalancingValve_SanpressProfipress,Pipe Accessories,Quan Dinh Nguyen
410_PA_UpETATHERMThermostaticBalancingValve_Threaded,Pipe Accessories,Quan Dinh Nguyen
410_PA_UpPlusFlushMoutedStopValve_SanpressProfipress,Pipe Accessories,Nhan Danh Huynh
410_PA_UPVSenkrecht,Pipe Accessories,Hung Tien Nguyen
410_PA_VAVFullFlowShutOffValve_FemaleThreaded,Pipe Accessories,Danh Hong Nguyen
410_PA_VentCowl,Pipe Accessories,Danh Hong Nguyen
410_PA_WaferButterflyValve_Flanged,Pipe Accessories,Danh Hong Nguyen
410_PA_WaterHammerArrestor_Threaded,Pipe Accessories,Quan Dinh Nguyen
410_PA_WaterMeter_Flanged,Pipe Accessories,Quy Ngoc Ha
410_PA_WaterMeter_Threaded,Pipe Accessories,Danh Hong Nguyen
410_PA_WaterMeterUNI,Pipe Accessories,Quy Ngoc Ha
410_PA_YStrainer_Flanged,Pipe Accessories,Quy Ngoc Ha
410_PA_YStrainer_Threaded,Pipe Accessories,Quan Dinh Nguyen
410_PA_ZBCapRoof_Standard,Pipe Accessories,Quan Dinh Nguyen
410_PF_cHDPE_BlindFlange_Flanged,Pipe Fittings,Hung Tien Nguyen
410_PF_CI_cGutterCap_ExternalStopEnd,Pipe Fittings,Hung Tien Nguyen
410_PF_CI_cGutterCap_InternalStopEnd,Pipe Fittings,Hung Tien Nguyen
410_PF_CI_cPlug_Coupling,Pipe Fittings,Hung Tien Nguyen
410_PF_CI_cPushinPlug_Clamp,Pipe Fittings,Hung Tien Nguyen
410_PF_CI_eAccessBendLong_Clamp,Pipe Fittings,Hung Tien Nguyen
410_PF_CI_eAccessBendShort_Clamp,Pipe Fittings,Hung Tien Nguyen
410_PF_CI_eBend15Degrees_Standard_Clamp,Pipe Fittings,Hung Tien Nguyen
410_PF_CI_eBend30Degrees_Standard_Clamp,Pipe Fittings,Hung Tien Nguyen
410_PF_CI_eBend68Degree_Clamp,Pipe Fittings,Danh Hong Nguyen
410_PF_CI_eBend88Deg_Clamp,Pipe Fittings,Hung Tien Nguyen
410_PF_CI_eBend88Degree_SpigotAndClamp,Pipe Fittings,Hung Tien Nguyen
410_PF_CI_eBend_Clamp,Pipe Fittings,Hung Tien Nguyen
410_PF_CI_eBend_Coupling,Pipe Fittings,Danh Hong Nguyen
410_PF_CI_eBend_Coupling_HOST,Pipe Fittings,Danh Hong Nguyen
410_PF_CI_eBendWC_Clamp_Standard,Pipe Fittings,Hung Tien Nguyen
410_PF_CI_eConectionBend_Clamp,Pipe Fittings,Danh Hong Nguyen
410_PF_CI_eDoubleBend45Deg_Coupling_HOST,Pipe Fittings,Hung Tien Nguyen
410_PF_CI_eDoubleBend88Deg_Coupling,Pipe Fittings,Hung Tien Nguyen
410_PF_CI_eGutterAngleUniversal,Pipe Fittings,Hung Tien Nguyen
410_PF_CI_eGutterElbow_ExternalDropEndOutlet,Pipe Fittings,Hung Tien Nguyen
410_PF_CI_eGutterElbow_InternalDropEndOutlet,Pipe Fittings,Danh Hong Nguyen
410_PF_CI_eOffsetBend130_Clamp,Pipe Fittings,Danh Hong Nguyen
410_PF_CI_eOffsetBend200_Clamp,Pipe Fittings,Danh Hong Nguyen
410_PF_CI_eOffsetBend65_Clamp,Pipe Fittings,Danh Hong Nguyen
410_PF_CI_ePlainTrap_Clamp,Pipe Fittings,Hung Tien Nguyen
410_PF_CI_eRainwaterSiphon_Coupling,Pipe Fittings,Hung Tien Nguyen
410_PF_CI_eRecirculatedAirBend135Degrees_Standard_Clamp,Pipe Fittings,Hung Tien Nguyen
410_PF_CI_eRestBend88_Clamp,Pipe Fittings,Hung Tien Nguyen
410_PF_CI_eVentilationBend88Axial_Clamp,Pipe Fittings,Hung Tien Nguyen
410_PF_CI_eVentilationBend88DegreesRadial_Standard_Clamp,Pipe Fittings,Nhan Danh Huynh
410_PF_CI_fAngleDoubleBranch88Degree_Coupling,Pipe Fittings,Nhan Danh Huynh
410_PF_CI_mGutterHalfRound,Pipe Fittings,Nhan Danh Huynh
410_PF_CI_mShortPipeRectangularAccessDoor_Standard,Pipe Fittings,Danh Hong Nguyen
410_PF_CI_mVerticalTrap_Standard,Pipe Fittings,Nhan Danh Huynh
410_PF_CI_rEccentricReducer_Coupling,Pipe Fittings,Danh Hong Nguyen
410_PF_CI_rEccentricReducer_Coupling_HOST,Pipe Fittings,Danh Hong Nguyen
410_PF_CI_rEccentricReducer_WithoutCoupling,Pipe Fittings,Danh Hong Nguyen
410_PF_CI_rReducingEccentric_Clamp,Pipe Fittings,Danh Hong Nguyen
410_PF_CI_tBranch45_Clamp,Pipe Fittings,Hung Tien Nguyen
410_PF_CI_tBranch45Deg_Coupling,Pipe Fittings,Hung Tien Nguyen
410_PF_CI_tBranch45Deg_Coupling_HOST,Pipe Fittings,Danh Hong Nguyen
410_PF_CI_tBranch68Deg_Coupling,Pipe Fittings,Hung Tien Nguyen
410_PF_CI_tBranch70_Clamp,Pipe Fittings,Danh Hong Nguyen
410_PF_CI_tBranch88Deg_Coupling,Pipe Fittings,Danh Hong Nguyen
410_PF_CI_tBranch88Deg_Coupling_HOST,Pipe Fittings,Hung Tien Nguyen
410_PF_CI_tBranch88Long_Spigot_Clamp,Pipe Fittings,Hung Tien Nguyen
410_PF_CI_tBranch88_Spigot_Clamp,Pipe Fittings,Hung Tien Nguyen
410_PF_CI_tCombinationBranch90_Standard,Pipe Fittings,Hung Tien Nguyen
410_PF_CI_tCornerBranch88_Clamp,Pipe Fittings,Danh Hong Nguyen
410_PF_CI_tGutterTee_RunningOutlet,Pipe Fittings,Danh Hong Nguyen
410_PF_CI_tSweptEntryBranch88_Spigot_Clamp,Pipe Fittings,Nhan Danh Huynh
410_PF_CI_uBearing,Pipe Fittings,Hung Tien Nguyen
410_PF_CI_uCleaningPipeWithRoundCover_Coupling,Pipe Fittings,Danh Hong Nguyen
410_PF_CI_uDownPipeBracket_Coupling,Pipe Fittings,Nhan Danh Huynh
410_PF_CI_uGutterUnionConnector,Pipe Fittings,Hung Tien Nguyen
410_PF_CI_uShortPipeRoundAccessDoor_Clamp,Pipe Fittings,Danh Hong Nguyen
410_PF_CI_uSMLRainwaterSiphonVertical_Coupling,Pipe Fittings,Hung Tien Nguyen
410_PF_CI_uTrapHorizontal_Clamp,Pipe Fittings,Danh Hong Nguyen
410_PF_CI_xCombinationBranch88Degree_Coupling,Pipe Fittings,Hung Tien Nguyen
410_PF_CI_xDoubleBend88Degrees_Standard_Clamp,Pipe Fittings,Danh Hong Nguyen
410_PF_CI_xDoubleBranch45_Clamp,Pipe Fittings,Hung Tien Nguyen
410_PF_CI_xDoubleBranch70Deg_Clamp,Pipe Fittings,Nhan Danh Huynh
410_PF_CI_xDoubleBranch_Coupling,Pipe Fittings,Danh Hong Nguyen
410_PF_CO_mDoubleElbowTapConnector90Degree_Mapress,Pipe Fittings,Nhan Danh Huynh
410_PF_CS_cEndCaps_Welded,Pipe Fittings,Nhan Danh Huynh
410_PF_CS_eLongRadiusElbows_Welded,Pipe Fittings,Long Kim Dang
410_PF_CS_eLongRadiusReturnBends_Welded,Pipe Fittings,Nhan Danh Huynh
410_PF_CS_eRadiusElbows_Welded,Pipe Fittings,Hung Tien Nguyen
410_PF_CS_eRadiusReturnBends_Welded,Pipe Fittings,Hung Tien Nguyen
410_PF_CS_fPlaneFlange_Flanged,Pipe Fittings,Danh Hong Nguyen
410_PF_CS_rConcentricReducers_Welded,Pipe Fittings,Khoa Dang Doan
410_PF_CS_rConnector_MapressAndFemaleThread,Pipe Fittings,Khoa Dang Doan
410_PF_CS_tTee_Welded,Pipe Fittings,Khoa Dang Doan
410_PF_CS_uConnector_MapressAndFemaleThread,Pipe Fittings,Nhan Danh Huynh
410_PF_DI_cBellmouth_Flanged,Pipe Fittings,Danh Hong Nguyen
410_PF_DI_cBlind_Flanged,Pipe Fittings,Hung Tien Nguyen
410_PF_DI_cCap_KType,Pipe Fittings,Danh Hong Nguyen
410_PF_DI_cPlug_TType,Pipe Fittings,Danh Hong Nguyen
410_PF_DI_eBend_Flange,Pipe Fittings,Hung Tien Nguyen
410_PF_DI_eBend_Socket,Pipe Fittings,Danh Hong Nguyen
410_PF_DI_eDuckfoodBend90Deg_Flanged,Pipe Fittings,Nhan Danh Huynh
410_PF_DI_fFlange_RFType,Pipe Fittings,Khoa Dang Doan
410_PF_DI_rFlangedCover,Pipe Fittings,Danh Hong Nguyen
410_PF_DI_rTapper_Flanged,Pipe Fittings,Khoa Dang Doan
410_PF_DI_rTapper_Socket,Pipe Fittings,Khoa Dang Doan
410_PF_DI_tDoubleSocketTee_PushOnJoint_WithLevelInvertFlangedBranch,Pipe Fittings,Danh Hong Nguyen
410_PF_DI_tLevelInvertTee_Flanged,Pipe Fittings,Danh Hong Nguyen
410_PF_DI_tTee_Flanged,Pipe Fittings,Khoa Dang Doan
410_PF_DI_tTee_Socket,Pipe Fittings,Danh Hong Nguyen
410_PF_DI_tTee_SocketAndFlangedBranch,Pipe Fittings,Danh Hong Nguyen
410_PF_DI_tTeeSocketWithLevelInvertFlangedBranch,Pipe Fittings,Nhan Danh Huynh
410_PF_DI_uAdaptorRestrained_Flanged,Pipe Fittings,Danh Hong Nguyen
410_PF_DI_uFlangeAdaptor,Pipe Fittings,Khoa Dang Doan
410_PF_DI_uUnion_Socket,Pipe Fittings,Hung Tien Nguyen
410_PF_EPDM_mKonfixConnector_PushOnJoint,Pipe Fittings,Khoa Dang Doan
410_PF_eSweptBendLong_Medium_Clamp,Pipe Fittings,Danh Hong Nguyen
410_PF_GA_mPTrapGMX_Standard,Pipe Fittings,Long Kim Dang
410_PF_GS_cFrogFlap_Socket_GMX,Pipe Fittings,Danh Hong Nguyen
410_PF_GS_cSealingPlugsWithVentilationSlots_PushOnJoint,Pipe Fittings,Long Kim Dang
410_PF_GS_eAngleBend_1PushShortSocket_GMX,Pipe Fittings,Danh Hong Nguyen
410_PF_GS_eAngleBend_1PushSocket_GMX,Pipe Fittings,Long Kim Dang
410_PF_GS_eBasinConnector_1PushSocket_GMX,Pipe Fittings,Nhan Danh Huynh
410_PF_GS_eBend_1PushSocket_GMX,Pipe Fittings,Danh Hong Nguyen
410_PF_GS_eBend_NoSocket_GMX,Pipe Fittings,Nhan Danh Huynh
410_PF_GS_eBendWithCalm_1PushSocket_GMX,Pipe Fittings,Danh Hong Nguyen
410_PF_GS_eNarrowBend_1PushSocketAndTightRadius_GMX,Pipe Fittings,Nhan Danh Huynh
410_PF_GS_eReductionAngleBend_1PushSocket_GMX,Pipe Fittings,Nhan Danh Huynh
410_PF_GS_eReductionAngleBendShort_1PushSocket_GMX,Pipe Fittings,Long Kim Dang
410_PF_GS_mOptimisationPart_1PushSocket,Pipe Fittings,Nhan Danh Huynh
410_PF_GS_rAdapterConcentric_1PushSocket_GMX,Pipe Fittings,Hung Tien Nguyen
410_PF_GS_rAdapterConcentricSpigot_1PushSocket_GMX,Pipe Fittings,Nhan Danh Huynh
410_PF_GS_rConcentricOptimiser_1PushSocket_GMX,Pipe Fittings,Danh Hong Nguyen
410_PF_GS_rTransitiontoCastIron_PushSocket_GMX,Pipe Fittings,Khoa Dang Doan
410_PF_GS_tReducingSingleBranches45Deg_1BushSocket_GMX,Pipe Fittings,Nhan Danh Huynh
410_PF_GS_tSingleBranches_45Deg_NoSocket_GMX,Pipe Fittings,Danh Hong Nguyen
410_PF_GS_tSingleBranchesTee_2PushSocketAndSpigot_GMX,Pipe Fittings,Nhan Danh Huynh
410_PF_GS_tTeeBranches_2PushSocket_GMX,Pipe Fittings,Khoa Dang Doan
410_PF_GS_tTransitionBranch45DegTee_2PushSocket_GMX,Pipe Fittings,Khoa Dang Doan
410_PF_GS_uBends_1PushSocket_GMX,Pipe Fittings,Nhan Danh Huynh
410_PF_GS_uGutterPipes_1PushSocket_GMX,Pipe Fittings,Long Kim Dang
410_PF_GS_uGutterRound_SocketAndStandard,Pipe Fittings,Danh Hong Nguyen
410_PF_GS_uLongCleaningOpening_1PushSocket_GMX,Pipe Fittings,Khoa Dang Doan
410_PF_GS_uLongCleaningOpening_NoSocket_GMX,Pipe Fittings,Danh Hong Nguyen
410_PF_GS_uLongUnion_1PushSocket_GMX,Pipe Fittings,Danh Hong Nguyen
410_PF_GS_uSpigottoPlastic_1PushSocket_GMX,Pipe Fittings,Hung Tien Nguyen
410_PF_GS_uTransitionSMLtoGMX_1PushSocket,Pipe Fittings,Nhan Danh Huynh
410_PF_GS_uTranstiontoCastIron_GMX,Pipe Fittings,Nhan Danh Huynh
410_PF_GS_uUnion_2PushSocket_GMX,Pipe Fittings,Danh Hong Nguyen
410_PF_GS_xDoubleCorrnerBranches_3PushSocket_GMX,Pipe Fittings,Danh Hong Nguyen
410_PF_GS_xReducingDoubleBranches_3PushSocket_GMX,Pipe Fittings,Khoa Dang Doan
410_PF_HDPE_cProtectionCap,Pipe Fittings,Danh Hong Nguyen
410_PF_HDPE_cProtectionCapForPipeEnd_Standard,Pipe Fittings,Nhan Danh Huynh
410_PF_HDPE_cThreadedConnectorWithScrewCap,Pipe Fittings,Danh Hong Nguyen
410_PF_HDPE_eBend90Deg_Reducer_Welded,Pipe Fittings,Danh Hong Nguyen
410_PF_HDPE_eBend_Welded,Pipe Fittings,Khoa Dang Doan
410_PF_HDPE_eConnectionBend88Deg_ForFloorStandingWC,Pipe Fittings,Danh Hong Nguyen
410_PF_HDPE_eConnectionBend90Deg_ForWallHungWC,Pipe Fittings,Khoa Dang Doan
410_PF_HDPE_eScrewCap,Pipe Fittings,Long Kim Dang
410_PF_HDPE_eSegmentBend_Welded,Pipe Fittings,Khoa Dang Doan
410_PF_HDPE_fLooseFlange_Flanged,Pipe Fittings,Long Kim Dang
410_PF_HDPE_mDoubleConnectionBend90Deg_HorizontalForWallHungWC,Pipe Fittings,Nhan Danh Huynh
410_PF_HDPE_mPTrap,Pipe Fittings,Nhan Danh Huynh
410_PF_HDPE_mQuadrupleDoubleBrandFitting88Deg_Welded,Pipe Fittings,Khoa Dang Doan
410_PF_HDPE_mReducedRingSealSocket_Socket,Pipe Fittings,Khoa Dang Doan
410_PF_HDPE_mRunningTrap_Standard,Pipe Fittings,Khoa Dang Doan
410_PF_HDPE_mSoventFitting_Welded,Pipe Fittings,Long Kim Dang
410_PF_HDPE_mSTrap_Standard,Pipe Fittings,Nhan Danh Huynh
410_PF_HDPE_mUniversalTrap_WithFlangeBushing,Pipe Fittings,Nhan Danh Huynh
410_PF_HDPE_mWasteManifold,Pipe Fittings,Danh Hong Nguyen
410_PF_HDPE_rAdaptorSocket_DN90xDN100,Pipe Fittings,Nhan Danh Huynh
410_PF_HDPE_rCompressionJoint_MechanicalJoint,Pipe Fittings,Khoa Dang Doan
410_PF_HDPE_rReducerAdaptor_MaleThreaded,Pipe Fittings,Long Kim Dang
410_PF_HDPE_rReducer_Welded,Pipe Fittings,Danh Hong Nguyen
410_PF_HDPE_rStraightConnectorWithRingSealSocket_WC,Pipe Fittings,Nhan Danh Huynh
410_PF_HDPE_tBreechesBranchFitting2x30Deg_Welded,Pipe Fittings,Long Kim Dang
410_PF_HDPE_tDoubleConnectionBend90Deg_ForSleeve,Pipe Fittings,Khoa Dang Doan
410_PF_HDPE_tDoubleConnectionBend90Deg_SlipJoint_VerticalForWallHungWC,Pipe Fittings,Khoa Dang Doan
410_PF_HDPE_tLateralTee_Welded,Pipe Fittings,Long Kim Dang
410_PF_HDPE_tSilen_DB20BreechesBranchFitting90Deg_Welded,Pipe Fittings,Danh Hong Nguyen
410_PF_HDPE_uAccessPipe45Deg_RoundServiceOpening_Welded,Pipe Fittings,Nhan Danh Huynh
410_PF_HDPE_uAccessPipe90Deg_OvalServiceOpening_Welded,Pipe Fittings,Danh Hong Nguyen
410_PF_HDPE_uAccessPipe90Deg_RoundServiceOpening_Welded,Pipe Fittings,Danh Hong Nguyen
410_PF_HDPE_uAdapterUnion_FemaleThreadAndCompressionJoint,Pipe Fittings,Nhan Danh Huynh
410_PF_HDPE_uAdapterUnion_FemaleThreaded,Pipe Fittings,Long Kim Dang
410_PF_HDPE_uClampingConnector,Pipe Fittings,Nhan Danh Huynh
410_PF_HDPE_uExpansion_Socket,Pipe Fittings,Quan Dinh Nguyen
410_PF_HDPE_uFlangeAdapter_Standard,Pipe Fittings,Khoa Dang Doan
410_PF_HDPE_uFlangeBushing_Standard,Pipe Fittings,Khoa Dang Doan
410_PF_HDPE_uStraightAdapter_CompressionAndSpigot,Pipe Fittings,Long Kim Dang
410_PF_HDPE_uStraightAdapterHDPEToPVC_ButtFusionAndPushOnJoint,Pipe Fittings,Long Kim Dang
410_PF_HDPE_uStraightAdapterToCastIronPipe,Pipe Fittings,Nhan Danh Huynh
410_PF_HDPE_uStraightAdapter_WithMaleThread&CompressionJoint_Standard,Pipe Fittings,Nhan Danh Huynh
410_PF_HDPE_uStraightConnector_ForFloorStandingWC,Pipe Fittings,Danh Hong Nguyen
410_PF_HDPE_uStraightConnectorForWC_ButtFusionAndPushOnJoint,Pipe Fittings,Long Kim Dang
410_PF_HDPE_uUnionConnection_WeldingJoints,Pipe Fittings,Long Kim Dang
410_PF_HDPE_uUnion_FemaleThreadAndCompression,Pipe Fittings,Long Kim Dang
410_PF_HDPE_xDoubleBrandFitting45Deg_Welded,Pipe Fittings,Danh Hong Nguyen
410_PF_PE_eBendForWandWC,Pipe Fittings,Nhan Danh Huynh
410_PF_PEXA_eElbow_QE,Pipe Fittings,Khoa Dang Doan
410_PF_PEXA_eHotBending_QE,Pipe Fittings,Khoa Dang Doan
410_PF_PEXA_fEvolutionRing_QE,Pipe Fittings,Khoa Dang Doan
410_PF_PEXA_fRing_QE,Pipe Fittings,Khoa Dang Doan
410_PF_PEXA_rReducerAdaptor_MaleThreadedAndQE,Pipe Fittings,Khoa Dang Doan
410_PF_PPMD_eBend_SocketAndSpigot_Silent,Pipe Fittings,Long Kim Dang
410_PF_PPMD_mCombinedCornerBranch_SocketAndSpigot_Silent,Pipe Fittings,Long Kim Dang
410_PF_PPMD_mCombinedCornerBranch_SocketAndSpigot_SilentPro,Pipe Fittings,Long Kim Dang
410_PF_PPMD_mCornerBranch88Deg_SocketAndSpigot_SilentPro,Pipe Fittings,Long Kim Dang
410_PF_PPMD_rReducerEccentric_SocketAndSpigot_Silent,Pipe Fittings,Khoa Dang Doan
410_PF_PPMD_tBranchSweptEntry88Deg_SocketAndSpigot_Silent,Pipe Fittings,Danh Hong Nguyen
410_PF_PPMD_tDoubleConnectionBend90Deg_Extended_Silent,Pipe Fittings,Danh Hong Nguyen
410_PF_PPMD_uAccessPipe90DegWithRoundServiceOpening_SocketAndSpigot_SilentPro,Pipe Fittings,Hung Tien Nguyen
410_PF_PPMD_xDuctBranchSweptEntry88DegLeft_SocketAndSpigot_Silent,Pipe Fittings,Long Kim Dang
410_PF_PP_mOdorTrapForSinkHorizontal_Standard,Pipe Fittings,Long Kim Dang
410_PF_PP_mOdorTrapForSinkVerticalAndHorizontal_Standard,Pipe Fittings,Long Kim Dang
410_PF_PP_mOdorTrapForSinkVertical_Standard,Pipe Fittings,Long Kim Dang
410_PF_PPMX_eElbow_SocketAndSpigot_SilentPro,Pipe Fittings,Danh Hong Nguyen
410_PF_PPMX_rReducerEccentric_SocketAndSpigot_SilentPro,Pipe Fittings,Danh Hong Nguyen
410_PF_PPMX_uSlipCoupling_PushOnJoint_SilentPro,Pipe Fittings,Long Kim Dang
410_PF_PPMX_wParallelBrand45Deg_SocketAndSpigot_SilentPro,Pipe Fittings,Hung Tien Nguyen
410_PF_PPR_cEndCap_SocketFusion,Pipe Fittings,Nhan Danh Huynh
410_PF_PPR_eElbow90DegBracket_FemaleThreadAndSocketFusion,Pipe Fittings,Danh Hong Nguyen
410_PF_PPR_eElbow90DegBracket_MaleThreadAndSocketFusion,Pipe Fittings,Danh Hong Nguyen
410_PF_PPR_eElbow90Deg_FemaleThreadAndSocketFusion,Pipe Fittings,Danh Hong Nguyen
410_PF_PPR_eElbow90Deg_MaleThreadAndSocketFusion,Pipe Fittings,Long Kim Dang
410_PF_PPR_eElbow_SocketFusion,Pipe Fittings,Long Kim Dang
410_PF_PPR_mCoupling_FemaleThreadAndSocketFusion,Pipe Fittings,Long Kim Dang
410_PF_PPR_rReducing_SocketFusion,Pipe Fittings,Nhan Danh Huynh
410_PF_PPR_tTee_FemaleThreadedAndSocketFusion,Pipe Fittings,Nhan Danh Huynh
410_PF_PPR_tTee_MaleThreadedAndSocketFusion,Pipe Fittings,Nhan Danh Huynh
410_PF_PPR_tTee_SocketFusion,Pipe Fittings,Danh Hong Nguyen
410_PF_PPR_uCoupling_FemaleThreadAndSocketFusion,Pipe Fittings,Danh Hong Nguyen
410_PF_PPR_uCoupling_MaleThreadAndSocketFusion,Pipe Fittings,Danh Hong Nguyen
410_PF_PPR_uUnion_BushSocketFusion,Pipe Fittings,Long Kim Dang
410_PF_PPR_uUnion_SocketFusion,Pipe Fittings,Nhan Danh Huynh
410_PF_PP_tBranch_SocketSpigot_Silent,Pipe Fittings,Long Kim Dang
410_PF_PP_uAccessPipe90Deg_SocketAndSpigot_WithRoundServiceOpening&Silent,Pipe Fittings,Quan Dinh Nguyen
410_PF_PP_xDoubleBranchFitting88Deg_SocketAndSpigot_Silent,Pipe Fittings,Danh Hong Nguyen
410_PF_PP_xDoubleBranchFitting88Deg_SocketAndSpigot_SweptEntryAndSilent,Pipe Fittings,Danh Hong Nguyen
410_PF_SilentPro_tBranch_SocketAndSpigot_SweptEntry88Deg,Pipe Fittings,Nhan Danh Huynh
410_PF_SilentPro_tDuctBranch_SweptEntry88DegLeft_SocketAndSpigot,Pipe Fittings,Quy Ngoc Ha
410_PF_SilentPro_tTeeBranch_SocketSpigot,Pipe Fittings,Quy Ngoc Ha
410_PF_SilentPro_xCrossDoubleBranchFitting88DegSweptEntry_SocketAndSpigot,Pipe Fittings,Quan Dinh Nguyen
410_PF_SS_cCap_Mapress,Pipe Fittings,Long Kim Dang
410_PF_SS_cDrainplugWithScrewedPlug,Pipe Fittings,Nhan Danh Huynh
410_PF_SS_cSocketPlug,Pipe Fittings,Danh Hong Nguyen
410_PF_SS_cSocketPlugWithClamp,Pipe Fittings,Nhan Danh Huynh
410_PF_SS_cVentCowl_Standard,Pipe Fittings,Nhan Danh Huynh
410_PF_SS_eBend_15_1Socket,Pipe Fittings,Danh Hong Nguyen
410_PF_SS_eBend_30_1Socket,Pipe Fittings,Nhan Danh Huynh
410_PF_SS_eBend45Degrees_SocketAndStandard,Pipe Fittings,Nhan Danh Huynh
410_PF_SS_eBend87_Socket,Pipe Fittings,Danh Hong Nguyen
410_PF_SS_eBendWith250mmOblong_Clamp,Pipe Fittings,Khoa Dang Doan
410_PF_SS_eElbow90DegAdaptor_FemaleThreadedAndPlainEndAndMapress,Pipe Fittings,Quan Dinh Nguyen
410_PF_SS_eElbow90DegAdaptor_MaleThreadAndMapress,Pipe Fittings,Quan Dinh Nguyen
410_PF_SS_eElbow90Deg_FemaleThreadAndMapress,Pipe Fittings,Nhan Danh Huynh
410_PF_SS_eElbow90DegTapConnector_Mapress,Pipe Fittings,Nhan Danh Huynh
410_PF_SS_eElbow_Mapress,Pipe Fittings,Quan Dinh Nguyen
410_PF_SS_eElbowTapConector90Degree_Mapress,Pipe Fittings,Hung Tien Nguyen
410_PF_SS_eLongBend_1Socket,Pipe Fittings,Quan Dinh Nguyen
410_PF_SS_ePTrap_SocketAndSpigot,Pipe Fittings,Quy Ngoc Ha
410_PF_SS_eTElbowTapConnector90Deg_Mapress_Offset,Pipe Fittings,Nhan Danh Huynh
410_PF_SS_mCornerElbow90Deg_Mapress,Pipe Fittings,Nhan Danh Huynh
410_PF_SS_rAdaptorReducer_FemaleThreadedAndMapress,Pipe Fittings,Nhan Danh Huynh
410_PF_SS_rConcentricIncreaserCoupling_Standard,Pipe Fittings,Quy Ngoc Ha
410_PF_SS_rConnectorExternalThreadSpigot,Pipe Fittings,Quy Ngoc Ha
410_PF_SS_rConnectorInternal_ThreadSpigot,Pipe Fittings,Quy Ngoc Ha
410_PF_SS_rConnector_Socket,Pipe Fittings,Hung Tien Nguyen
410_PF_SS_rConnector_SocketAndThreaded,Pipe Fittings,Danh Hong Nguyen
410_PF_SS_rReducerAdaptor_FemaleThreadedAndMapress_PlainEndLong,Pipe Fittings,Nhan Danh Huynh
410_PF_SS_rReducerWithPlainEnd_Mapress,Pipe Fittings,Nhan Danh Huynh
410_PF_SS_rTransition_SocketAndFemaleThreaded,Pipe Fittings,Quan Dinh Nguyen
410_PF_SS_tCornerDoubleBranch87_SocketAndSpigot,Pipe Fittings,Quan Dinh Nguyen
410_PF_SS_tPieceReducer_Mapress,Pipe Fittings,Quy Ngoc Ha
410_PF_SS_tReducingDoubleBranch45_Socket,Pipe Fittings,Quy Ngoc Ha
410_PF_SS_tReducingSingleBranch45Degree_Socket,Pipe Fittings,Quan Dinh Nguyen
410_PF_SS_tReducingSingleBranch87Deg_Socket,Pipe Fittings,Quan Dinh Nguyen
410_PF_SS_tSingleBranch45_SocketAndSpigot,Pipe Fittings,Quan Dinh Nguyen
410_PF_SS_tSweptBranch87Deg_SocketAndSpigot,Pipe Fittings,Nhan Danh Huynh
410_PF_SS_tTeePiece_FemaleThreadedAndMapress,Pipe Fittings,Long Kim Dang
410_PF_SS_tTeePiece_MaleThreadedAndMapress,Pipe Fittings,Long Kim Dang
410_PF_SS_tTeePiece_Mapress,Pipe Fittings,Quy Ngoc Ha
410_PF_SS_tTPiece_Mapress_Equal,Pipe Fittings,Quy Ngoc Ha
410_PF_SS_uAdaptorUnion_FemaleThreadAndMapress,Pipe Fittings,Quan Dinh Nguyen
410_PF_SS_uAdaptorUnion_MaleThreadAndMapress,Pipe Fittings,Danh Hong Nguyen
410_PF_SS_uAdaptor_WithFemaleThreadAndMapress,Pipe Fittings,Quy Ngoc Ha
410_PF_SS_uAdaptor_WithFemaleThreadAndPlainEndLong_Mapress,Pipe Fittings,Quy Ngoc Ha
410_PF_SS_uAdaptor_WithMaleThreadAndMapress,Pipe Fittings,Nhan Danh Huynh
410_PF_SS_uAdaptorWithPlainEnd_MaleThreadAndMapress,Pipe Fittings,Long Kim Dang
410_PF_SS_uAdaptorWithUnionNut_ThreadedAndMapress,Pipe Fittings,Danh Hong Nguyen
410_PF_SS_uAxialExpansion_PressingSockets,Pipe Fittings,Long Kim Dang
410_PF_SS_uBulkhead_Welded,Pipe Fittings,Quy Ngoc Ha
410_PF_SS_uConnectionWithPlainEnd_FlangedAndMapress,Pipe Fittings,Danh Hong Nguyen
410_PF_SS_uConnectionWithPlainEnd_FlangedAndWelded,Pipe Fittings,Quy Ngoc Ha
410_PF_SS_uConnector_FlangedAndSpigot,Pipe Fittings,Danh Hong Nguyen
410_PF_SS_uConnector_SocketAndThreaded,Pipe Fittings,Quy Ngoc Ha
410_PF_SS_uCoupling_Mapress,Pipe Fittings,Long Kim Dang
410_PF_SS_uExpansionSocket,Pipe Fittings,Quy Ngoc Ha
410_PF_SS_uPeakPressure_Standard,Pipe Fittings,Quan Dinh Nguyen
410_PF_SS_uRapid_Coupling,Pipe Fittings,Danh Hong Nguyen
410_PF_SS_uRatStop_SocketAndSpigot,Pipe Fittings,Quan Dinh Nguyen
410_PF_SS_uRepairCoupling_Socket,Pipe Fittings,Long Kim Dang
410_PF_SS_uSocketClamp_Special,Pipe Fittings,Danh Hong Nguyen
410_PF_SS_uSocketClamp_Twopiece,Pipe Fittings,Quan Dinh Nguyen
410_PF_SS_uStraightCoupling_Socket,Pipe Fittings,Quan Dinh Nguyen
410_PF_SS_uUnion_Coupling,Pipe Fittings,Quy Ngoc Ha
410_PF_SS_uUnion_Mapress,Pipe Fittings,Long Kim Dang
410_PF_SS_wCleaningPipes,Pipe Fittings,Danh Hong Nguyen
410_PF_SS_xCornerBranch87Deg_SocketAndSpigot,Pipe Fittings,Quan Dinh Nguyen
410_PF_SS_xDoubleBranch45Deg_SocketAndSpigot,Pipe Fittings,Quan Dinh Nguyen
410_PF_SS_xDoubleBranch87_Socket,Pipe Fittings,Quan Dinh Nguyen
410_PF_SS_xReducingDoubleBranch87.5Degrees_SocketAndSpigot,Pipe Fittings,Quan Dinh Nguyen
410_PF_ST_SanpressDoubleWallPane_Threaded_DN15,Pipe Fittings,Quy Ngoc Ha
410_PF_UPVC_cCap_FemaleThreaded,Pipe Fittings,Quy Ngoc Ha
410_PF_UPVC_cCap_Socket,Pipe Fittings,Quy Ngoc Ha
410_PF_UPVC_eBend90Deg_Socket,Pipe Fittings,Hung Tien Nguyen
410_PF_UPVC_eElbow90DegAdaptor_SocketAndFemaleThreaded,Pipe Fittings,Quy Ngoc Ha
410_PF_UPVC_eElbow90Deg_FemaleThreaded,Pipe Fittings,Danh Hong Nguyen
410_PF_UPVC_eElbow_Socket,Pipe Fittings,Long Kim Dang
410_PF_UPVC_eReducerElbow_Socket,Pipe Fittings,Danh Hong Nguyen
410_PF_UPVC_eShortBend90Deg_Socket,Pipe Fittings,Long Kim Dang
410_PF_UPVC_rBushReducing_Socket,Pipe Fittings,Danh Hong Nguyen
410_PF_UPVC_rLongBushReducing_Socket,Pipe Fittings,Danh Hong Nguyen
410_PF_UPVC_rShortBushReducing_Socket,Pipe Fittings,Quy Ngoc Ha
410_PF_UPVC_tLateralTee90Deg_Socket,Pipe Fittings,Quy Ngoc Ha
410_PF_UPVC_tTee90Deg_FemaleThreaded,Pipe Fittings,Quan Dinh Nguyen
410_PF_UPVC_tTee90Deg_SocketAndFemaleThreaded,Pipe Fittings,Quan Dinh Nguyen
410_PF_UPVC_tTee_Socket,Pipe Fittings,Danh Hong Nguyen
410_PF_UPVC_uAdaptor_SocketAndFemaleThreaded,Pipe Fittings,Quy Ngoc Ha
410_PF_UPVC_uAdaptor_SocketAndFemaleThread_WithoutReinforced,Pipe Fittings,Quy Ngoc Ha
410_PF_UPVC_uAdaptor_SpigotAndFemaleThreaded,Pipe Fittings,Quy Ngoc Ha
410_PF_UPVC_uCoupling_Socket,Pipe Fittings,Quan Dinh Nguyen
410_PF_UPVC_uInspectionPort_Glue,Pipe Fittings,Quan Dinh Nguyen
410_PF_UPVC_uSiphon_Socket,Pipe Fittings,Quan Dinh Nguyen
410_PF_UPVC_xCross_Socket,Pipe Fittings,Nhan Danh Huynh
410_PX_BasementFloorDrain_Horizontal_Coupling_CastIron,Plumbing Fixtures,Nhan Danh Huynh
410_PX_BasementFloorDrain_Horizontal_Coupling_Plastic,Plumbing Fixtures,Nhan Danh Huynh
410_PX_BasementFloorDrain_Vertical_Coupling_CastIron,Plumbing Fixtures,Nhan Danh Huynh
410_PX_BoxGutters_Vertical_Coupling_StainlessSteel,Plumbing Fixtures,Nhan Danh Huynh
410_PX_DoppelPumpStationPowerlift_ACO,Plumbing Fixtures,Quy Ngoc Ha
410_PX_DrainageChannel_B125,Plumbing Fixtures,Quan Dinh Nguyen
410_PX_DuofixElementForSinkAGB,Plumbing Fixtures,Quan Dinh Nguyen
410_PX_DuofixElementForWallHungWC,Plumbing Fixtures,Nhan Danh Huynh
410_PX_DuofixElementForWallHungWC_BarrierFree,Plumbing Fixtures,Quan Dinh Nguyen
410_PX_DuofixElementForWallHungWC_BarrierFree_SigmaConcealedCistern,Plumbing Fixtures,Quan Dinh Nguyen
410_PX_DuofixElementForWashbasin,Plumbing Fixtures,Quy Ngoc Ha
410_PX_DuofixForShower&Bathtub,Plumbing Fixtures,Quy Ngoc Ha
410_PX_DuofixForShower&Bathtub_WallFittingAP,Plumbing Fixtures,Quy Ngoc Ha
410_PX_DuofixForUrinal_Universal,Plumbing Fixtures,Khoa Dang Doan
410_PX_DuofixSigmaToilet12cm_BarrierFree,Plumbing Fixtures,Danh Hong Nguyen
410_PX_DuofixTraverseForStandaloneFaucetKitchenSink,Plumbing Fixtures,Quy Ngoc Ha
410_PX_FaucetWithFlexibleHose,Plumbing Fixtures,Quy Ngoc Ha
410_PX_FlatRoofCompleteDrainVariant_Horizontal_Coupling_StainlessSteel,Plumbing Fixtures,Quy Ngoc Ha
410_PX_FlatRoofCompleteDrainVariant_Vertical_Coupling_StainlessSteel,Plumbing Fixtures,Hung Tien Nguyen
410_PX_FlatRoofSingleDrain_Horizontal_Coupling_CastIron,Plumbing Fixtures,Quy Ngoc Ha
410_PX_FlatRoofSingleDrain_Horizontal_Coupling_StainlessSteel,Plumbing Fixtures,Long Kim Dang
410_PX_FloorDrainExtraInlet_Vertical_Coupling_Standard,Plumbing Fixtures,Danh Hong Nguyen
410_PX_FloorDrain_Horizontal_Coupling_CastIron,Plumbing Fixtures,Danh Hong Nguyen
410_PX_FloorDrain_Horizontal_Coupling_Plastic,Plumbing Fixtures,Quy Ngoc Ha
410_PX_FloorDrain_Horizontal_Coupling_StainlessSteel,Plumbing Fixtures,Quy Ngoc Ha
410_PX_FloorDrain_Vertical_Coupling_Plastic,Plumbing Fixtures,Quy Ngoc Ha
410_PX_FloorDrain_Vertical_Coupling_StainlessSteel,Plumbing Fixtures,Danh Hong Nguyen
410_PX_FloorDrainWithExtensionPieces_Horizontal_Inclination,Plumbing Fixtures,Khoa Dang Doan
410_PX_GardenWater_Kemper,Plumbing Fixtures,Long Kim Dang
410_PX_GreaseDisposalPoint,Plumbing Fixtures,Long Kim Dang
410_PX_GullyGrating,Plumbing Fixtures,Quy Ngoc Ha
410_PX_GutterWithOutLet_Vertical,Plumbing Fixtures,Khoa Dang Doan
410_PX_HorizontalFloorDrain,Plumbing Fixtures,Danh Hong Nguyen
410_PX_InspectionShaft_OnePipe_Nosystem,Plumbing Fixtures,Long Kim Dang
410_PX_InspectionShaft_TwoPipe_Nosystem,Plumbing Fixtures,Quy Ngoc Ha
410_PX_KitchenTap,Plumbing Fixtures,Danh Hong Nguyen
410_PX_ManholeAdjustingUnits_Round_NoSystem,Plumbing Fixtures,Long Kim Dang
410_PX_ManholeBase_CastIn,Plumbing Fixtures,Long Kim Dang
410_PX_ManholeChamberUnits_Round_NoSystem,Plumbing Fixtures,Danh Hong Nguyen
410_PX_ManholeCoverSlabs_Eccentrical_NoSystem,Plumbing Fixtures,Danh Hong Nguyen
410_PX_ManholeReducingSlabs_Eccentrical_NoSystem,Plumbing Fixtures,Quy Ngoc Ha
410_PX_Manhole_Round,Plumbing Fixtures,Danh Hong Nguyen
410_PX_PressureReliefManhole,Plumbing Fixtures,Khoa Dang Doan
410_PX_ReusedRainWaterTank,Plumbing Fixtures,Danh Hong Nguyen
410_PX_RoadGully,Plumbing Fixtures,Quy Ngoc Ha
410_PX_SumpPit_NoSystem,Plumbing Fixtures,Long Kim Dang
410_PX_TapWithMaleHose_Threaded_DN15,Plumbing Fixtures,Long Kim Dang
410_PX_WaterTap,Plumbing Fixtures,Quy Ngoc Ha
410_SE_Conlit150U_NoSystem,Specialty Equipment,Danh Hong Nguyen
410_SE_ConlitFireProtectionSleeve_NoSystem,Specialty Equipment,Quan Dinh Nguyen
410_SE_CoverBox,Specialty Equipment,Quan Dinh Nguyen
410_SE_FireCollar_Horizontal,Specialty Equipment,Khoa Dang Doan
410_SE_PenetrationSealing,Specialty Equipment,Khoa Dang Doan
410_SE_RainStorageTank,Specialty Equipment,Khoa Dang Doan
410_SE_SoakawayTank,Specialty Equipment,Khoa Dang Doan
420_ME_AirCoolHeatPump_MonoBlock,Mechanical Equipment,Long Kim Dang
420_ME_AirCurtain_StandingType,Mechanical Equipment,Long Kim Dang
420_ME_AirCurtain_WallMounted,Mechanical Equipment,Long Kim Dang
420_ME_AirCurtain_WallMounted_Standard,Mechanical Equipment,Long Kim Dang
420_ME_AirHeater_Top,Mechanical Equipment,Hung Tien Nguyen
420_ME_AirSoureHeatPump,Mechanical Equipment,Danh Hong Nguyen
420_ME_BufferHeatingTank,Mechanical Equipment,Long Kim Dang
420_ME_BufferTank_Custom,Mechanical Equipment,Long Kim Dang
420_ME_BufferTank_Standard,Mechanical Equipment,Long Kim Dang
420_ME_BufferTank_StorathermHeat1Coil&WithInsulation,Mechanical Equipment,Long Kim Dang
420_ME_BufferTank_StorathermHeat2Coil&WithInsulation,Mechanical Equipment,Long Kim Dang
420_ME_BufferTank_StorathermHeatCombi1Coil&WithInsulation,Mechanical Equipment,Danh Hong Nguyen
420_ME_BufferTank_StorathermHeatCombi2Coil&WithInsulation,Mechanical Equipment,Hung Tien Nguyen
420_ME_BufferTank_StorathermHeatFlange&WithoutInsulation,Mechanical Equipment,Nhan Danh Huynh
420_ME_BufferTank_StorathermHeat&WithInsulation,Mechanical Equipment,Long Kim Dang
420_ME_CeilingPanel_Standard,Mechanical Equipment,Hung Tien Nguyen
420_ME_ColdWaterTank,Mechanical Equipment,Danh Hong Nguyen
420_ME_CompressedAirTank,Mechanical Equipment,Nhan Danh Huynh
420_ME_ControlValveGroup,Mechanical Equipment,Quy Ngoc Ha
420_ME_Convector_FloorSurface,Mechanical Equipment,Quan Dinh Nguyen
420_ME_EnergyDistributor_6Pairs,Mechanical Equipment,Quy Ngoc Ha
420_ME_EnergyDistributor_8Pairs,Mechanical Equipment,Quan Dinh Nguyen
420_ME_ExpansionTank_FloorStand,Mechanical Equipment,Quy Ngoc Ha
420_ME_ExpansionTank_Standard,Mechanical Equipment,Quan Dinh Nguyen
420_ME_FacadeHeating_Standard,Mechanical Equipment,Quy Ngoc Ha
420_ME_Fancoilunit_UnderfloorTrench_KathermNK,Mechanical Equipment,Quan Dinh Nguyen
420_ME_Fancoilunit_UnderfloorTrench_KathermQE_NoSystem,Mechanical Equipment,Quy Ngoc Ha
420_ME_Fancoilunit_UnderfloorTrench_KathermQK,Mechanical Equipment,Quan Dinh Nguyen
420_ME_Fancoilunit_UnderfloorTrench_KathermQL_1Connector,Mechanical Equipment,Quy Ngoc Ha
420_ME_Fancoilunit_UnderfloorTrench_KathermQL_2Connector,Mechanical Equipment,Quan Dinh Nguyen
420_ME_Fancoilunit_UnderfloorTrench_KathermQL_3Connector,Mechanical Equipment,Quy Ngoc Ha
420_ME_Fancoilunit_UnderfloorTrench_KathermQL_4Connector,Mechanical Equipment,Quan Dinh Nguyen
420_ME_Fancoilunit_UnderfloorTrench_KathermQL_5Connector,Mechanical Equipment,Quy Ngoc Ha
420_ME_FWTransfer,Mechanical Equipment,Quan Dinh Nguyen
420_ME_HeatExchangerFreeCooling_Flange,Mechanical Equipment,Quan Dinh Nguyen
420_ME_HeatExchangerTank_VerticalPump,Mechanical Equipment,Nhan Danh Huynh
420_ME_HeatingCoolingSails_Ceiling,Mechanical Equipment,Danh Hong Nguyen
420_ME_HeatPump_PackageDrooftop_48And50UA&UH,Mechanical Equipment,Quy Ngoc Ha
420_ME_HeatTransferStation_Custom,Mechanical Equipment,Quan Dinh Nguyen
420_ME_HomeStation_DHK,Mechanical Equipment,Danh Hong Nguyen
420_ME_HomeStation_GHK,Mechanical Equipment,Danh Hong Nguyen
420_ME_HomeStation_GHKFBH,Mechanical Equipment,Danh Hong Nguyen
420_ME_HotWaterBoiler,Mechanical Equipment,Danh Hong Nguyen
420_ME_HotWaterStorageTank_Standard,Mechanical Equipment,Danh Hong Nguyen
420_ME_HotWaterStorageTank_StorathermAquaCompact1Coil,Mechanical Equipment,Quy Ngoc Ha
420_ME_HotWaterStorageTank_StorathermAquaCompactWallHung,Mechanical Equipment,Danh Hong Nguyen
420_ME_HotWaterStorageTank_StorathermAquaEEC,Mechanical Equipment,Quy Ngoc Ha
420_ME_HotWaterStorageTank_StorathermAquaHeatPump1Coil,Mechanical Equipment,Long Kim Dang
420_ME_HotWaterStorageTank_StorathermAquaHeatPump2Coil,Mechanical Equipment,Hung Tien Nguyen
420_ME_HotWaterStorageTank_StorathermAquaLoad1Flange,Mechanical Equipment,Nhan Danh Huynh
420_ME_HotWaterStorageTank_StorathermAquaLoad2Flange,Mechanical Equipment,Nhan Danh Huynh
420_ME_HotWaterStorageTank_StorathermAquaLoad3Flange,Mechanical Equipment,Hung Tien Nguyen
420_ME_HotWaterStorageTank_StorathermAquaLoad4Flange,Mechanical Equipment,Danh Hong Nguyen
420_ME_HotWaterStorageTank_StorathermAquaSolar,Mechanical Equipment,Hung Tien Nguyen
420_ME_HotWaterTank,Mechanical Equipment,Hung Tien Nguyen
420_ME_HydraulicSeparator_Flanged,Mechanical Equipment,Hung Tien Nguyen
420_ME_HydraulicSeparator_Threaded,Mechanical Equipment,Hung Tien Nguyen
420_ME_KTS_ThermoBox,Mechanical Equipment,Hung Tien Nguyen
420_ME_LargeBecomixVessel_Vertical,Mechanical Equipment,Nhan Danh Huynh
420_ME_MixedBecomixVessel_Vertical,Mechanical Equipment,Hung Tien Nguyen
420_ME_MultiOutdoorUnit_SingleFan,Mechanical Equipment,Nhan Danh Huynh
420_ME_Pump_WaterJetPump_3Way_Flanged,Mechanical Equipment,Hung Tien Nguyen
420_ME_Pump_WaterJetPump_3Way_Threaded,Mechanical Equipment,Danh Hong Nguyen
420_ME_QuantumW500_DoubleCapacitor,Mechanical Equipment,Hung Tien Nguyen
420_ME_RadiatorBathroom_WallMounted_Basic,Mechanical Equipment,Danh Hong Nguyen
420_ME_RadiatorBathroom_WallMounted_BasicR,Mechanical Equipment,Danh Hong Nguyen
420_ME_RadiatorBathroom_WallMounted_Casteo,Mechanical Equipment,Danh Hong Nguyen
420_ME_RadiatorBathroom_WallMounted_Credohalf,Mechanical Equipment,Hung Tien Nguyen
420_ME_RadiatorBathroom_WallMounted_Credohalfflat,Mechanical Equipment,Quy Ngoc Ha
420_ME_RadiatorBathroom_WallMounted_Credohalfround,Mechanical Equipment,Danh Hong Nguyen
420_ME_RadiatorBathroom_WallMounted_Credoplus,Mechanical Equipment,Danh Hong Nguyen
420_ME_RadiatorBathroom_WallMounted_DecorArteLine,Mechanical Equipment,Quan Dinh Nguyen
420_ME_RadiatorBathroom_WallMounted_DecorArtePlan,Mechanical Equipment,Quan Dinh Nguyen
420_ME_RadiatorBathroom_WallMounted_DecorArtePureHorizontal,Mechanical Equipment,Quy Ngoc Ha
420_ME_RadiatorBathroom_WallMounted_DecorArtePureVertical,Mechanical Equipment,Quy Ngoc Ha
420_ME_RadiatorBathroom_WallMounted_Diveo,Mechanical Equipment,Quy Ngoc Ha
420_ME_RadiatorBathroom_WallMounted_Duett,Mechanical Equipment,Nhan Danh Huynh
420_ME_RadiatorBathroom_WallMounted_Elveo_NoSystem,Mechanical Equipment,Quan Dinh Nguyen
420_ME_RadiatorBathroom_WallMounted_Fineo,Mechanical Equipment,Quy Ngoc Ha
420_ME_RadiatorBathroom_WallMounted_Icaro,Mechanical Equipment,Quan Dinh Nguyen
420_ME_RadiatorBathroom_WallMounted_Ideos,Mechanical Equipment,Quy Ngoc Ha
420_ME_RadiatorBathroom_WallMounted_Ineo,Mechanical Equipment,Quan Dinh Nguyen
420_ME_RadiatorBathroom_WallMounted_Leveo,Mechanical Equipment,Quan Dinh Nguyen
420_ME_RadiatorBathroom_WallMounted_Pateo,Mechanical Equipment,Quy Ngoc Ha
420_ME_RadiatorBathroom_WallMounted_Pio1layer,Mechanical Equipment,Long Kim Dang
420_ME_RadiatorBathroom_WallMounted_Pio2layer,Mechanical Equipment,Quan Dinh Nguyen
420_ME_RadiatorBathroom_WallMounted_PioPlus,Mechanical Equipment,Quan Dinh Nguyen
420_ME_RadiatorBathroom_WallMounted_Rubeo,Mechanical Equipment,Quy Ngoc Ha
420_ME_RadiatorBathroom_WallMounted_Signo,Mechanical Equipment,Quan Dinh Nguyen
420_ME_RadiatorBathroom_WallMounted_Tabeo,Mechanical Equipment,Hung Tien Nguyen
420_ME_RadiatorBathroom_WallMounted_TabeoV,Mechanical Equipment,Hung Tien Nguyen
420_ME_RadiatorElectricPanel_WallMounted_xThermPlanHorizontal_NoSystem,Mechanical Equipment,Quan Dinh Nguyen
420_ME_RadiatorElectricPanel_WallMounted_xThermProfileHorizontal_NoSystem,Mechanical Equipment,Quan Dinh Nguyen
420_ME_RadiatorFlatPanel_WallMounted_ThermX2PlanK,Mechanical Equipment,Quan Dinh Nguyen
420_ME_RadiatorFlatPanel_WallMounted_ThermX2PlanKHygiene,Mechanical Equipment,Quy Ngoc Ha
420_ME_RadiatorFlatPanel_WallMounted_ThermX2PlanKReplacement,Mechanical Equipment,Quy Ngoc Ha
420_ME_RadiatorFlatPanel_WallMounted_ThermX2PlanV,Mechanical Equipment,Quan Dinh Nguyen
420_ME_RadiatorFlatPanel_WallMounted_ThermX2PlanVHygiene,Mechanical Equipment,Quy Ngoc Ha
420_ME_RadiatorFlatPanel_WallMounted_ThermX2PlanVPlus,Mechanical Equipment,Quan Dinh Nguyen
420_ME_RadiatorFlatPanel_WallMounted_ThermX2PlanVPlusHygiene,Mechanical Equipment,Quy Ngoc Ha
420_ME_RadiatorFlatPanel_WallMounted_ThermX2ProfileK,Mechanical Equipment,Quy Ngoc Ha
420_ME_RadiatorFlatPanel_WallMounted_ThermX2ProfileKHygiene,Mechanical Equipment,Long Kim Dang
420_ME_RadiatorFlatPanel_WallMounted_ThermX2ProfileKReplacement,Mechanical Equipment,Long Kim Dang
420_ME_RadiatorFlatPanel_WallMounted_ThermX2ProfileV,Mechanical Equipment,Hung Tien Nguyen
420_ME_RadiatorFlatPanel_WallMounted_ThermX2ProfileVHygiene,Mechanical Equipment,Quy Ngoc Ha
420_ME_RadiatorFlatPanel_WallMounted_ThermX2ProfileVPlus,Mechanical Equipment,Hung Tien Nguyen
420_ME_RadiatorFlatPanel_WallMounted_ThermX2ProfileVPlusHygiene,Mechanical Equipment,Quy Ngoc Ha
420_ME_RadiatorFlatPanel_WallMounted_VerteoPlan,Mechanical Equipment,Quy Ngoc Ha
420_ME_RadiatorFlatPanel_WallMounted_VerteoProfile,Mechanical Equipment,Quy Ngoc Ha
420_ME_RadiatorFlatPanel_WallMounted_xFlairPlanK,Mechanical Equipment,Khoa Dang Doan
420_ME_RadiatorFlatPanel_WallMounted_xFlairPlanV,Mechanical Equipment,Quan Dinh Nguyen
420_ME_RadiatorFlatPanel_WallMounted_xFlairProfileK,Mechanical Equipment,Hung Tien Nguyen
420_ME_RadiatorFlatPanel_WallMounted_xFlairProfileV,Mechanical Equipment,Hung Tien Nguyen
420_ME_RadiatorFlatPanel_WallMounted_xFlairProfileVPlus,Mechanical Equipment,Nhan Danh Huynh
420_ME_RadiatorHeatingWall_WallMounted_Horizontal,Mechanical Equipment,Quy Ngoc Ha
420_ME_RadiatorHeatingWall_WallMounted_ValveHorizontal,Mechanical Equipment,Quy Ngoc Ha
420_ME_RadiatorHeatingWall_WallMounted_ValveVertical,Mechanical Equipment,Long Kim Dang
420_ME_RadiatorHeatingWall_WallMounted_Vertical,Mechanical Equipment,Nhan Danh Huynh
420_ME_Radiator_WallMounted_Standard,Mechanical Equipment,Quan Dinh Nguyen
420_ME_RectangularTubeManifold_8Connection,Mechanical Equipment,Quan Dinh Nguyen
420_ME_RoomClimateModule_StandingType,Mechanical Equipment,Khoa Dang Doan
420_ME_SinglePassTubeHeatExchanger_Horizontal,Mechanical Equipment,Nhan Danh Huynh
420_ME_WaterHeater_Vertical,Mechanical Equipment,Nhan Danh Huynh
420_PA_AirReleaseValve_Thread_Standard,Pipe Accessories,Quy Ngoc Ha
420_PA_AirValve_Thread,Pipe Accessories,Quan Dinh Nguyen
420_PA_BalancingValve_Flanged,Pipe Accessories,Quan Dinh Nguyen
420_PA_BalancingValve_Thread,Pipe Accessories,Quan Dinh Nguyen
420_PA_BalancingValve_Thread_Standard,Pipe Accessories,Quan Dinh Nguyen
420_PA_BallValve3Way_LPort,Pipe Accessories,Hung Tien Nguyen
420_PA_BallValve_Flanged_LeverStandard,Pipe Accessories,Quan Dinh Nguyen
420_PA_BallValve_Flanged_WheelStandard,Pipe Accessories,Quan Dinh Nguyen
420_PA_BallValve_FullBore,Pipe Accessories,Quan Dinh Nguyen
420_PA_BallValve_Threaded,Pipe Accessories,Nhan Danh Huynh
420_PA_BallValve_Thread_LeverStandard,Pipe Accessories,Nhan Danh Huynh
420_PA_BallValve_Thread_WheelStandard,Pipe Accessories,Nhan Danh Huynh
420_PA_BasketStrainerValve_Thread_Standard,Pipe Accessories,Danh Hong Nguyen
420_PA_ButterflyValve_Flanged_GearStandard,Pipe Accessories,Quy Ngoc Ha
420_PA_ButterflyValve_Flanged_Handle,Pipe Accessories,Quy Ngoc Ha
420_PA_ButterflyValve_Flanged_LeverStandard,Pipe Accessories,Nhan Danh Huynh
420_PA_ButterflyValveHandwheel_Flanged,Pipe Accessories,Quy Ngoc Ha
420_PA_ButterflyvalveMotor_Flanged,Pipe Accessories,Nhan Danh Huynh
420_PA_ButterflyValve_Thread_LeverStandard,Pipe Accessories,Nhan Danh Huynh
420_PA_CapValve_Thread,Pipe Accessories,Danh Hong Nguyen
420_PA_CheckValveWithThermometer_Thread,Pipe Accessories,Hung Tien Nguyen
420_PA_DifferentialPressureControlValve_Thread,Pipe Accessories,Hung Tien Nguyen
420_PA_DifferentialPressureGauge_Standard,Pipe Accessories,Nhan Danh Huynh
420_PA_DifferentialPressureSensor,Pipe Accessories,Danh Hong Nguyen
420_PA_DifferentialPressureSensor_Standard,Pipe Accessories,Danh Hong Nguyen
420_PA_DiscCheckValve_Flanged_Standard,Pipe Accessories,Nhan Danh Huynh
420_PA_ExpansionJoint_Flanged,Pipe Accessories,Nhan Danh Huynh
420_PA_ExpansionJoint_Threaded,Pipe Accessories,Nhan Danh Huynh
420_PA_ExpansionJoint_Weld,Pipe Accessories,Hung Tien Nguyen
420_PA_FillAndDrainBallValve_Threaded,Pipe Accessories,Nhan Danh Huynh
420_PA_FilterValve_Flanged,Pipe Accessories,Nhan Danh Huynh
420_PA_FilterValve_Thread,Pipe Accessories,Quan Dinh Nguyen
420_PA_FlexibleConnection_Flanged_Standard,Pipe Accessories,Danh Hong Nguyen
420_PA_FlexibleConnection_Thread_Standard,Pipe Accessories,Danh Hong Nguyen
420_PA_FlowSensor,Pipe Accessories,Nhan Danh Huynh
420_PA_FlowSensor_Flanged_Standard,Pipe Accessories,Hung Tien Nguyen
420_PA_FlowSensor_Thread_Standard,Pipe Accessories,Nhan Danh Huynh
420_PA_GateValve_Flanged_Standard,Pipe Accessories,Quan Dinh Nguyen
420_PA_GateValve_Thread,Pipe Accessories,Quy Ngoc Ha
420_PA_GateValve_Thread_Standard,Pipe Accessories,Nhan Danh Huynh
420_PA_HeatingBallValve_Thread,Pipe Accessories,Nhan Danh Huynh
420_PA_HeatMeter_Flanged,Pipe Accessories,Danh Hong Nguyen
420_PA_LiftCheckValve_Flanged_Standard,Pipe Accessories,Nhan Danh Huynh
420_PA_LiftCheckValve_Thread_Standard,Pipe Accessories,Nhan Danh Huynh
420_PA_ManifoldConnection_Thread,Pipe Accessories,Hung Tien Nguyen
420_PA_MotorizedBallValve_Flanged_Standard,Pipe Accessories,Long Kim Dang
420_PA_MotorizedButterflyValve_Flanged_Standard,Pipe Accessories,Danh Hong Nguyen
420_PA_MotorizedGateValve_Flanged_Standard,Pipe Accessories,Nhan Danh Huynh
420_PA_MotorizedGateValve_Thread_Standard,Pipe Accessories,Nhan Danh Huynh
420_PA_MotorizedGlobeValve_Flanged_Standard,Pipe Accessories,Nhan Danh Huynh
420_PA_MotorizedGlobeValve_Thread_Standard,Pipe Accessories,Quan Dinh Nguyen
420_PA_MotorizedThreeWayValve_Flanged_Standard,Pipe Accessories,Quan Dinh Nguyen
420_PA_MotorizedThreeWayvalve_Thread_Standard,Pipe Accessories,Danh Hong Nguyen
420_PA_PICCV2WayValve_Thread,Pipe Accessories,Quan Dinh Nguyen
420_PA_PICCV3WayValve_Thread,Pipe Accessories,Quan Dinh Nguyen
420_PA_PICVValve_Thread,Pipe Accessories,Danh Hong Nguyen
420_PA_PneumaticGlobeControlValve_Thread,Pipe Accessories,Khoa Dang Doan
420_PA_PressureGauge,Pipe Accessories,Quy Ngoc Ha
420_PA_PressureGauge_2Connection,Pipe Accessories,Quy Ngoc Ha
420_PA_PressureGauge_Standard,Pipe Accessories,Quy Ngoc Ha
420_PA_PressureIndependentControlValveCompact_Threaded,Pipe Accessories,Quan Dinh Nguyen
420_PA_PressureIndependentControlValve_Flanged,Pipe Accessories,Quan Dinh Nguyen
420_PA_PressureIndependentControlValve_Threaded,Pipe Accessories,Quan Dinh Nguyen
420_PA_PressureReducingValveWithGauge_Thread,Pipe Accessories,Quan Dinh Nguyen
420_PA_PressureSensor_Standard,Pipe Accessories,Quan Dinh Nguyen
420_PA_RadiatorLockshield_Thread,Pipe Accessories,Quan Dinh Nguyen
420_PA_RadiatorShutOffValveAngle_Thread,Pipe Accessories,Khoa Dang Doan
420_PA_RadiatorShutOffValveStraight_Thread,Pipe Accessories,Quan Dinh Nguyen
420_PA_RadiatorThermostatic2PointAngleValve_Thread,Pipe Accessories,Quan Dinh Nguyen
420_PA_RadiatorThermostaticAngleValve_Thread,Pipe Accessories,Quan Dinh Nguyen
420_PA_RegulatingValve_Threaded,Pipe Accessories,Danh Hong Nguyen
420_PA_RegulatingValve_Thread_Standard,Pipe Accessories,Nhan Danh Huynh
420_PA_SafetyReliefValveConer_Thread,Pipe Accessories,Nhan Danh Huynh
420_PA_SafetyReliefValveCorner_Flanged,Pipe Accessories,Nhan Danh Huynh
420_PA_SafetyReliefValveStraight_Flanged,Pipe Accessories,Quan Dinh Nguyen
420_PA_SafetyValveCorner_Flanged_Standard,Pipe Accessories,Danh Hong Nguyen
420_PA_SafetyValveCorner_Thread_Standard,Pipe Accessories,Danh Hong Nguyen
420_PA_ShutOffValveWithSafetyFunction_Flanged,Pipe Accessories,Quan Dinh Nguyen
420_PA_SixWayMotorisedControlValve_Threaded,Pipe Accessories,Quan Dinh Nguyen
420_PA_SmartForEnergyManagement_Flanged,Pipe Accessories,Quy Ngoc Ha
420_PA_SmartForEnergyManagement_Thread,Pipe Accessories,Quy Ngoc Ha
420_PA_SpringCheckValve_Flanged_Standard,Pipe Accessories,Nhan Danh Huynh
420_PA_StraightThermostaticValvesForRadiator_Thread,Pipe Accessories,Khoa Dang Doan
420_PA_SwingcheckValve_Flanged,Pipe Accessories,Danh Hong Nguyen
420_PA_SwingcheckValve_Threaded,Pipe Accessories,Hung Tien Nguyen
420_PA_SwingCheckValve_Thread_Standard,Pipe Accessories,Hung Tien Nguyen
420_PA_TemperatureGauge_Standard,Pipe Accessories,Hung Tien Nguyen
420_PA_TemperatureRegulatorValve_SelfOperated,Pipe Accessories,Quy Ngoc Ha
420_PA_TemperatureSensor,Pipe Accessories,Hung Tien Nguyen
420_PA_Thermometer,Pipe Accessories,Hung Tien Nguyen
420_PA_Thermometergauge,Pipe Accessories,Hung Tien Nguyen
420_PA_ThreeWayMotorisedControlValve_Flanged,Pipe Accessories,Quan Dinh Nguyen
420_PA_ThreeWayvalve_Flanged_Standard,Pipe Accessories,Hung Tien Nguyen
420_PA_WaferCheckValve_Flanged_Standard,Pipe Accessories,Danh Hong Nguyen
420_PA_WaterMeter_Flanged,Pipe Accessories,Danh Hong Nguyen
420_PA_WaterMeter_Threaded,Pipe Accessories,Nhan Danh Huynh
420_PA_WaterMeter_Threaded_Standard,Pipe Accessories,Quy Ngoc Ha
420_PA_YStrainer_Flanged,Pipe Accessories,Nhan Danh Huynh
420_PA_YStrainer_Thread,Pipe Accessories,Danh Hong Nguyen
420_PA_YStrainerValve_Flanged_Standard,Pipe Accessories,Danh Hong Nguyen
420_PA_YStrainerValve_Thread_Standard,Pipe Accessories,Danh Hong Nguyen
420_PF_Brass_tThreeWayEqualTee_Compression,Pipe Fittings,Nhan Danh Huynh
420_PF_CO_cCap_Soldered,Pipe Fittings,Hung Tien Nguyen
420_PF_CO_eElbow,Pipe Fittings,Hung Tien Nguyen
420_PF_CO_eElbow_Soldered,Pipe Fittings,Nhan Danh Huynh
420_PF_CO_rReducer_Soldered,Pipe Fittings,Khoa Dang Doan
420_PF_CO_tTee_Soldered,Pipe Fittings,Khoa Dang Doan
420_PF_CO_uUnion_Soldered,Pipe Fittings,Danh Hong Nguyen
420_PF_CO_xCross_Soldered,Pipe Fittings,Nhan Danh Huynh
420_PF_CS_cCap_Mapress,Pipe Fittings,Nhan Danh Huynh
420_PF_CS_cCap_Welded,Pipe Fittings,Danh Hong Nguyen
420_PF_CS_eElbow_SlipJoinAndMapress,Pipe Fittings,Hung Tien Nguyen
420_PF_CS_eElbow_Welded,Pipe Fittings,Danh Hong Nguyen
420_PF_CS_fConnectionFlanged_Welded,Pipe Fittings,Nhan Danh Huynh
420_PF_CS_rReducer_Welded,Pipe Fittings,Nhan Danh Huynh
420_PF_CS_rTransition_MapressAndSlipJoin,Pipe Fittings,Hung Tien Nguyen
420_PF_CS_sTap_Welded,Pipe Fittings,Nhan Danh Huynh
420_PF_CS_tTee_MapressAndSlipJoin,Pipe Fittings,Hung Tien Nguyen
420_PF_CS_tTee_Welded,Pipe Fittings,Nhan Danh Huynh
420_PF_CS_uSocketAdaptor_MapressAndSlipJoin,Pipe Fittings,Hung Tien Nguyen
420_PF_CS_uSocketFlangeAdaptor_SlipJoinAndMapress,Pipe Fittings,Hung Tien Nguyen
420_PF_CS_uUnion_MapressAndSlipJoin,Pipe Fittings,Hung Tien Nguyen
420_PF_CS_uUnion_Welded,Pipe Fittings,Nhan Danh Huynh
420_PF_CS_xCross_Mapress,Pipe Fittings,Nhan Danh Huynh
420_PF_CS_xCross_Welded,Pipe Fittings,Nhan Danh Huynh
420_PF_PE_eElbow_Welded,Pipe Fittings,Nhan Danh Huynh
420_PF_SS_eBendByFormedMachine_Mapress,Pipe Fittings,Khoa Dang Doan
420_SE_DistrictHeatingTransferStation,Specialty Equipment,Khoa Dang Doan
420_SE_PenetrationSealing_Outside,Specialty Equipment,Khoa Dang Doan
430_AT_AirDiffuser_Standard,Air Terminals,Hung Tien Nguyen
430_AT_CircularDiscValves_LVS_Return,Air Terminals,Long Kim Dang
430_AT_CircularDiscValves_ZLVS_Supply,Air Terminals,Danh Hong Nguyen
430_AT_CrossflowCFE_TPP_NoSystem,Air Terminals,Long Kim Dang
430_AT_DeflectorHood_Roof_Rectangular_Exhaust,Air Terminals,Long Kim Dang
430_AT_DeflectorHood_Roof_Rectangular_FreshAirIntake,Air Terminals,Danh Hong Nguyen
430_AT_DeflectorHood_Roof_Round_Exhaust,Air Terminals,Danh Hong Nguyen
430_AT_Diffuser_CeilingHorizontal_1ConnectionAsymmetrical_Return,Air Terminals,Danh Hong Nguyen
430_AT_Diffuser_CeilingHorizontal_1ConnectionAsymmetrical_Supply,Air Terminals,Nhan Danh Huynh
430_AT_Diffuser_CeilingHorizontal_1ConnectionSymmetrical_Return,Air Terminals,Danh Hong Nguyen
430_AT_Diffuser_CeilingHorizontal_1ConnectionSymmetrical_Supply,Air Terminals,Danh Hong Nguyen
430_AT_Diffuser_CeilingHorizontal_2ConnectionAsymmetrical_Return,Air Terminals,Nhan Danh Huynh
430_AT_Diffuser_CeilingHorizontal_2ConnectionAsymmetrical_Supply,Air Terminals,Nhan Danh Huynh
430_AT_Diffuser_CeilingHorizontal_2ConnectionSymmetrical_Return,Air Terminals,Quy Ngoc Ha
430_AT_Diffuser_CeilingHorizontal_2ConnectionSymmetrical_Supply,Air Terminals,Nhan Danh Huynh
430_AT_Diffuser_Ceiling_Rectangular_AIRNAMIC_Return,Air Terminals,Danh Hong Nguyen
430_AT_Diffuser_Ceiling_Rectangular_AIRNAMIC_Supply,Air Terminals,Danh Hong Nguyen
430_AT_Diffuser_Ceiling_Round_AIRNAMIC_Exhaust,Air Terminals,Hung Tien Nguyen
430_AT_Diffuser_Ceiling_Round_AIRNAMIC_Supply,Air Terminals,Danh Hong Nguyen
430_AT_Diffuser_CeilingVertical_1ConnectionSymmetrical_Return,Air Terminals,Nhan Danh Huynh
430_AT_Diffuser_CeilingVertical_1ConnectionSymmetrical_Supply,Air Terminals,Nhan Danh Huynh
430_AT_Diffuser_CeilingVertical_2ConnectionSymmetrical_Return,Air Terminals,Long Kim Dang
430_AT_Diffuser_CeilingVertical_2ConnectionSymmetrical_Supply,Air Terminals,Nhan Danh Huynh
430_AT_Diffuser_FloorHorizontal_Rectangular_AH_Return,Air Terminals,Danh Hong Nguyen
430_AT_Diffuser_FloorHorizontal_Rectangular_AH_Supply,Air Terminals,Quy Ngoc Ha
430_AT_Diffusers_Floor_FBK_Return,Air Terminals,Long Kim Dang
430_AT_Diffusers_Floor_FBK_Supply,Air Terminals,Long Kim Dang
430_AT_Diffusers_Wall_CHM_Supply,Air Terminals,Hung Tien Nguyen
430_AT_Diffusers_Wall_CHS_Supply,Air Terminals,Nhan Danh Huynh
430_AT_DiscValvesSTVA_Return,Air Terminals,Danh Hong Nguyen
430_AT_DiscValvesSTVZ_Supply,Air Terminals,Hung Tien Nguyen
430_AT_DisplacementFlowDiffusers_Wall_QLF_Supply,Air Terminals,Quy Ngoc Ha
430_AT_DisplacementFlowDiffusers_Wall_QLV_Supply,Air Terminals,Quy Ngoc Ha
430_AT_DoubleSlot_CeilingHorizontal_1ConnectionSymmetrical_Withbox,Air Terminals,Danh Hong Nguyen
430_AT_EggCrateAirGrill_HorizontalCeiling_Rectangular_Return,Air Terminals,Danh Hong Nguyen
430_AT_ExternalRainProtectionGrill_Wall_Round,Air Terminals,Quy Ngoc Ha
430_AT_FloorDisplacementDiffuser_QB,Air Terminals,Khoa Dang Doan
430_AT_Grilles_Wall_Rectangular_TRS_FreshAirIntake,Air Terminals,Nhan Danh Huynh
430_AT_Grilles_Wall_Rectangular_TRS_Return,Air Terminals,Quy Ngoc Ha
430_AT_Grilles_Wall_Rectangular_TRS_Supply,Air Terminals,Danh Hong Nguyen
430_AT_GrilleWeatherProtectionExhaust_Wall_Rectangular_WGALWidthSubdivided,Air Terminals,Quy Ngoc Ha
430_AT_GrilleWeatherProtection_Wall_Rectangular_WGAL_Exhaust,Air Terminals,Danh Hong Nguyen
430_AT_GrilleWeatherProtection_Wall_Rectangular_WGALHeightSubdividedExhaust,Air Terminals,Quy Ngoc Ha
430_AT_GrilleWeatherProtection_Wall_Rectangular_WGAL_Supply,Air Terminals,Danh Hong Nguyen
430_AT_InspectionOpenings_RecDuctHorizontal_Rectangular,Air Terminals,Long Kim Dang
430_AT_InspectionOpenings_RoundDuctHorizontal_Oval,Air Terminals,Danh Hong Nguyen
430_AT_JetDiffuser_Round_Standard,Air Terminals,Danh Hong Nguyen
430_AT_LamellarHood_Roof_Rectangular_Exhaust,Air Terminals,Quy Ngoc Ha
430_AT_LamellarHood_Roof_Rectangular_FreshAirIntake,Air Terminals,Quy Ngoc Ha
430_AT_LinearDisplacementDiffuser_FloorStand_LBQ,Air Terminals,Khoa Dang Doan
430_AT_LourveCover_Roof,Air Terminals,Danh Hong Nguyen
430_AT_Louvre_Standard,Air Terminals,Danh Hong Nguyen
430_AT_NodeFlushChannelPlenumOpposedHorizontalFlow_Supply,Air Terminals,Khoa Dang Doan
430_AT_NozzlesElectricActuator_DUK_E_Exhaust,Air Terminals,Danh Hong Nguyen
430_AT_NozzlesElectricActuator_DUK_E_Supply,Air Terminals,Danh Hong Nguyen
430_AT_Nozzles_Exhaust,Air Terminals,Nhan Danh Huynh
430_AT_Nozzles_Return,Air Terminals,Nhan Danh Huynh
430_AT_Nozzles_Supply,Air Terminals,Nhan Danh Huynh
430_AT_Nozzle_Standard,Air Terminals,Nhan Danh Huynh
430_AT_RoofHood,Air Terminals,Quy Ngoc Ha
430_AT_RoundLouver_Standard,Air Terminals,Quy Ngoc Ha
430_AT_SchakoDiffuser_HorizontalCeiling_Rectangular_Return,Air Terminals,Hung Tien Nguyen
430_AT_SchakoDiffuser_HorizontalCeiling_Rectangular_Supply,Air Terminals,Quy Ngoc Ha
430_AT_SchakoDisplacementDiffusersSupply_FloorMounted_WQARU,Air Terminals,Khoa Dang Doan
430_AT_SchakoDisplacementDiffusers_Wall_WQA_Supply,Air Terminals,Nhan Danh Huynh
430_AT_SlotDiffuserDSXXXLP2A_Return,Air Terminals,Hung Tien Nguyen
430_AT_SlotDiffuserDSXXXLP2A_Supply,Air Terminals,Hung Tien Nguyen
430_AT_SmokeExtractionAndVentilationHood_Roof_Rectangular_Exhaust,Air Terminals,Nhan Danh Huynh
430_AT_SwirlDiffuser4Ways_Ceiling_Rectangular_Return,Air Terminals,Hung Tien Nguyen
430_AT_SwirlDiffuser4Ways_Ceiling_Rectangular_Supply,Air Terminals,Hung Tien Nguyen
430_AT_SwirlDiffuser_CeilingHorizontal_Rectangular_PerforatedMetalTiles_Return,Air Terminals,Nhan Danh Huynh
430_AT_SwirlDiffuser_CeilingHorizontal_Rectangular_PerforatedMetalTiles_Supply,Air Terminals,Nhan Danh Huynh
430_AT_SwirlDiffuser_CeilingHorizontal_Round_Supply,Air Terminals,Hung Tien Nguyen
430_AT_SwirlDiffuser_CeilingVertical_Rectangular_PerforatedMetalTiles_Return,Air Terminals,Hung Tien Nguyen
430_AT_SwirlDiffuser_CeilingVertical_Rectangular_PerforatedMetalTiles_Supply,Air Terminals,Hung Tien Nguyen
430_AT_SwirlDiffuser_CeilingVertical_Rectangular_Return,Air Terminals,Danh Hong Nguyen
430_AT_SwirlDiffuser_CeilingVertical_Round_Return,Air Terminals,Hung Tien Nguyen
430_AT_SwirlDiffuser_CeilingVertical_Round_Supply,Air Terminals,Quan Dinh Nguyen
430_AT_SwirlDiffuser_HorizontalCeiling_Rectangular_Return,Air Terminals,Quy Ngoc Ha
430_AT_SwirlDiffusers_Ceiling_Round_RFDV_Return,Air Terminals,Nhan Danh Huynh
430_AT_SwirlDiffusers_Ceiling_Round_RFDV_Supply,Air Terminals,Nhan Danh Huynh
430_AT_SwirlDiffuser_VerticalCeiling_Rectangular_Supply,Air Terminals,Quy Ngoc Ha
430_AT_TextileDiffuser_Supply,Air Terminals,Quan Dinh Nguyen
430_AT_VentilationGrilles_DoorWall_AGS_Exhaust,Air Terminals,Quy Ngoc Ha
430_AT_VentilationGrilles_DoorWall_AGS_Supply,Air Terminals,Quy Ngoc Ha
430_AT_VentilationGrilles_Rectangular_Standard,Air Terminals,Hung Tien Nguyen
430_AT_VentilationGrilles_RoundDuctHorizontal_TRSR_Return,Air Terminals,Hung Tien Nguyen
430_AT_VentilationGrilles_RoundDuctHorizontal_TRSR_Supply,Air Terminals,Quan Dinh Nguyen
430_AT_VentilationGrilles_RoundDuct_Standard,Air Terminals,Quan Dinh Nguyen
430_DA_AirtightLouverDamper,Duct Accessories,Khoa Dang Doan
430_DA_CircularSilencers_CA_050,Duct Accessories,Hung Tien Nguyen
430_DA_CircularSilencers_CA_100,Duct Accessories,Khoa Dang Doan
430_DA_CircularSilencers_CB,Duct Accessories,Long Kim Dang
430_DA_CircularSilencers_CS,Duct Accessories,Hung Tien Nguyen
430_DA_ConstantVolumeFlowControl_Rectangular_ConstantFlowEN,Duct Accessories,Danh Hong Nguyen
430_DA_ConstantVolumeFlowControl_Rectangular_ConstantFlowENEx,Duct Accessories,Nhan Danh Huynh
430_DA_ConstantVolumeFlowControl_Round_ConstantFlowRN,Duct Accessories,Hung Tien Nguyen
430_DA_ConstantVolumeFlowControl_Round_ConstantFlowRNEx,Duct Accessories,Danh Hong Nguyen
430_DA_ConstantVolumeFlowControl_Round_ConstantFlowVFC,Duct Accessories,Nhan Danh Huynh
430_DA_ConstantVolumeFlowControl_Round_ConstantFlowVFL,Duct Accessories,Danh Hong Nguyen
430_DA_FireDampers_CommercialKitchens_KA_EU,Duct Accessories,Danh Hong Nguyen
430_DA_FireDampers_FireProtectionValve_FV_EU,Duct Accessories,Hung Tien Nguyen
430_DA_FireDampersForCeiling_KU_K30,Duct Accessories,Nhan Danh Huynh
430_DA_FireInsulationSheets_Fitting_Promat_L90,Duct Accessories,Danh Hong Nguyen
430_DA_FireInsulationSheets_Promat_L90,Duct Accessories,Danh Hong Nguyen
430_DA_FireProtectionDamper_Round_FLIVE,Duct Accessories,Hung Tien Nguyen
430_DA_FlexibleConnection_Rectangular,Duct Accessories,Nhan Danh Huynh
430_DA_FlexibleConnection_Round,Duct Accessories,Nhan Danh Huynh
430_DA_FlowAdjustmentDampers,Duct Accessories,Nhan Danh Huynh
430_DA_IntumescentDamper_OverflowGrill_NoSystem,Duct Accessories,Nhan Danh Huynh
430_DA_MultileafDamperRec_LowLeakage,Duct Accessories,Danh Hong Nguyen
430_DA_NonReturnValves,Duct Accessories,Nhan Danh Huynh
430_DA_PressureOverflowElements,Duct Accessories,Hung Tien Nguyen
430_DA_PressureReliefDamper_Rectangular_Standard_NoSystem,Duct Accessories,Nhan Danh Huynh
430_DA_RecFireDamperMechanism_FK2EU,Duct Accessories,Nhan Danh Huynh
430_DA_RecFireDampers_FKEU,Duct Accessories,Khoa Dang Doan
430_DA_RoundFireDampers_FKREU,Duct Accessories,Danh Hong Nguyen
430_DA_RoundFireDampers_FKRS_EU,Duct Accessories,Hung Tien Nguyen
430_DA_SchakoConstantVolumeFlowControl_Round_ConstantFlowVLV,Duct Accessories,Danh Hong Nguyen
430_DA_SchakoSilencer_Round_RS,Duct Accessories,Nhan Danh Huynh
430_DA_ShutOffDevices_AKEx,Duct Accessories,Hung Tien Nguyen
430_DA_ShutOffDevices_AKK,Duct Accessories,Hung Tien Nguyen
430_DA_Silencer_Rectangular_Standard,Duct Accessories,Nhan Danh Huynh
430_DA_Silencer_Round_Standard,Duct Accessories,Nhan Danh Huynh
430_DA_SilencersVAV_Rectangular_TS,Duct Accessories,Nhan Danh Huynh
430_DA_SilencersVAV_Rectangular_TX,Duct Accessories,Danh Hong Nguyen
430_DA_SmokeControlDamper_EKEU,Duct Accessories,Nhan Danh Huynh
430_DA_SmokeControlDamper_EKJZ,Duct Accessories,Danh Hong Nguyen
430_DA_SmokeDetectorinDucts_RMOVSD,Duct Accessories,Hung Tien Nguyen
430_DA_SmokeProtectionDamper_JZRS,Duct Accessories,Hung Tien Nguyen
430_DA_TunnelDampers_JF,Duct Accessories,Danh Hong Nguyen
430_DA_VariableAirVolume_Rectangular_MQTH,Duct Accessories,Hung Tien Nguyen
430_DA_VariableAirVolume_Round_MQTH,Duct Accessories,Hung Tien Nguyen
430_DA_VariableVolumeFlowControl_Rectangular_VaryControlTASilenzio,Duct Accessories,Hung Tien Nguyen
430_DA_VariableVolumeFlowControl_Rectangular_VaryControlTVA,Duct Accessories,Nhan Danh Huynh
430_DA_VariableVolumeFlowControl_Rectangular_VaryControlTVJ,Duct Accessories,Danh Hong Nguyen
430_DA_VariableVolumeFlowControl_Rectangular_VaryControlTVM,Duct Accessories,Long Kim Dang
430_DA_VariableVolumeFlowControl_Rectangular_VaryControlTVT,Duct Accessories,Nhan Danh Huynh
430_DA_VariableVolumeFlowControl_Rectangular_VaryControlTVZ,Duct Accessories,Long Kim Dang
430_DA_VariableVolumeFlowControl_Rectangular_VaryControlTZSilenzio,Duct Accessories,Hung Tien Nguyen
430_DA_VariableVolumeFlowControl_Round_VarycontrolTVLK,Duct Accessories,Hung Tien Nguyen
430_DA_VariableVolumeFlowControl_Round_VaryControlTVREX,Duct Accessories,Danh Hong Nguyen
430_DA_VariableVolumeFlowControl_VaryControl_Round_LVC,Duct Accessories,Nhan Danh Huynh
430_DA_VariableVolumeFlowControl_VaryControl_Round_TVR,Duct Accessories,Danh Hong Nguyen
430_DA_VariableVolumeFlowControl_Varycontrol_Round_TVRK,Duct Accessories,Danh Hong Nguyen
430_DA_VolumeFlowRateMeasuringUnits_VME,Duct Accessories,Nhan Danh Huynh
430_DA_VolumeFlowRateMeasuringUnits_VMLK,Duct Accessories,Nhan Danh Huynh
430_DA_VolumeFlowRateMeasuringUnits_VMR,Duct Accessories,Danh Hong Nguyen
430_DA_VolumeFlowRateMeasuringUnits_VMRK,Duct Accessories,Danh Hong Nguyen
430_DF_GS_cBoden_Flanged,Duct Fittings,Danh Hong Nguyen
430_DF_GS_cCapEnd_Spigot_Round,Duct Fittings,Danh Hong Nguyen
430_DF_GS_eBogen_Flanged,Duct Fittings,Danh Hong Nguyen
430_DF_GS_eEckbogen_Flanged,Duct Fittings,Danh Hong Nguyen
430_DF_GS_eRoundElbow_Spigot,Duct Fittings,Danh Hong Nguyen
430_DF_GS_eTransitionElbow_Flanged,Duct Fittings,Hung Tien Nguyen
430_DF_GS_rEtage_Flanged,Duct Fittings,Hung Tien Nguyen
430_DF_GS_rReducer_Spigot_Round,Duct Fittings,Danh Hong Nguyen
430_DF_GS_rUbergang_Flanged,Duct Fittings,Danh Hong Nguyen
430_DF_GS_rUbergangRechteckRund_Flanged_SlipJoint,Duct Fittings,Danh Hong Nguyen
430_DF_GS_sRoundTaps_Spigot,Duct Fittings,Danh Hong Nguyen
430_DF_GS_sUbergangsstutzen_Flanged,Duct Fittings,Danh Hong Nguyen
430_DF_GS_tTee_Spigot_Round,Duct Fittings,Danh Hong Nguyen
430_DF_GS_tTStuck_Flanged,Duct Fittings,Hung Tien Nguyen
430_DF_GS_uCoupling_Spigot_Round,Duct Fittings,Danh Hong Nguyen
430_DF_GS_uUnion_Flanged,Duct Fittings,Nhan Danh Huynh
430_DF_GS_wHosenStuck_Flanged,Duct Fittings,Hung Tien Nguyen
430_DF_GS_xKreuzstuck_Flanged,Duct Fittings,Hung Tien Nguyen
430_ME_AHU_BSF_Standard,Mechanical Equipment,Quy Ngoc Ha
430_ME_AirCompressors_Standard,Mechanical Equipment,Quy Ngoc Ha
430_ME_AirHandingUnit_RectangularLeftConnection_CeilingStand,Mechanical Equipment,Quy Ngoc Ha
430_ME_AirHandingUnit_RectangularRightConnection_CeilingStand,Mechanical Equipment,Quy Ngoc Ha
430_ME_AirHandlingUnit_Geniox29H,Mechanical Equipment,Quy Ngoc Ha
430_ME_AirHandlingUnits_1Layer,Mechanical Equipment,Quy Ngoc Ha
430_ME_AirHandlingUnits_2Layer,Mechanical Equipment,Quy Ngoc Ha
430_ME_AirHandlingUnits_CF,Mechanical Equipment,Quy Ngoc Ha
430_ME_AirHandlingUnit_Single_Abluft,Mechanical Equipment,Long Kim Dang
430_ME_AirHandlingUnits_PHE,Mechanical Equipment,Hung Tien Nguyen
430_ME_CentrifugalDuctMountedFan,Mechanical Equipment,Quan Dinh Nguyen
430_ME_ChemicalMachine,Mechanical Equipment,Quy Ngoc Ha
430_ME_CrossFlowFans_NoSystem,Mechanical Equipment,Quan Dinh Nguyen
430_ME_DiesselTank_Becomix,Mechanical Equipment,Quy Ngoc Ha
430_ME_Fan_Axial,Mechanical Equipment,Quy Ngoc Ha
430_ME_Fan_Roof_Exhaust,Mechanical Equipment,Quy Ngoc Ha
430_ME_GloveBox,Mechanical Equipment,Quan Dinh Nguyen
430_ME_HeatExchangersAndAirHeaters_EL,Mechanical Equipment,Danh Hong Nguyen
430_ME_HeatExchangersAndAirHeaters_WL,Mechanical Equipment,Quy Ngoc Ha
430_ME_HeatExchangersAndAirHeaters_WT,Mechanical Equipment,Quy Ngoc Ha
430_ME_HeatExchangers_KTH_NoSystem,Mechanical Equipment,Danh Hong Nguyen
430_ME_HeatRecoveryWheelPrimaryAirUnits_Standard,Mechanical Equipment,Danh Hong Nguyen
430_ME_IndoorUnitsThermoVentI,Mechanical Equipment,Quy Ngoc Ha
430_ME_InlineCentrifugalFan_FRD,Mechanical Equipment,Quy Ngoc Ha
430_ME_JetFanCarPark_FloorSurface_NoSystem,Mechanical Equipment,Quy Ngoc Ha
430_ME_KitchenExtractorHood,Mechanical Equipment,Quan Dinh Nguyen
430_ME_KitchenHoodMonoblock_Standard,Mechanical Equipment,Quy Ngoc Ha
430_ME_MixingTank_Becomix,Mechanical Equipment,Long Kim Dang
430_ME_RoofFanDV_Return,Mechanical Equipment,Long Kim Dang
430_ME_RoofTopUnits_ThermoVentD,Mechanical Equipment,Quy Ngoc Ha
430_ME_RoofVentilationFans_DAX_NoSystem,Mechanical Equipment,Quan Dinh Nguyen
430_ME_RoofVentilationFans_DRV_EC,Mechanical Equipment,Quy Ngoc Ha
430_ME_RoofVentilationFans_DRVFH,Mechanical Equipment,Quy Ngoc Ha
430_ME_SmokeExhaustAxialFans_BVAXO_F400,Mechanical Equipment,Quy Ngoc Ha
430_ME_SmokeExhaustCentrifugalFans_BVRA,Mechanical Equipment,Long Kim Dang
430_ME_SmokeExhaustJetFans_NoSystem,Mechanical Equipment,Quy Ngoc Ha
430_ME_StartingSolution,Mechanical Equipment,Long Kim Dang
430_ME_VacuumPump,Mechanical Equipment,Quy Ngoc Ha
430_ME_VentilationAxialFans_AXN691256,Mechanical Equipment,Long Kim Dang
430_ME_VentilationAxialFans_AXO1050,Mechanical Equipment,Quy Ngoc Ha
430_ME_VentilationAxialFans_GLDF,Mechanical Equipment,Quy Ngoc Ha
430_ME_VentilationCentrifugalFans_RZH,Mechanical Equipment,Quy Ngoc Ha
430_ME_VentilationJetFans_GAXO_NoSystem,Mechanical Equipment,Quy Ngoc Ha
430_ME_VentilationPlugFans_ERV,Mechanical Equipment,Quy Ngoc Ha
430_ME_Ventilator_VAM,Mechanical Equipment,Quy Ngoc Ha
430_ME_WallMountedVentilator,Mechanical Equipment,Quy Ngoc Ha
434_ME_AirCooledChillers_30AWH,Mechanical Equipment,Hung Tien Nguyen
434_ME_AirCooledCondensingUnits_38RBS_2Pipes,Mechanical Equipment,Hung Tien Nguyen
434_ME_AirCooledCondensingUnits_38RBS_4Pipes,Mechanical Equipment,Hung Tien Nguyen
434_ME_AirCooledCondensingUnits_38RBS_LeftConnector,Mechanical Equipment,Hung Tien Nguyen
434_ME_AirCooledLiquidChillers_30RB,Mechanical Equipment,Hung Tien Nguyen
434_ME_AirCooledLiquidChillers_30RBS,Mechanical Equipment,Hung Tien Nguyen
434_ME_AirCooledLiquidChillers_30XA,Mechanical Equipment,Hung Tien Nguyen
434_ME_AirCooledLiquidChillers_30XAS,Mechanical Equipment,Hung Tien Nguyen
434_ME_AirCooledLiquidChillers_30XAV,Mechanical Equipment,Danh Hong Nguyen
434_ME_AirCooledLiquidChillers_HeatReclaimUnit30XAS,Mechanical Equipment,Hung Tien Nguyen
434_ME_CyclonicVacuumDegasser_VentoVIEC,Mechanical Equipment,Nhan Danh Huynh
434_ME_DegassingSystem,Mechanical Equipment,Nhan Danh Huynh
434_ME_Ductableaircooledliquidchillers_30RBSY_LeftConnection,Mechanical Equipment,Quy Ngoc Ha
434_ME_DuctableAirCooledLiquidChillers_30RBY,Mechanical Equipment,Hung Tien Nguyen
434_ME_EndSuctionPump_Standard,Mechanical Equipment,Long Kim Dang
434_ME_ExpansionVessel_IntermediateDG,Mechanical Equipment,Quan Dinh Nguyen
434_ME_ExpansionVessel_StaticoSG,Mechanical Equipment,Quy Ngoc Ha
434_ME_ExpansionVessel_StaticoSU,Mechanical Equipment,Quy Ngoc Ha
434_ME_FanCoilUnit_AirTreatmentModules42GM2Pipes,Mechanical Equipment,Quan Dinh Nguyen
434_ME_FanCoilUnit_AirTreatmentModules42GM4Pipes,Mechanical Equipment,Danh Hong Nguyen
434_ME_FanCoilUnit_AirTreatmentModules42GR2Pipes,Mechanical Equipment,Quy Ngoc Ha
434_ME_FanCoilUnit_AirTreatmentModules42GR4Pipes,Mechanical Equipment,Quan Dinh Nguyen
434_ME_FanCoilUnit_CeilingCassette_2pipes&42GW,Mechanical Equipment,Quy Ngoc Ha
434_ME_FanCoilUnit_CeilingCassette_Standard,Mechanical Equipment,Quan Dinh Nguyen
434_ME_Fancoilunit_CeilingMounted_4wayblowcassetteFWFBF4pipes,Mechanical Equipment,Hung Tien Nguyen
434_ME_FanCoilUnit_CeilingMounted_4WayBlowCassetteFWFBT2Pipes,Mechanical Equipment,Quy Ngoc Ha
434_ME_FanCoilUnit_CeilingMounted_4WayBlowCassetteFWFCT2Pipes,Mechanical Equipment,Quan Dinh Nguyen
434_ME_FanCoilUnit_CeilingMounted_CompactChassis42GW4Pipes,Mechanical Equipment,Quy Ngoc Ha
434_ME_FanCoilUnit_CeilingMounted_HybridTerminal36XB,Mechanical Equipment,Quan Dinh Nguyen
434_ME_FanCoilUnit_CeilingMounted_HydronicDucted42DWC2Pipe,Mechanical Equipment,Quy Ngoc Ha
434_ME_FanCoilUnit_CeilingMounted_HydronicDucted42DWC4Pipe,Mechanical Equipment,Quan Dinh Nguyen
434_ME_FanCoilUnit_CeilingMounted_HydronicDucted42DWD2Pipe,Mechanical Equipment,Danh Hong Nguyen
434_ME_FanCoilUnit_CeilingMounted_HydronicDucted42NH2Pipe,Mechanical Equipment,Quy Ngoc Ha
434_ME_FanCoilUnit_CeilingMounted_HydronicDucted42NH4Pipe,Mechanical Equipment,Quy Ngoc Ha
434_ME_FanCoilUnit_CeilingMounted_LargeChassis42GW4Pipes,Mechanical Equipment,Hung Tien Nguyen
434_ME_Fancoilunit_CeilingMounted_RoundflowcassetteFWCBF4pipes,Mechanical Equipment,Hung Tien Nguyen
434_ME_Fancoilunit_CeilingMounted_RoundflowcassetteFWCBT2pipes,Mechanical Equipment,Hung Tien Nguyen
434_ME_FanCoilUnit_CeilingMounted_Standard,Mechanical Equipment,Hung Tien Nguyen
434_ME_FanCoilUnit_CeilingPlenum_FWBJF4pipe,Mechanical Equipment,Danh Hong Nguyen
434_ME_FanCoilUnit_CeilingPlenum_FWBJT2pipe,Mechanical Equipment,Quan Dinh Nguyen
434_ME_FanCoilUnit_CeilingPlenum_FWDAF4pipe,Mechanical Equipment,Quy Ngoc Ha
434_ME_FanCoilUnit_CeilingPlenum_FWDAT2pipe,Mechanical Equipment,Hung Tien Nguyen
434_ME_FanCoilUnit_CeilingPlenum_FWMDF4pipe,Mechanical Equipment,Quy Ngoc Ha
434_ME_FanCoilUnit_CeilingPlenum_FWSAT2pipe,Mechanical Equipment,Hung Tien Nguyen
434_ME_FanCoilUnit_CeilingPlenum_HorizontalCabinet42NE2Pipe,Mechanical Equipment,Hung Tien Nguyen
434_ME_FanCoilUnit_CeilingPlenum_HorizontalCabinet42NE4Pipe,Mechanical Equipment,Hung Tien Nguyen
434_ME_FanCoilUnit_CeilingPlenum_HorizontalCabinet42NS2Pipe,Mechanical Equipment,Hung Tien Nguyen
434_ME_FanCoilUnit_CeilingPlenum_HorizontalCabinet42NS4Pipe,Mechanical Equipment,Quy Ngoc Ha
434_ME_FanCoilUnit_CeilingPlenum_HydronicDucted42EM2PipeSize0x,Mechanical Equipment,Quy Ngoc Ha
434_ME_FanCoilUnit_CeilingPlenum_HydronicDucted42EM2PipeSize1x,Mechanical Equipment,Hung Tien Nguyen
434_ME_FanCoilUnit_CeilingPlenum_HydronicDucted42EM4PipeSize0x,Mechanical Equipment,Hung Tien Nguyen
434_ME_FanCoilUnit_CeilingPlenum_HydronicDucted42EM4PipeSize1x,Mechanical Equipment,Quy Ngoc Ha
434_ME_FanCoilUnit_CeilingPlenum_Ultra,Mechanical Equipment,Quan Dinh Nguyen
434_ME_FanCoilUnit_ConcealedCeiling_42BJ2Pipes,Mechanical Equipment,Hung Tien Nguyen
434_ME_FanCoilUnit_ConcealedCeiling_42BJ4Pipes,Mechanical Equipment,Quy Ngoc Ha
434_ME_FanCoilUnit_FlexiTypeUnitFWLDAF4Pipes,Mechanical Equipment,Quy Ngoc Ha
434_ME_FanCoilUnit_FlexiTypeUnitFWLDAT2Pipes,Mechanical Equipment,Danh Hong Nguyen
434_ME_FanCoilUnit_FloorStanding_FWVDAT2Pipes,Mechanical Equipment,Hung Tien Nguyen
434_ME_FanCoilUnit_UnderFloorTrench_KathermHKE,Mechanical Equipment,Quan Dinh Nguyen
434_ME_FanCoilUnit_WallMounted_FWBBT2pipe,Mechanical Equipment,Quan Dinh Nguyen
434_ME_FillsoftI,Mechanical Equipment,Quan Dinh Nguyen
434_ME_FlatCompactDryCooler,Mechanical Equipment,Long Kim Dang
434_ME_HeatedAndChilledBaffleCeilings_CeilingMounted_L608,Mechanical Equipment,Danh Hong Nguyen
434_ME_HeatedAndChilledCanopyCeilings_CeilingMounted_SDTabs78_NoSystem,Mechanical Equipment,Quy Ngoc Ha
434_ME_HeatedAndChilledCorridorCeilings_CeilingMounted_E312,Mechanical Equipment,Quy Ngoc Ha
434_ME_HeatedAndChilledHookonCeilings_CeilingMounted_E200,Mechanical Equipment,Danh Hong Nguyen
434_ME_HeatedAndChilledHookonCeilings_CeilingMounted_E213,Mechanical Equipment,Quy Ngoc Ha
434_ME_HeatedAndChilledHookonCeilings_CeilingMounted_E214,Mechanical Equipment,Quy Ngoc Ha
434_ME_HeatedAndChilledHybridCeilings_CeilingMounted_DSTAS,Mechanical Equipment,Quan Dinh Nguyen
434_ME_HeatedAndChilledPlasterboardCeilings_CeilingMounted_GKHEKDA2Pipes,Mechanical Equipment,Danh Hong Nguyen
434_ME_HeatedAndChilledPostCapCeilings_CeilingMounted_B100,Mechanical Equipment,Danh Hong Nguyen
434_ME_HeatedAndChilledPostCapCeilings_CeilingMounted_B100SD,Mechanical Equipment,Danh Hong Nguyen
434_ME_HeatedAndChilledPostCapCeilings_CeilingMounted_B110,Mechanical Equipment,Quan Dinh Nguyen
434_ME_HeatExchanger_Brazed_SinglePass&Flanged,Mechanical Equipment,Quy Ngoc Ha
434_ME_HeatExchanger_Gasketed&Flanged,Mechanical Equipment,Danh Hong Nguyen
434_ME_HeatExchanger_Standard,Mechanical Equipment,Quy Ngoc Ha
434_ME_InLinePump_Standard,Mechanical Equipment,Hung Tien Nguyen
434_ME_Manifold_10Circuits,Mechanical Equipment,Quan Dinh Nguyen
434_ME_Manifold_11Circuits,Mechanical Equipment,Quy Ngoc Ha
434_ME_Manifold_12Circuits,Mechanical Equipment,Khoa Dang Doan
434_ME_Manifold_2Circuits,Mechanical Equipment,Quy Ngoc Ha
434_ME_Manifold_3Circuits,Mechanical Equipment,Nhan Danh Huynh
434_ME_Manifold_4Circuits,Mechanical Equipment,Nhan Danh Huynh
434_ME_Manifold_5Circuits,Mechanical Equipment,Nhan Danh Huynh
434_ME_Manifold_8Circuits,Mechanical Equipment,Quan Dinh Nguyen
434_ME_ManifoldWithFlowMeter_10Circuits,Mechanical Equipment,Danh Hong Nguyen
434_ME_ManifoldWithFlowMeter_11Circuits,Mechanical Equipment,Danh Hong Nguyen
434_ME_ManifoldWithFlowMeter_12Circuits,Mechanical Equipment,Danh Hong Nguyen
434_ME_ManifoldWithFlowMeter_2Circuits,Mechanical Equipment,Quy Ngoc Ha
434_ME_ManifoldWithFlowMeter_3Circuits,Mechanical Equipment,Danh Hong Nguyen
434_ME_ManifoldWithFlowMeter_4Circuits,Mechanical Equipment,Danh Hong Nguyen
434_ME_ManifoldWithFlowMeter_5Circuits,Mechanical Equipment,Quy Ngoc Ha
434_ME_ManifoldWithFlowMeter_6Circuits,Mechanical Equipment,Quy Ngoc Ha
434_ME_ManifoldWithFlowMeter_7Circuits,Mechanical Equipment,Quy Ngoc Ha
434_ME_ManifoldWithFlowMeter_8Circuits,Mechanical Equipment,Quy Ngoc Ha
434_ME_ManifoldWithFlowMeter_9Circuits,Mechanical Equipment,Quy Ngoc Ha
434_ME_ManifoldWithPump_1Circuits,Mechanical Equipment,Quy Ngoc Ha
434_ME_ManifoldWithPump_2Circuits,Mechanical Equipment,Nhan Danh Huynh
434_ME_ManifoldWithPump_3Circuits,Mechanical Equipment,Nhan Danh Huynh
434_ME_ManifoldWithPump_4Circuits,Mechanical Equipment,Nhan Danh Huynh
434_ME_ManifoldWithPump_5Circuits,Mechanical Equipment,Hung Tien Nguyen
434_ME_ManifoldWithPump_6Circuits,Mechanical Equipment,Quan Dinh Nguyen
434_ME_ManifoldWithPump_7Circuits,Mechanical Equipment,Quy Ngoc Ha
434_ME_ManifoldWithPump_8Circuits,Mechanical Equipment,Quy Ngoc Ha
434_ME_OutDoorUnit_VRV5HeatRecoveryREYA,Mechanical Equipment,Quan Dinh Nguyen
434_ME_PrecisionPressureMaintenance_TransferoTI,Mechanical Equipment,Quan Dinh Nguyen
434_ME_PrecisionPressureMaintenance_TransferoTV1,Mechanical Equipment,Quan Dinh Nguyen
434_ME_PrecisionPressureMaintenance_TransferoTV2,Mechanical Equipment,Quan Dinh Nguyen
434_ME_PrecisionPressureMaintenance_TransferoTVI1,Mechanical Equipment,Quan Dinh Nguyen
434_ME_PrecisionPressuremaintenance_TransferoTVI2,Mechanical Equipment,Quy Ngoc Ha
434_ME_PrecisionPressurisation_CompressoC,Mechanical Equipment,Quan Dinh Nguyen
434_ME_PrecisionPressurisation_CompressoF,Mechanical Equipment,Quan Dinh Nguyen
434_ME_PressureMaintenanceMonitoring_PlenoPI9,Mechanical Equipment,Quan Dinh Nguyen
434_ME_PressureMaintenanceMonitoring_PlenoPIX,Mechanical Equipment,Quan Dinh Nguyen
434_ME_PressureMaintenanceMonitoring_PlenoPX,Mechanical Equipment,Quan Dinh Nguyen
434_ME_Pump_CirculatorAtmosGIGA&B,Mechanical Equipment,Quy Ngoc Ha
434_ME_PumpCirculator_FloorStand_Round_CronoLineILE,Mechanical Equipment,Quan Dinh Nguyen
434_ME_Pump_CirculatorStratosGIGA,Mechanical Equipment,Quy Ngoc Ha
434_ME_Pump_CirculatorStratosGIGA20&D,Mechanical Equipment,Quy Ngoc Ha
434_ME_Pump_CirculatorStratosGIGA20&I,Mechanical Equipment,Quan Dinh Nguyen
434_ME_Pump_CirculatorStratosGIGA&B,Mechanical Equipment,Quy Ngoc Ha
434_ME_Pump_CirculatorStratosMAXO,Mechanical Equipment,Quan Dinh Nguyen
434_ME_Pump_CirculatorStratosPICO,Mechanical Equipment,Quy Ngoc Ha
434_ME_Pump_CirculatorVeroLineIPL,Mechanical Equipment,Quy Ngoc Ha
434_ME_Pump_Circulator_VeroTwinDPL_DN32,Mechanical Equipment,Quan Dinh Nguyen
434_ME_Pump_Circulator_VeroTwinDPL_DN40,Mechanical Equipment,Quan Dinh Nguyen
434_ME_Pump_Circulator_VeroTwinDPL_DN50,Mechanical Equipment,Quan Dinh Nguyen
434_ME_Pump_Circulator_YonosGIGA20D,Mechanical Equipment,Nhan Danh Huynh
434_ME_Pump_Circulator_YonosGIGA20_I,Mechanical Equipment,Nhan Danh Huynh
434_ME_Pump_CirculatorYonosMAXO,Mechanical Equipment,Quy Ngoc Ha
434_ME_Pump_SingleStageGlandedBM,Mechanical Equipment,Quy Ngoc Ha
434_ME_Pump_SingleStageLowPressureBAC,Mechanical Equipment,Quy Ngoc Ha
434_ME_Pump_SingleStageLowPressureBAC65,Mechanical Equipment,Nhan Danh Huynh
434_ME_Pump_WaterSupplyAtmosGIGA&N,Mechanical Equipment,Quy Ngoc Ha
434_ME_Pump_WaterSupplyAtmosI,Mechanical Equipment,Quy Ngoc Ha
434_ME_Pump_WaterSupplyAtmosTERA&SCH,Mechanical Equipment,Nhan Danh Huynh
434_ME_Pump_WaterSupplyCronoBlocBLE,Mechanical Equipment,Nhan Danh Huynh
434_ME_Pump_WaterSupplyCronoNorm&NLG,Mechanical Equipment,Nhan Danh Huynh
434_ME_Pump_WaterSupplyVeroLineIPE,Mechanical Equipment,Danh Hong Nguyen
434_ME_Pump_WaterSupplyVeroTwinDPE,Mechanical Equipment,Hung Tien Nguyen
434_ME_Pump_WaterSupplyYonosGIGA&N,Mechanical Equipment,Danh Hong Nguyen
434_ME_SplitCasePump_Standard,Mechanical Equipment,Danh Hong Nguyen
434_ME_TwoOutletPump_Flanged,Mechanical Equipment,Danh Hong Nguyen
434_ME_VRVInDoorUnit_CeilingMouted_FXFA&A,Mechanical Equipment,Nhan Danh Huynh
434_ME_VRVInDoorUnit_CeilingMouted_FXZA&A,Mechanical Equipment,Nhan Danh Huynh
434_ME_VRVInDoorUnit_CeilingSuspended_FXHA&A,Mechanical Equipment,Nhan Danh Huynh
434_ME_VRVInDoorUnit_CeilingSuspended_FXUA&A,Mechanical Equipment,Danh Hong Nguyen
434_ME_VRVInDoorUnit_WallMounted_FXAA&A,Mechanical Equipment,Danh Hong Nguyen
434_ME_VRVMultiBranchSelector_BS&10A14AV1B,Mechanical Equipment,Quan Dinh Nguyen
434_ME_VRVMultiBranchSelector_BS&8A14AV1B,Mechanical Equipment,Hung Tien Nguyen
434_ME_VRVOutDoorUnit_HeatPumpRXYA14&20A,Mechanical Equipment,Hung Tien Nguyen
434_ME_VRVOutDoorUnit_HeatPumpRXYA8&12A,Mechanical Equipment,Danh Hong Nguyen
434_ME_VRVOutDoorUnit_HeatPumpRXYSA&AV1&AY1,Mechanical Equipment,Nhan Danh Huynh
434_ME_VRVShutOffValveBox_SV1A25AJV1B,Mechanical Equipment,Nhan Danh Huynh
434_ME_VRVShutOffValveBox_SV4A14AJV1B,Mechanical Equipment,Nhan Danh Huynh
434_ME_VRVShutOffValveBox_SV6A14AJV1B,Mechanical Equipment,Nhan Danh Huynh
434_ME_VRVShutOffValveBox_SV8A14AJV1B,Mechanical Equipment,Nhan Danh Huynh
434_ME_WateCooledCondenserlessLiquidChillers_WithHydraulicModule_30RW,Mechanical Equipment,Nhan Danh Huynh
434_ME_Watercooled_Condenserlessliquidchillers_30RW_30RWA_VerticalConnection,Mechanical Equipment,Danh Hong Nguyen
434_ME_WaterCooledLiquidChillers_30XW,Mechanical Equipment,Long Kim Dang
434_ME_WaterCooledScrewCompressorLiquidChillers_30HXC4Pipes,Mechanical Equipment,Quy Ngoc Ha
434_ME_WaterCooledScrewCompressorLiquidChillers_30HXC5Pipes,Mechanical Equipment,Hung Tien Nguyen
434_PA_BranchProviderBox_BPMKS2Port,Pipe Accessories,Nhan Danh Huynh
434_PA_BranchProviderBox_BPMKS3Port,Pipe Accessories,Nhan Danh Huynh
434_PA_MultiConnectionPipingKit1_BHFPGas,Pipe Accessories,Danh Hong Nguyen
434_PA_MultiConnectionPipingKit1_BHFPLiquid,Pipe Accessories,Nhan Danh Huynh
434_PA_MultiConnectionPipingKit2_BHFPGas,Pipe Accessories,Nhan Danh Huynh
434_PA_MultiConnectionPipingKit2_BHFPLiquid,Pipe Accessories,Nhan Danh Huynh
434_PA_RefnetHeader_KHRPGas4Branches,Pipe Accessories,Nhan Danh Huynh
434_PA_RefnetHeader_KHRPHP&LPGas,Pipe Accessories,Hung Tien Nguyen
434_PA_RefnetHeader_KHRPLiquid4Branches,Pipe Accessories,Nhan Danh Huynh
434_PA_RefnetHeader_KHRPLiquid8Branches,Pipe Accessories,Danh Hong Nguyen
434_PF_CO_cCap_Mapress,Pipe Fittings,Nhan Danh Huynh
434_PF_CO_cCap_MapressGas,Pipe Fittings,Nhan Danh Huynh
434_PF_CO_e90Elbow_ThreadAndMeplaFix,Pipe Fittings,Nhan Danh Huynh
434_PF_CO_eAdaptorBend_MapressAndFemaleThread_WithNut,Pipe Fittings,Long Kim Dang
434_PF_CO_eAdaptorBend_MapressAndMeplaFix,Pipe Fittings,Nhan Danh Huynh
434_PF_CO_eAdaptorBend_MapressAndThread,Pipe Fittings,Nhan Danh Huynh
434_PF_CO_eAdaptorBend_MapressAndThreadFKMBlue,Pipe Fittings,Hung Tien Nguyen
434_PF_CO_eAdaptorBend_MapressAndThreadGas,Pipe Fittings,Nhan Danh Huynh
434_PF_CO_eBend_Mapress,Pipe Fittings,Danh Hong Nguyen
434_PF_CO_eBend_MapressFKMBlue,Pipe Fittings,Khoa Dang Doan
434_PF_CO_eBend_MapressGas,Pipe Fittings,Nhan Danh Huynh
434_PF_CO_eDouble90ElbowMultiPort_Mapress,Pipe Fittings,Danh Hong Nguyen
434_PF_CO_eElbow90Deg_MaleThread_MeplaFixAndPremounted,Pipe Fittings,Hung Tien Nguyen
434_PF_CO_eElbowDouble90Deg_MaleThread_MeplaFixAndPremounted,Pipe Fittings,Hung Tien Nguyen
434_PF_CO_fFlange_Mapress,Pipe Fittings,Nhan Danh Huynh
434_PF_CO_mAdaptorMultiPort_MapressAndNut,Pipe Fittings,Danh Hong Nguyen
434_PF_CO_mElbow_MapressAndFemaleThread,Pipe Fittings,Quan Dinh Nguyen
434_PF_CO_mElbowOffset_MapressAndFemaleThread,Pipe Fittings,Danh Hong Nguyen
434_PF_CO_mTeeCrossing_Mapress,Pipe Fittings,Quy Ngoc Ha
434_PF_CO_mTeeInletReturn_Mapress,Pipe Fittings,Nhan Danh Huynh
434_PF_CO_mTeeInletReturnUnion_Mapress,Pipe Fittings,Danh Hong Nguyen
434_PF_CO_rReducerAdaptorForGas_MapressAndThread,Pipe Fittings,Nhan Danh Huynh
434_PF_CO_rReducerAdaptorForGas_PlainEndAndThread,Pipe Fittings,Nhan Danh Huynh
434_PF_CO_rReducerAdaptor_MaleThread_MeplaFix,Pipe Fittings,Nhan Danh Huynh
434_PF_CO_rReducerAdaptor_MapressAndFemaleThreadFKMBlue_WithNut,Pipe Fittings,Nhan Danh Huynh
434_PF_CO_rReducerAdaptor_MapressAndFemaleThread_WithNut,Pipe Fittings,Nhan Danh Huynh
434_PF_CO_rReducerAdaptor_MapressAndMaleThreadFKMBlue_WithNut,Pipe Fittings,Nhan Danh Huynh
434_PF_CO_rReducerAdaptor_MapressAndMaleThread_WithNut,Pipe Fittings,Danh Hong Nguyen
434_PF_CO_rReducerAdaptor_MapressAndThread,Pipe Fittings,Nhan Danh Huynh
434_PF_CO_rReducerAdaptor_MapressAndThreadFKMBlue,Pipe Fittings,Hung Tien Nguyen
434_PF_CO_rReducerAdaptor_Mapress_WithMeplaFix,Pipe Fittings,Nhan Danh Huynh
434_PF_CO_rReducerAdaptor_Mapress_WithMeplaFixAdaptor,Pipe Fittings,Nhan Danh Huynh
434_PF_CO_rReducerAdaptor_PlainEndAndClampingRing,Pipe Fittings,Nhan Danh Huynh
434_PF_CO_rReducerAdaptor_PlainEndAndThread,Pipe Fittings,Nhan Danh Huynh
434_PF_CO_rReducerAdaptor_PlainEnd_WithMeplaFixAdaptor,Pipe Fittings,Nhan Danh Huynh
434_PF_CO_rTransitionForGas_Mapress,Pipe Fittings,Long Kim Dang
434_PF_CO_rTransition_MapressFKMBlue,Pipe Fittings,Hung Tien Nguyen
434_PF_CO_tTee_Mapress,Pipe Fittings,Hung Tien Nguyen
434_PF_CO_tTee_Mapress&FemaleThread,Pipe Fittings,Hung Tien Nguyen
434_PF_CO_tTee_MapressFKMBlue,Pipe Fittings,Nhan Danh Huynh
434_PF_CO_tTee_MapressFKMBlue&FemaleThread,Pipe Fittings,Hung Tien Nguyen
434_PF_CO_tTee_MapressGas,Pipe Fittings,Hung Tien Nguyen
434_PF_CO_tTee_MapressGas&FemaleThread,Pipe Fittings,Nhan Danh Huynh
434_PF_CO_tTransition_Mapress,Pipe Fittings,Nhan Danh Huynh
434_PF_CO_uAdaptorUnion_FemaleThreadAndMeplaFix,Pipe Fittings,Nhan Danh Huynh
434_PF_CO_uAdaptorUnion_MaleThreadAndMeplaFix,Pipe Fittings,Nhan Danh Huynh
434_PF_CO_uAdaptorUnion_MaleThread_MeplaFix,Pipe Fittings,Nhan Danh Huynh
434_PF_CO_uAdaptorUnion_Mapress,Pipe Fittings,Hung Tien Nguyen
434_PF_CO_uAdaptorUnion_MapressAndFemaleThreadFKMBlue_WithNut,Pipe Fittings,Nhan Danh Huynh
434_PF_CO_uAdaptorUnion_MapressAndFemaleThread_WithNut,Pipe Fittings,Nhan Danh Huynh
434_PF_CO_uAdaptorUnion_MapressAndThread,Pipe Fittings,Hung Tien Nguyen
434_PF_CO_uAdaptorUnion_MapressAndThreadFKMBlue,Pipe Fittings,Nhan Danh Huynh
434_PF_CO_uAdaptorUnion_MapressAndThreadGas,Pipe Fittings,Nhan Danh Huynh
434_PF_CO_uAdaptorUnion_PlainEndAndClampingRing,Pipe Fittings,Quy Ngoc Ha
434_PF_CO_uAdaptorUnion_PlainEndAndFlange,Pipe Fittings,Nhan Danh Huynh
434_PF_CO_uAdaptorUnion_PlainEndAndThread,Pipe Fittings,Quy Ngoc Ha
434_PF_CO_uAdaptorUnion_PlainEndAndThreadGas,Pipe Fittings,Nhan Danh Huynh
434_PF_CO_uAdaptorUnion_PlainEnd_WithMeplaFix,Pipe Fittings,Nhan Danh Huynh
434_PF_CO_uTap_Thread,Pipe Fittings,Khoa Dang Doan
434_PF_CO_uUnion_Mapress,Pipe Fittings,Nhan Danh Huynh
434_PF_CO_uUnion_MapressFKMBlue,Pipe Fittings,Danh Hong Nguyen
434_PF_CO_uUnion_MapressGas,Pipe Fittings,Nhan Danh Huynh
434_PF_CO_x30Cross_Mapress,Pipe Fittings,Nhan Danh Huynh
434_PF_CO_xOffsetCross_Mapress,Pipe Fittings,Quan Dinh Nguyen
440_CF_AL_eHorizontalElbow_Busway,Cable Tray Fittings,Hung Tien Nguyen
440_CF_AL_eVerticalElbow90Deg_Busway,Cable Tray Fittings,Quy Ngoc Ha
440_CF_AL_eVerticalOffsetElbow90Deg_Busway,Cable Tray Fittings,Nhan Danh Huynh
440_CF_AL_mHorizontalOffsetZShade_Busway,Cable Tray Fittings,Quy Ngoc Ha
440_CF_AL_mVerticalOffsetZShade_Busway,Cable Tray Fittings,Quy Ngoc Ha
440_CF_AL_StraightLength_Busway,Cable Tray Fittings,Nhan Danh Huynh
440_CF_AL_tVerticalTee_Busway,Cable Tray Fittings,Quan Dinh Nguyen
440_CF_AL_uEndFlange_Busway,Cable Tray Fittings,Hung Tien Nguyen
440_CF_CO_eDoubleLeftElbow_Busway,Cable Tray Fittings,Nhan Danh Huynh
440_CF_CO_eEdgewiseElbow_Busway,Cable Tray Fittings,Quan Dinh Nguyen
440_CF_CO_eEdgewiseElbowWithAngle_Busway,Cable Tray Fittings,Quan Dinh Nguyen
440_CF_CO_eEdgewiseOffet_Standard,Cable Tray Fittings,Quan Dinh Nguyen
440_CF_CO_eFlatwiseOffsetElbow_Busway,Cable Tray Fittings,Nhan Danh Huynh
440_CF_CO_eFlatwise_Standard,Cable Tray Fittings,Quan Dinh Nguyen
440_CF_CO_mChannelMultiPort_Standard_FeedUnitForDryTransformer,Cable Tray Fittings,Nhan Danh Huynh
440_CF_CO_uFlangedEnd_Busway,Cable Tray Fittings,Hung Tien Nguyen
440_CF_CS_eCavityFloorBoxWithHeatResistantRoundFormworkBodyElbow_Standard,Cable Tray Fittings,Nhan Danh Huynh
440_CF_CS_eCavityFloorBoxWithHeatResistantSquareFormworkBodyElbow_Standard,Cable Tray Fittings,Nhan Danh Huynh
440_CF_CS_eCavityFloorBoxWithRoundFormworkBodyElbow_Standard,Cable Tray Fittings,Nhan Danh Huynh
440_CF_CS_eCavityFloorBoxWithSquareFormworkBodyElbow_Standard,Cable Tray Fittings,Nhan Danh Huynh
440_CF_CS_eScreedCovered_Standard_ChannelThreePartVerticalBend,Cable Tray Fittings,Nhan Danh Huynh
440_CF_CS_eScreedCovered_Standard_ChannelTwoPartVerticalBend,Cable Tray Fittings,Nhan Danh Huynh
440_CF_CS_tCavityFloorBoxWithHeatResistantRoundFormworkBodyTee_Standard,Cable Tray Fittings,Nhan Danh Huynh
440_CF_CS_tCavityFloorBoxWithHeatResistantSquareFormworkBodyTee_Standard,Cable Tray Fittings,Nhan Danh Huynh
440_CF_CS_tCavityFloorBoxWithRoundFormworkBodyTee_Standard,Cable Tray Fittings,Nhan Danh Huynh
440_CF_CS_tCavityFloorBoxWithSquareFormworkBodyTee_Standard,Cable Tray Fittings,Nhan Danh Huynh
440_CF_CS_uCavityFloorBoxWithHeatResistantRoundFormworkBodyEnd_Standard,Cable Tray Fittings,Nhan Danh Huynh
440_CF_CS_uCavityFloorBoxWithHeatResistantSquareFormworkBodyEnd_Standard,Cable Tray Fittings,Quy Ngoc Ha
440_CF_CS_uCavityFloorBoxWithRoundFormworkBodyEnd_Standard,Cable Tray Fittings,Nhan Danh Huynh
440_CF_CS_uCavityFloorBoxWithSquareFormworkBodyEnd_Standard,Cable Tray Fittings,Nhan Danh Huynh
440_CF_CS_xCavityFloorBoxWithHeatResistantRoundFormworkBodyCross_Standard,Cable Tray Fittings,Nhan Danh Huynh
440_CF_CS_xCavityFloorBoxWithHeatResistantSquareFormworkBodyCross_Standard,Cable Tray Fittings,Nhan Danh Huynh
440_CF_CS_xCavityFloorBoxWithRoundFormworkBodyCross_Standard,Cable Tray Fittings,Nhan Danh Huynh
440_CF_CS_xCavityFloorBoxWithSquareFormworkBodyCross_Standard,Cable Tray Fittings,Nhan Danh Huynh
440_CF_ehFlatwiseElbowFlangeEnd_Busway,Cable Tray Fittings,Nhan Danh Huynh
440_CF_ehFlatwiseElbowWithAngle_Busway,Cable Tray Fittings,Quy Ngoc Ha
440_CF_mFlatwiseTee_Busway,Cable Tray Fittings,Quy Ngoc Ha
440_CF_mPhaseTransition_Busway,Cable Tray Fittings,Quy Ngoc Ha
440_CF_mPotentialEqualisationBusbar,Cable Tray Fittings,Quy Ngoc Ha
440_CF_mStraightLength_Busway,Cable Tray Fittings,Quy Ngoc Ha
440_CF_ST_ehChannelHorizontalBend_Standard,Cable Tray Fittings,Quy Ngoc Ha
440_CF_ST_ehChannelHorizontalMiteredBend_Standard,Cable Tray Fittings,Hung Tien Nguyen
440_CF_ST_ehLadderHorizontalBend_Standard,Cable Tray Fittings,Hung Tien Nguyen
440_CF_ST_eiChannelVerticalInsideBend_Standard,Cable Tray Fittings,Hung Tien Nguyen
440_CF_ST_eiLadderVerticalInsideBend_Standard,Cable Tray Fittings,Quan Dinh Nguyen
440_CF_ST_eoChannelVerticalOutsideBend_Standard,Cable Tray Fittings,Hung Tien Nguyen
440_CF_ST_eoLadderVerticalOutsideBend_Standard,Cable Tray Fittings,Quan Dinh Nguyen
440_CF_ST_rChannelTransition_Standard,Cable Tray Fittings,Hung Tien Nguyen
440_CF_ST_rLadderTransition_Standard,Cable Tray Fittings,Hung Tien Nguyen
440_CF_ST_tChannelHorizontalTee_Standard,Cable Tray Fittings,Hung Tien Nguyen
440_CF_ST_tLadderHorizontalTee_Standard,Cable Tray Fittings,Hung Tien Nguyen
440_CF_ST_tvChannelVerticalDownTee_Standard,Cable Tray Fittings,Hung Tien Nguyen
440_CF_ST_tvLadderUTypeVerticalTee_Standard,Cable Tray Fittings,Hung Tien Nguyen
440_CF_ST_uChannelUnion_Standard,Cable Tray Fittings,Hung Tien Nguyen
440_CF_ST_uLadderUnion_Standard,Cable Tray Fittings,Hung Tien Nguyen
440_CF_ST_xChannelHorizontalCross_Standard,Cable Tray Fittings,Hung Tien Nguyen
440_CF_ST_xLadderHorizontalCross_Standard,Cable Tray Fittings,Hung Tien Nguyen
440_CF_ST_xvChannelVerticalCross_Standard,Cable Tray Fittings,Hung Tien Nguyen
440_CF_uCableTapBoxCenter_Busway,Cable Tray Fittings,Nhan Danh Huynh
440_CF_uCableTapBoxEnd_Busway,Cable Tray Fittings,Nhan Danh Huynh
440_CF_uEndClosure_Busway,Cable Tray Fittings,Quan Dinh Nguyen
440_CF_uFlexibleLink_Busway,Cable Tray Fittings,Quan Dinh Nguyen
440_CF_UnfusedReducer_Busway,Cable Tray Fittings,Quan Dinh Nguyen
440_CF_uWallFloorFlange_Busway,Cable Tray Fittings,Quan Dinh Nguyen
440_CF_wChannelHorizontalWye_Standard,Cable Tray Fittings,Quan Dinh Nguyen
440_CI_CS_tClamps_Standard,Conduit Fittings,Quy Ngoc Ha
440_CI_CS_tExpansionPiecesRound_Standard,Conduit Fittings,Quy Ngoc Ha
440_CI_CS_xClamps_Standard,Conduit Fittings,Quy Ngoc Ha
440_CI_CS_xExpansionPiecesRound_Standard,Conduit Fittings,Quan Dinh Nguyen
440_CI_PVC_cConduitBodiesTypeE_Standard,Conduit Fittings,Quan Dinh Nguyen
440_CI_PVC_cMarkerforConnectionLugs,Conduit Fittings,Quy Ngoc Ha
440_CI_PVC_ConduitSleeveCoupling_Standard,Conduit Fittings,Quan Dinh Nguyen
440_CI_PVC_cTerminalOneWayBox_Standard,Conduit Fittings,Hung Tien Nguyen
440_CI_PVC_e30DegreeElbow_Standard,Conduit Fittings,Nhan Danh Huynh
440_CI_PVC_e45DegreeElbow_Standard,Conduit Fittings,Quy Ngoc Ha
440_CI_PVC_e90DegreeElbow_Standard,Conduit Fittings,Nhan Danh Huynh
440_CI_PVC_e90DegreeInspectionElbow_Standard,Conduit Fittings,Nhan Danh Huynh
440_CI_PVC_eAngledTwoWayBox_Standard,Conduit Fittings,Nhan Danh Huynh
440_CI_PVC_eConduitBodiesTypeLB_Standard,Conduit Fittings,Nhan Danh Huynh
440_CI_PVC_eConduitBodiesTypeLL_Standard,Conduit Fittings,Quan Dinh Nguyen
440_CI_PVC_eConduitBodiesTypeLR_Standard,Conduit Fittings,Quan Dinh Nguyen
440_CI_PVC_eInspectionBend_Standard,Conduit Fittings,Nhan Danh Huynh
440_CI_PVC_fCoupling_Standard,Conduit Fittings,Nhan Danh Huynh
440_CI_PVC_mHWayJuntionBox_Standard,Conduit Fittings,Nhan Danh Huynh
440_CI_PVC_mUWayBox_Standard,Conduit Fittings,Hung Tien Nguyen
440_CI_PVC_mYWayBox_Standard,Conduit Fittings,Hung Tien Nguyen
440_CI_PVC_rReducer_Standard,Conduit Fittings,Quy Ngoc Ha
440_CI_PVC_tConduitBodiesTypeT_Standard,Conduit Fittings,Quan Dinh Nguyen
440_CI_PVC_tInspectionTee_Standard,Conduit Fittings,Hung Tien Nguyen
440_CI_PVC_tTeeThreeWayBox_Standard,Conduit Fittings,Hung Tien Nguyen
440_CI_PVC_uConduitBodiesTypeC_Standard,Conduit Fittings,Quy Ngoc Ha
440_CI_PVC_uJunctionBox_Standard,Conduit Fittings,Hung Tien Nguyen
440_CI_PVC_uThroughTwoWayBox_Standard,Conduit Fittings,Hung Tien Nguyen
440_CI_PVC_xIntersectionFourWayBox_Standard,Conduit Fittings,Hung Tien Nguyen
440_CI_SS_cDeviceBoxes_Threaded,Conduit Fittings,Hung Tien Nguyen
440_CI_SS_e45DegreeElbow_Standard,Conduit Fittings,Quan Dinh Nguyen
440_CI_SS_e45DegreeElbow_Threaded,Conduit Fittings,Hung Tien Nguyen
440_CI_SS_e90DegreeElbow_Standard,Conduit Fittings,Quan Dinh Nguyen
440_CI_SS_e90DegreeElbow_Threaded,Conduit Fittings,Nhan Danh Huynh
440_CI_SS_eConduitBodies_Threaded_TypeLB,Conduit Fittings,Hung Tien Nguyen
440_CI_SS_eConduitBodies_Threaded_TypeLR,Conduit Fittings,Quan Dinh Nguyen
440_CI_SS_eConduitBodies_Threaded_TypeLU,Conduit Fittings,Quan Dinh Nguyen
440_CI_SS_eConduitBodies_TypeLL_Threaded,Conduit Fittings,Quan Dinh Nguyen
440_CI_SS_eFlatConductorsElbow_Standard,Conduit Fittings,Quan Dinh Nguyen
440_CI_SS_eInspectionElbow_Standard,Conduit Fittings,Quan Dinh Nguyen
440_CI_SS_FlatStrip_Standard,Conduit Fittings,Quan Dinh Nguyen
440_CI_SS_tConduitBodies_Threaded_TypeT,Conduit Fittings,Quan Dinh Nguyen
440_CI_SS_tConduitBodies_Threaded_TypeTB,Conduit Fittings,Quan Dinh Nguyen
440_CI_SS_uCFormConduitUnion_Threaded,Conduit Fittings,Quan Dinh Nguyen
440_CI_SS_xConduitBodies_Threaded_TypeX,Conduit Fittings,Quan Dinh Nguyen
440_CI_SS_xCrossConductorFlatToRound,Conduit Fittings,Quy Ngoc Ha
440_CI_SS_xFlatConductorCross,Conduit Fittings,Quy Ngoc Ha
440_CI_ST_mJunctionBox_Explosionproof,Conduit Fittings,Quy Ngoc Ha
440_EE_AnnunciatorPanel,Electrical Equipment,Khoa Dang Doan
440_EE_AutomaticTranferSwitchPanel,Electrical Equipment,Nhan Danh Huynh
440_EE_BatteryStorage,Electrical Equipment,Danh Hong Nguyen
440_EE_CircuitBreakerEnclosure,Electrical Equipment,Hung Tien Nguyen
440_EE_DCtoAC_Inverter,Electrical Equipment,Nhan Danh Huynh
440_EE_DieselGenerator,Electrical Equipment,Danh Hong Nguyen
440_EE_DieselTankGenerator,Electrical Equipment,Khoa Dang Doan
440_EE_DistributionBox_DALI,Electrical Equipment,Hung Tien Nguyen
440_EE_DryTransformer,Electrical Equipment,Nhan Danh Huynh
440_EE_ElectricalCabinet_Standard,Electrical Equipment,Khoa Dang Doan
440_EE_FlatRoofSolar,Electrical Equipment,Nhan Danh Huynh
440_EE_FlatRoofSolarFrame_NoSystem,Electrical Equipment,Long Kim Dang
440_EE_FlatRoofSolarFrameWithRoot_NoSystem,Electrical Equipment,Khoa Dang Doan
440_EE_GasInsulatedMediumVoltageSwitchgear_MSEVU,Electrical Equipment,Khoa Dang Doan
440_EE_GasInsulatedMediumVoltageSwitchgear_MSKälte,Electrical Equipment,Nhan Danh Huynh
440_EE_GasInsulatedMediumVoltageSwitchgear_MSNord,Electrical Equipment,Hung Tien Nguyen
440_EE_GasInsulatedMediumVoltageSwitchgear_MSSud,Electrical Equipment,Hung Tien Nguyen
440_EE_Generator_Standard,Electrical Equipment,Long Kim Dang
440_EE_IndoorTransformer,Electrical Equipment,Danh Hong Nguyen
440_EE_kwhMeter_3Phases,Electrical Equipment,Khoa Dang Doan
440_EE_LowVoltagePanel,Electrical Equipment,Nhan Danh Huynh
440_EE_LowVoltageSwitchboard_GHVNord_HOST,Electrical Equipment,Danh Hong Nguyen
440_EE_LowVoltageSwitchboard_NshvKälte_HOST,Electrical Equipment,Hung Tien Nguyen
440_EE_LowVoltageSwitchboard_NshvPV_HOST,Electrical Equipment,Nhan Danh Huynh
440_EE_MainDistributionBoard_WallMounted,Electrical Equipment,Hung Tien Nguyen
440_EE_MainSupply_GEVBnetwork,Electrical Equipment,Nhan Danh Huynh
440_EE_MainSupply_UPSmains,Electrical Equipment,Danh Hong Nguyen
440_EE_MainSwitchBoard,Electrical Equipment,Danh Hong Nguyen
440_EE_Manhole_Standard,Electrical Equipment,Danh Hong Nguyen
440_EE_MediumVoltageSwitchgear,Electrical Equipment,Danh Hong Nguyen
440_EE_MotorControlCenter_SwitchBoard,Electrical Equipment,Nhan Danh Huynh
440_EE_MotorizedGlareControl,Electrical Equipment,Khoa Dang Doan
440_EE_OilTransformer,Electrical Equipment,Nhan Danh Huynh
440_EE_OutdoorTransformer,Electrical Equipment,Hung Tien Nguyen
440_EE_PanelBoard,Electrical Equipment,Nhan Danh Huynh
440_EE_SilentDieselGenerator,Electrical Equipment,Nhan Danh Huynh
440_EE_SpringVibration,Electrical Equipment,Danh Hong Nguyen
440_EE_SubmainSwitchBoard,Electrical Equipment,Long Kim Dang
440_EE_SwitchCabinet_OutgoingPanel,Electrical Equipment,Danh Hong Nguyen
440_EE_SwitchCabinet_SupplyPanel,Electrical Equipment,Long Kim Dang
440_EE_SynchronizationPanel,Electrical Equipment,Nhan Danh Huynh
440_EE_TransferDistributor,Electrical Equipment,Hung Tien Nguyen
440_EF_360DegreeRadiusMotionDetector_CeilingMounted,Electrical Fixtures,Quan Dinh Nguyen
440_EF_AL_SideFeedingUnitForTransformer_Busway,Electrical Fixtures,Hung Tien Nguyen
440_EF_AL_TakeOffUnitWithFuseSwitch_Busway,Electrical Fixtures,Hung Tien Nguyen
440_EF_AL_TopFeedingUnitForTransformer_Busway,Electrical Fixtures,Khoa Dang Doan
440_EF_BasementVentilationControl,Electrical Fixtures,Long Kim Dang
440_EF_CableConnection_PluginSystem,Electrical Fixtures,Long Kim Dang
440_EF_ConnectionBrackets,Electrical Fixtures,Hung Tien Nguyen
440_EF_DALIPresenceDetector_CeilingSurface,Electrical Fixtures,Hung Tien Nguyen
440_EF_DALIPresenceDetectorCombineLightingSensor_CeilingSurface,Electrical Fixtures,Hung Tien Nguyen
440_EF_DataConnectionSocket_Audio_Out_HDMI,Electrical Fixtures,Hung Tien Nguyen
440_EF_DataConnectionSocket_Ceiling,Electrical Fixtures,Hung Tien Nguyen
440_EF_DataConnectionSocket_Floor,Electrical Fixtures,Hung Tien Nguyen
440_EF_DataConnectionSocket_Wall,Electrical Fixtures,Hung Tien Nguyen
440_EF_DaylightSensor_Wall,Electrical Fixtures,Hung Tien Nguyen
440_EF_DimmerSwitch_WallRecessed,Electrical Fixtures,Hung Tien Nguyen
440_EF_DoorbellPushButton_WallMounted,Electrical Fixtures,Hung Tien Nguyen
440_EF_DoubleSocketOutlet_Ceiling,Electrical Fixtures,Hung Tien Nguyen
440_EF_DoubleSocketOutlet_Floor,Electrical Fixtures,Hung Tien Nguyen
440_EF_DoubleSocketOutletHorizontal_Wall,Electrical Fixtures,Hung Tien Nguyen
440_EF_DoubleSocketOutletUSBTypeAC_WallSurface,Electrical Fixtures,Hung Tien Nguyen
440_EF_DoubleSocketOutletVertical_Wall,Electrical Fixtures,Hung Tien Nguyen
440_EF_DoubleSocketOutletVertical_WallFlush,Electrical Fixtures,Hung Tien Nguyen
440_EF_DoubleSocketOutlet_Wall,Electrical Fixtures,Hung Tien Nguyen
440_EF_EarthPit,Electrical Fixtures,Hung Tien Nguyen
440_EF_EarthRod,Electrical Fixtures,Hung Tien Nguyen
440_EF_EmergencyStopPushButtons,Electrical Fixtures,Hung Tien Nguyen
440_EF_EnergyBollard,Electrical Fixtures,Nhan Danh Huynh
440_EF_FixedConnection_1Pole,Electrical Fixtures,Hung Tien Nguyen
440_EF_FixedConnection_400V,Electrical Fixtures,Nhan Danh Huynh
440_EF_Isolator_3Phases,Electrical Fixtures,Nhan Danh Huynh
440_EF_Isolator_SinglePhase,Electrical Fixtures,Quy Ngoc Ha
440_EF_JunctionBox_Floor_3Pole,Electrical Fixtures,Danh Hong Nguyen
440_EF_KeySwitch_WallRecessed,Electrical Fixtures,Hung Tien Nguyen
440_EF_KNXPresenceDetection_Ceiling,Electrical Fixtures,Hung Tien Nguyen
440_EF_KNX_PushButtonSensor_2gang,Electrical Fixtures,Danh Hong Nguyen
440_EF_MainEquipotentialBondingBar,Electrical Fixtures,Quy Ngoc Ha
440_EF_PanelBoard,Electrical Fixtures,Danh Hong Nguyen
440_EF_PresenceDetector_Ceiling,Electrical Fixtures,Danh Hong Nguyen
440_EF_PresenceDetector_Wall,Electrical Fixtures,Hung Tien Nguyen
440_EF_PushButtonSensorKNX_4gang,Electrical Fixtures,Hung Tien Nguyen
440_EF_PushButton_Wall,Electrical Fixtures,Khoa Dang Doan
440_EF_Raumluftfühler,Electrical Fixtures,Hung Tien Nguyen
440_EF_RoomSignallight,Electrical Fixtures,Danh Hong Nguyen
440_EF_RotaryDimmer,Electrical Fixtures,Hung Tien Nguyen
440_EF_ShaverSocketOutlet_Wall,Electrical Fixtures,Hung Tien Nguyen
440_EF_SocketDistributionBox_Ceiling,Electrical Fixtures,Quan Dinh Nguyen
440_EF_SocketDistributionBox_Wall,Electrical Fixtures,Hung Tien Nguyen
440_EF_SocketOutletCombination_Ceiling,Electrical Fixtures,Quan Dinh Nguyen
440_EF_SocketOutlet_FloorRecessed_Round,Electrical Fixtures,Quan Dinh Nguyen
440_EF_SocketOutlet_Horizontal_4Gangs_Wall,Electrical Fixtures,Quy Ngoc Ha
440_EF_SocketOutletRound_Floor,Electrical Fixtures,Hung Tien Nguyen
440_EF_SocketOutlet_Wall,Electrical Fixtures,Danh Hong Nguyen
440_EF_SocketOutlet_Wall_3Phase,Electrical Fixtures,Danh Hong Nguyen
440_EF_SocketOutlet_Wall_4Gangs,Electrical Fixtures,Danh Hong Nguyen
440_EF_SocketOutlet_Wall_Combination,Electrical Fixtures,Danh Hong Nguyen
440_EF_SocketOutlet_WallMounted_WaterProof,Electrical Fixtures,Danh Hong Nguyen
440_EF_Switch_1Gang,Electrical Fixtures,Hung Tien Nguyen
440_EF_Switch_2Gang,Electrical Fixtures,Danh Hong Nguyen
440_EF_Switch_2Gang2Way,Electrical Fixtures,Danh Hong Nguyen
440_EF_Switch_3Gang,Electrical Fixtures,Nhan Danh Huynh
440_EF_SwitchableSocketOutlet_Ceiling,Electrical Fixtures,Danh Hong Nguyen
440_EF_SwitchableSocketOutlet_Floor,Electrical Fixtures,Danh Hong Nguyen
440_EF_SwitchPushButton_FlushMounted,Electrical Fixtures,Danh Hong Nguyen
440_EF_Thermosat,Electrical Fixtures,Hung Tien Nguyen
440_EF_TouchPanelRoomOperating_WallMounted,Electrical Fixtures,Quan Dinh Nguyen
440_EF_TripleSocketOutlet_Ceiling,Electrical Fixtures,Quy Ngoc Ha
440_EF_TripleSocketOutlet_Floor,Electrical Fixtures,Nhan Danh Huynh
440_EF_TripleSocketOutlet_Wall,Electrical Fixtures,Nhan Danh Huynh
440_EF_UpDownControlSwitch,Electrical Fixtures,Khoa Dang Doan
440_EF_WindowMotor_WallMounted,Electrical Fixtures,Danh Hong Nguyen
440_LD_DoubleSwitchSocket_WallMounted,Lighting Devices,Danh Hong Nguyen
440_LD_SingleSwitchSocket_WallMounted,Lighting Devices,Danh Hong Nguyen
440_LF_BathroomLuminaire_WallMounted_Rectangular,Lighting Fixtures,Hung Tien Nguyen
440_LF_LEDSpotEmergencyLightingLuminaire_CeilingMounted_Square_SQ5D,Lighting Fixtures,Long Kim Dang
440_LF_LEDSpotEmergencyLightingLuminaire_CeilingRecessed_Round,Lighting Fixtures,Long Kim Dang
440_LF_LEDSpotEmergencyLightingLuminaire_CeilingRecessed_Round_SQ6,Lighting Fixtures,Long Kim Dang
440_LF_RoomSignalLight,Lighting Fixtures,Khoa Dang Doan
440_NC_CancelCallButton,Nurse Call Devices,Khoa Dang Doan
440_NC_EmergencyCallButton,Nurse Call Devices,Khoa Dang Doan
440_NC_EmergencyPullCordSwitch_Wall,Nurse Call Devices,Danh Hong Nguyen
440_NC_PullCordSwitch_WallMounted,Nurse Call Devices,Khoa Dang Doan
440_SE_Penetration_Curaflex,Specialty Equipment,Quy Ngoc Ha
442_EE_ChargeController,Electrical Equipment,Danh Hong Nguyen
442_EE_FlatRoofSolarModule,Electrical Equipment,Danh Hong Nguyen
442_EF_SealedBatteries,Electrical Fixtures,Danh Hong Nguyen
443_EE_LowVoltageSwitchboard_GHVSüd_HOST,Electrical Equipment,Nhan Danh Huynh
444_EE_SinglePhase_Panel,Electrical Equipment,Danh Hong Nguyen
444_EF_GooseneckBushing_NoSystem,Electrical Fixtures,Hung Tien Nguyen
444_EF_InstallationTrunking,Electrical Fixtures,Hung Tien Nguyen
444_EF_SocketOutlet_Rec_Floor,Electrical Fixtures,Hung Tien Nguyen
444_EF_SocketOutlet_VerticalWallSurface_4Gangs,Electrical Fixtures,Hung Tien Nguyen
444_EF_SwitchableSocketOutlet_WallSurface,Electrical Fixtures,Hung Tien Nguyen
444_EF_USBSocketOutlet_WallFlush,Electrical Fixtures,Hung Tien Nguyen
445_LF_3FoldPendantLight_CeilingSuspended,Lighting Fixtures,Danh Hong Nguyen
445_LF_CoreLineLEDLight_CeilingSuspended,Lighting Fixtures,Danh Hong Nguyen
445_LF_CoreLineLEDLight_WallSurface,Lighting Fixtures,Danh Hong Nguyen
445_LF_CorelineSlimDownlight_CeilingMounted,Lighting Fixtures,Danh Hong Nguyen
445_LF_CorelineSlimDownlight_CeilingRecessed,Lighting Fixtures,Danh Hong Nguyen
445_LF_CorelineSpotlight_CeilingRecessed,Lighting Fixtures,Quy Ngoc Ha
445_LF_DownlightLEDrigid_CeilingRecessed,Lighting Fixtures,Quy Ngoc Ha
445_LF_DownlightLEDSwivelling_CeilingRecessed,Lighting Fixtures,Danh Hong Nguyen
445_LF_EscapeSign_CeilingMounted,Lighting Fixtures,Danh Hong Nguyen
445_LF_EscapeSign_CeilingRecessed,Lighting Fixtures,Quy Ngoc Ha
445_LF_EscapeSign_WallMounted,Lighting Fixtures,Danh Hong Nguyen
445_LF_ExitCube_Ceiling,Lighting Fixtures,Danh Hong Nguyen
445_LF_FixedOpticSmallBodyIroundOutdoorlight_CeilingRecessed,Lighting Fixtures,Danh Hong Nguyen
445_LF_GreenSpaceAccentSpotlightRigid_CeilingRecessed,Lighting Fixtures,Quan Dinh Nguyen
445_LF_InteriorLuminaireBL_CeilingRecessed_Rectangular,Lighting Fixtures,Long Kim Dang
445_LF_InteriorLuminaireINDMP_CeilingRecessed_Round,Lighting Fixtures,Quan Dinh Nguyen
445_LF_LaserBladeLightXS_CeilingRecessed,Lighting Fixtures,Quy Ngoc Ha
445_LF_LaserBladeLightXSWallWasher_CeilingRecessed,Lighting Fixtures,Quy Ngoc Ha
445_LF_LeadSacidTwinHeadEmergencyLight_WallSurface,Lighting Fixtures,Hung Tien Nguyen
445_LF_LEDAccentRigidlight_CeilingRecessed_Rectangular,Lighting Fixtures,Quy Ngoc Ha
445_LF_LEDBAPPendantLightWithAdjustableRod_CeilingSuspended,Lighting Fixtures,Danh Hong Nguyen
445_LF_LEDDeckeneinbauMontage_CeilingMounted_LG6E,Lighting Fixtures,Long Kim Dang
445_LF_LEDDoubleHeadEmergencyLight_WallSurface,Lighting Fixtures,Danh Hong Nguyen
445_LF_LEDDownlightForWC_CeilingRecessed,Lighting Fixtures,Danh Hong Nguyen
445_LF_LEDDownlightOP_CeilingRecessed_Round,Lighting Fixtures,Long Kim Dang
445_LF_LEDDownlightSFNB_CeilingRecessed_Round,Lighting Fixtures,Long Kim Dang
445_LF_LEDDownlightSM_CeilingRecessed_Round,Lighting Fixtures,Long Kim Dang
445_LF_LEDHighBayPendantLight_CeilingSuspended_GentleSpaceWithAdjustableRod,Lighting Fixtures,Long Kim Dang
445_LF_LedinaireHighbayPendantLightWithAdjustableRod_CeilingSuspended,Lighting Fixtures,Danh Hong Nguyen
445_LF_LedinaireSlimDownlight_CeilingSuspended,Lighting Fixtures,Danh Hong Nguyen
445_LF_LEDLuminaireMP_CeilingMounted_Rectangular,Lighting Fixtures,Long Kim Dang
445_LF_LEDLuminaireOP_CeilingMounted_Rectangular,Lighting Fixtures,Quy Ngoc Ha
445_LF_LEDMasterEmergencyLightingLuminaire_WallMounted,Lighting Fixtures,Quan Dinh Nguyen
445_LF_LEDPanel_CeilingRecessed,Lighting Fixtures,Nhan Danh Huynh
445_LF_LEDPendantLightWithAdjustableRod_CeilingSuspended,Lighting Fixtures,Nhan Danh Huynh
445_LF_LEDPendantRingLight,Lighting Fixtures,Long Kim Dang
445_LF_LEDSignalLightForWC_WallMounted,Lighting Fixtures,Nhan Danh Huynh
445_LF_LEDSpotEmergencyLightingLuminaire_CeilingMounted_Square,Lighting Fixtures,Nhan Danh Huynh
445_LF_LEDSpotEmergencyLightingLuminaire_CeilingSuspended_Round,Lighting Fixtures,Nhan Danh Huynh
445_LF_LEDSpotEmergencyLightingLuminaireInFireResistantCeiling_CeilingRecessed,Lighting Fixtures,Nhan Danh Huynh
445_LF_LEDSpotEmergencyLightingLuminaire_WallMounted_Square_SQ5A,Lighting Fixtures,Quan Dinh Nguyen
445_LF_LEDStairEmergencyLight_WallSurface,Lighting Fixtures,Quan Dinh Nguyen
445_LF_LEDStripLight_CeilingMounted_Rectangular,Lighting Fixtures,Nhan Danh Huynh
445_LF_LEDStripLight_CeilingRecessed_Rectangular,Lighting Fixtures,Nhan Danh Huynh
445_LF_LEDStripLight_WallSurface_Rectangular,Lighting Fixtures,Nhan Danh Huynh
445_LF_LEDTwinHeadsFastChargingIP30EmergencyLight_WallSurface,Lighting Fixtures,Nhan Danh Huynh
445_LF_LEDTwoHeadWaterProofIP65EmergencyLight_WallSurface,Lighting Fixtures,Nhan Danh Huynh
445_LF_LEDUplight_FloorRecessed_Round,Lighting Fixtures,Quy Ngoc Ha
445_LF_LuxSpaceAccentPerformanceSpotlightSwiveling_CeilingRecessed,Lighting Fixtures,Nhan Danh Huynh
445_LF_LuxSpaceCompactAnbaudownlight_CeilingSuspended,Lighting Fixtures,Nhan Danh Huynh
445_LF_LuxSpaceDownlight_CeilingRecessed_Square,Lighting Fixtures,Nhan Danh Huynh
445_LF_MoistureProofLuminaire_CeilingSuspended_Rectangular,Lighting Fixtures,Quan Dinh Nguyen
445_LF_MoistureProofLuminaire_WallSurface_Rectangular,Lighting Fixtures,Nhan Danh Huynh
445_LF_OpticalLight_CeilingRecessed_Round_Outdoor,Lighting Fixtures,Nhan Danh Huynh
445_LF_TruelineLinearLuminaire_CeilingRecessed,Lighting Fixtures,Nhan Danh Huynh
445_LF_UVCAirDisinfectionLight_WallSurface,Lighting Fixtures,Quan Dinh Nguyen
446_EF_AirTerminationRods_FloorStand,Electrical Fixtures,Long Kim Dang
446_EF_AirTerminationRodsForMetalRoofs,Electrical Fixtures,Nhan Danh Huynh
446_EF_EarthingFixedPoint_WallSurface,Electrical Fixtures,Hung Tien Nguyen
446_EF_Earthing_WallSurface,Electrical Fixtures,Hung Tien Nguyen
446_EF_EarthTestBox,Electrical Fixtures,Hung Tien Nguyen
446_EF_EquipotentialBondingBusbars_WallMounted,Electrical Fixtures,Danh Hong Nguyen
446_EF_LightningCounterDevice,Electrical Fixtures,Quan Dinh Nguyen
446_EF_LightningRod_NoSystem,Electrical Fixtures,Hung Tien Nguyen
451_DD_TelOutlet_WallMounted_2Gangs,Data Devices,Danh Hong Nguyen
451_EF_TelephoneOutlet_Single,Electrical Fixtures,Hung Tien Nguyen
452_CD_CallButtonPullCord,Communication Devices,Danh Hong Nguyen
452_EF_TouchButton_WallMounted,Electrical Fixtures,Quan Dinh Nguyen
454_CD_CabinetLoudspeaker6W_WallMounted_Circular,Communication Devices,Hung Tien Nguyen
454_CD_CabinetLoudspeaker6W_WallMounted_Rectangular,Communication Devices,Hung Tien Nguyen
454_CD_CabinetLoudspeaker6W_WallMounted_Square,Communication Devices,Hung Tien Nguyen
454_CD_HornLoudspeaker15W_WallMounted,Communication Devices,Hung Tien Nguyen
454_CD_Loudspeaker6W_CeilingRecessed,Communication Devices,Hung Tien Nguyen
454_EE_PublicAddressSystemPanel_FloorMounted,Electrical Equipment,Hung Tien Nguyen
454_FA_VandalResistantLoudSpeaker,Fire Alarm Devices,Hung Tien Nguyen
455_CD_IndoorAntenna_Ceiling,Communication Devices,Quy Ngoc Ha
455_DD_TVOutlet_WallMounted_1Gang,Data Devices,Quan Dinh Nguyen
456_CD_DeskIntercomStation,Communication Devices,Quan Dinh Nguyen
456_EE_BMABusCoupler,Electrical Equipment,Quan Dinh Nguyen
456_EE_PowerSupplyUnitAccessControl_WallMounted,Electrical Equipment,Hung Tien Nguyen
456_EF_InfraredMotionDetector_WallMounted,Electrical Fixtures,Khoa Dang Doan
456_FA_AddressableSensor,Fire Alarm Devices,Hung Tien Nguyen
456_FA_AspiratingSmokeDetector_WallMounted,Fire Alarm Devices,Quy Ngoc Ha
456_FA_BeamSensor_WallSurface_Rectangular,Fire Alarm Devices,Hung Tien Nguyen
456_FA_CouplerUnit,Fire Alarm Devices,Quy Ngoc Ha
456_FA_Detector_CO1224A,Fire Alarm Devices,Hung Tien Nguyen
456_FA_Detector_CO1224TR,Fire Alarm Devices,Hung Tien Nguyen
456_FA_DetectorWithHorn,Fire Alarm Devices,Quy Ngoc Ha
456_FA_EmegencyDoorRelease_WallMounted,Fire Alarm Devices,Hung Tien Nguyen
456_FA_FireAlarmCenter,Fire Alarm Devices,Hung Tien Nguyen
456_FA_FireAlarmControlPanel,Fire Alarm Devices,Hung Tien Nguyen
456_FA_FireAlarmZoneModuleControl,Fire Alarm Devices,Hung Tien Nguyen
456_FA_FireBrigadeInformationCenter_WallMounted,Fire Alarm Devices,Hung Tien Nguyen
456_FA_FireDepartmentKeyDepot,Fire Alarm Devices,Hung Tien Nguyen
456_FA_HeatSensor,Fire Alarm Devices,Hung Tien Nguyen
456_FA_LinearHeatDetector,Fire Alarm Devices,Danh Hong Nguyen
456_FA_ManualCallPoint_WallMounted_Square,Fire Alarm Devices,Hung Tien Nguyen
456_FA_ManualCallPoint_WallMounted_Square_Waterproof,Fire Alarm Devices,Hung Tien Nguyen
456_FA_MultiSensorDetector_Ceiling,Fire Alarm Devices,Hung Tien Nguyen
456_FA_O2TMultisensordetector,Fire Alarm Devices,Hung Tien Nguyen
456_FA_O2TMultisensordetector_BottomSlab,Fire Alarm Devices,Hung Tien Nguyen
456_FA_PhotoelectricSmokeDetector,Fire Alarm Devices,Danh Hong Nguyen
456_FA_PhotoThermalSensor_CeilingMouted_Round,Fire Alarm Devices,Hung Tien Nguyen
456_FA_PresenceDetector24m_Ceiling,Fire Alarm Devices,Quan Dinh Nguyen
456_FA_PresenceDetectorHTS_Ceiling,Fire Alarm Devices,Danh Hong Nguyen
456_FA_PushButton_WallMounted_RWA,Fire Alarm Devices,Hung Tien Nguyen
456_FA_SmokeSamplingHead_Ceiling,Fire Alarm Devices,Danh Hong Nguyen
456_FA_SmokeSensor_BottomSlab,Fire Alarm Devices,Danh Hong Nguyen
456_FA_SmokeSensor_RaiseFloor,Fire Alarm Devices,Quan Dinh Nguyen
456_FA_WindandRainDetector_WallMounted_RWA,Fire Alarm Devices,Danh Hong Nguyen
456_SD_ActiveGlassBreakDetector,Security Devices,Khoa Dang Doan
456_SD_AnalogCamera,Security Devices,Hung Tien Nguyen
456_SD_CameraHub_16Port,Security Devices,Hung Tien Nguyen
456_SD_CameraHub_8Port,Security Devices,Nhan Danh Huynh
456_SD_CardReader,Security Devices,Nhan Danh Huynh
456_SD_CombinedOpeningLockingContact,Security Devices,Khoa Dang Doan
456_SD_DomeCamera_Indoor,Security Devices,Nhan Danh Huynh
456_SD_DomeCamera_Outdoor,Security Devices,Nhan Danh Huynh
456_SD_DuressAlarmDetector,Security Devices,Khoa Dang Doan
456_SD_ElectricalLock_DoorMounted,Security Devices,Nhan Danh Huynh
456_SD_FingerScan,Security Devices,Nhan Danh Huynh
456_SD_FingerScanFace_WallMounted,Security Devices,Danh Hong Nguyen
456_SD_FixCameraIP_Indoor,Security Devices,Nhan Danh Huynh
456_SD_FixCameraIP_Outdoor,Security Devices,Nhan Danh Huynh
456_SD_KeyCardTransponder_WallMounted,Security Devices,Khoa Dang Doan
456_SD_Keypad_WallMounted,Security Devices,Khoa Dang Doan
456_SD_LockingElementVertical_DoorMounted,Security Devices,Khoa Dang Doan
456_SD_LockIntegratedMonitor,Security Devices,Khoa Dang Doan
456_SD_Monitor,Security Devices,Nhan Danh Huynh
456_SD_PassiveGlassBreakDetector,Security Devices,Khoa Dang Doan
456_SD_PTZCamera_Indoor,Security Devices,Nhan Danh Huynh
456_SD_PTZCamera_Outdoor,Security Devices,Nhan Danh Huynh
456_SD_SecurityAlarmBell,Security Devices,Quan Dinh Nguyen
456_SD_ThermalCamera,Security Devices,Nhan Danh Huynh
457_CD_Router_Indoor,Communication Devices,Quan Dinh Nguyen
457_DD_LanAndTelOutlet_WallSurface,Data Devices,Quan Dinh Nguyen
457_EE_DataCabinet,Electrical Equipment,Danh Hong Nguyen
457_EE_DataServerCabinet_FloorStand_Rectangular,Electrical Equipment,Danh Hong Nguyen
457_EF_DataConnectionSocket_CeilingMounted_WaterProof,Electrical Fixtures,Hung Tien Nguyen
457_EF_VideoModul,Electrical Fixtures,Quy Ngoc Ha
457_SD_DomeCamera_Outdoor,Security Devices,Quy Ngoc Ha
473_EF_BathroomCallUnit_PullCord,Electrical Fixtures,Hung Tien Nguyen
473_EF_BathroomCallUnit_PushButton,Electrical Fixtures,Nhan Danh Huynh
473_EF_DoorUnit,Electrical Fixtures,Quan Dinh Nguyen
473_EF_ElectronicBuzzer_WallSurface,Electrical Fixtures,Quan Dinh Nguyen
473_EF_RemoteControlModules,Electrical Fixtures,Quan Dinh Nguyen
473_EF_SocketForCordedPushButton_WallSurface,Electrical Fixtures,Quan Dinh Nguyen
473_EF_SocketforHandPushButton,Electrical Fixtures,Danh Hong Nguyen
473_ME_ActivatedCarbonTower,Mechanical Equipment,Danh Hong Nguyen
473_ME_AirDryer,Mechanical Equipment,Danh Hong Nguyen
473_ME_AirDryer_Vertical,Mechanical Equipment,Quy Ngoc Ha
473_ME_AirPurifiers,Mechanical Equipment,Quy Ngoc Ha
473_ME_AirReceiverTank,Mechanical Equipment,Quy Ngoc Ha
473_ME_BHU_HY2017D,Mechanical Equipment,Quy Ngoc Ha
473_ME_BHU_HY2017DS,Mechanical Equipment,Quy Ngoc Ha
473_ME_BHU_SC2015,Mechanical Equipment,Quy Ngoc Ha
473_ME_BHU_Vertical,Mechanical Equipment,Quy Ngoc Ha
473_ME_BottleFillingPlant,Mechanical Equipment,Quy Ngoc Ha
473_ME_CompactH2O2DecontaminationAirlock,Mechanical Equipment,Quy Ngoc Ha
473_ME_CylinderTank_NoSystem,Mechanical Equipment,Quy Ngoc Ha
473_ME_DesiccantAdsorptionCompressedAirDryers,Mechanical Equipment,Quy Ngoc Ha
473_ME_DryVacuumPump,Mechanical Equipment,Quy Ngoc Ha
473_ME_ExternalHeatRecoveryUnits,Mechanical Equipment,Quy Ngoc Ha
473_ME_HeatlessRegenerationAdsorptionDryers,Mechanical Equipment,Quy Ngoc Ha
473_ME_HeatlessRegenerationAdsorptionDryers_ActivatedCarbonTower,Mechanical Equipment,Quy Ngoc Ha
473_ME_HeatRegenerationAdsorptionDryers,Mechanical Equipment,Quy Ngoc Ha
473_ME_ICU_Eurocare,Mechanical Equipment,Quy Ngoc Ha
473_ME_ICU_EurocareD,Mechanical Equipment,Quy Ngoc Ha
473_ME_MedicalAirCompressors_FloorMounted,Mechanical Equipment,Quy Ngoc Ha
473_ME_VacuumPump,Mechanical Equipment,Quy Ngoc Ha
473_ME_ZoneWallUnit_CZ200,Mechanical Equipment,Quy Ngoc Ha
473_ME_ZoneWallUnit_HST100,Mechanical Equipment,Quy Ngoc Ha
473_ME_ZoneWallUnit_HST200,Mechanical Equipment,Quy Ngoc Ha
473_PA_3WayMotorControlValve_Threaded,Pipe Accessories,Danh Hong Nguyen
473_PA_3WayValveDN15toDN50_Threaded,Pipe Accessories,Danh Hong Nguyen
473_PA_AGSSOutletType1L,Pipe Accessories,Quy Ngoc Ha
473_PA_AirHeader_10Connection,Pipe Accessories,Danh Hong Nguyen
473_PA_AirHeader_12Connection,Pipe Accessories,Quan Dinh Nguyen
473_PA_AirHeader_14Connection,Pipe Accessories,Quan Dinh Nguyen
473_PA_AirHeader_16Connection,Pipe Accessories,Quan Dinh Nguyen
473_PA_AirHeader_18Connection,Pipe Accessories,Quan Dinh Nguyen
473_PA_AirHeader_8Connection,Pipe Accessories,Danh Hong Nguyen
473_PA_AirPressureRegulator_Mapress,Pipe Accessories,Danh Hong Nguyen
473_PA_AirRegulatorValve_Threaded,Pipe Accessories,Danh Hong Nguyen
473_PA_AirReliefValve_Threaded,Pipe Accessories,Danh Hong Nguyen
473_PA_AirVentingFilters_Standard,Pipe Accessories,Danh Hong Nguyen
473_PA_AutoDrainValve_FloatType_Threaded,Pipe Accessories,Danh Hong Nguyen
473_PA_AutomaticMechanicalCondensateDrain,Pipe Accessories,Danh Hong Nguyen
473_PA_BallValve_Threaded,Pipe Accessories,Danh Hong Nguyen
473_PA_CheckValve_Threaded,Pipe Accessories,Danh Hong Nguyen
473_PA_ClampedStraightSightGlass,Pipe Accessories,Nhan Danh Huynh
473_PA_CompressedAirFilters_DDp,Pipe Accessories,Danh Hong Nguyen
473_PA_CompressedAirFilters_QDT,Pipe Accessories,Danh Hong Nguyen
473_PA_CondensateDistributor12Branch_WOSCD,Pipe Accessories,Danh Hong Nguyen
473_PA_CondensateDistributor2Branch_WOSCD,Pipe Accessories,Danh Hong Nguyen
473_PA_CondensateDistributor4Branch_WOSCD,Pipe Accessories,Danh Hong Nguyen
473_PA_CondensateDistributor8Branch_WOSCD,Pipe Accessories,Danh Hong Nguyen
473_PA_CS_PressureReducingValve_Flanged,Pipe Accessories,Danh Hong Nguyen
473_PA_CycloneSeparator_Standard,Pipe Accessories,Danh Hong Nguyen
473_PA_ElectronicCondensateDrain,Pipe Accessories,Danh Hong Nguyen
473_PA_ElectronicMotorizedValve,Pipe Accessories,Danh Hong Nguyen
473_PA_Filters_Flanged,Pipe Accessories,Danh Hong Nguyen
473_PA_GasO2Outlet,Pipe Accessories,Danh Hong Nguyen
473_PA_LineBallValve_LV10_V,Pipe Accessories,Danh Hong Nguyen
473_PA_LineBallValve_LV10VF,Pipe Accessories,Danh Hong Nguyen
473_PA_MembraneAirDryers,Pipe Accessories,Danh Hong Nguyen
473_PA_MotorizedPneumaticDiaphragmValve_Welded,Pipe Accessories,Nhan Danh Huynh
473_PA_N2OOutlet,Pipe Accessories,Nhan Danh Huynh
473_PA_NRVValve,Pipe Accessories,Nhan Danh Huynh
473_PA_PlasticBox_Air,Pipe Accessories,Nhan Danh Huynh
473_PA_PneumaticButterflyValve_Welded,Pipe Accessories,Danh Hong Nguyen
473_PA_PneumaticDiaphragmValveWithAlarm,Pipe Accessories,Danh Hong Nguyen
473_PA_PneumaticManualDiaphragmValve,Pipe Accessories,Danh Hong Nguyen
473_PA_PressureGauge_ElectricalContactCodeA,Pipe Accessories,Danh Hong Nguyen
473_PA_RectangularPressureRegulator,Pipe Accessories,Danh Hong Nguyen
473_PA_SafetyValve,Pipe Accessories,Danh Hong Nguyen
473_PA_ShutOffValveBox_MultiConnection,Pipe Accessories,Danh Hong Nguyen
473_PA_SingleZone_ValveBox,Pipe Accessories,Danh Hong Nguyen
473_PA_SS_CouplingsFemale_Threaded,Pipe Accessories,Danh Hong Nguyen
473_PA_SS_HighPressureProcessFilters_Welded,Pipe Accessories,Danh Hong Nguyen
473_PA_SS_PressureGauge_AnalogueType,Pipe Accessories,Danh Hong Nguyen
473_PA_SS_PressureReducingValve_Flanged,Pipe Accessories,Danh Hong Nguyen
473_PA_StainlessSteel1WayValve,Pipe Accessories,Nhan Danh Huynh
473_PA_StainlessSteelFlexibleConnection,Pipe Accessories,Nhan Danh Huynh
473_PA_SterileFilters_SFSeries_Flanged,Pipe Accessories,Nhan Danh Huynh
473_PA_VAC_Outlet,Pipe Accessories,Danh Hong Nguyen
473_PA_WaterOilSeparators_WOS,Pipe Accessories,Danh Hong Nguyen
473_PA_WaterOilSeparators_WOSm,Pipe Accessories,Danh Hong Nguyen
473_PA_WeldedCondensateSeparators,Pipe Accessories,Nhan Danh Huynh
473_PF_CO_cEndCap_Soldered,Pipe Fittings,Quan Dinh Nguyen
473_PF_CO_eElbow180_Soldered,Pipe Fittings,Quy Ngoc Ha
473_PF_CO_eElbow45_FemaleAndFemaleSoldered,Pipe Fittings,Quy Ngoc Ha
473_PF_CO_eElbow45_MaleAndFemaleSoldered,Pipe Fittings,Quy Ngoc Ha
473_PF_CO_eElbowLongRadiusFF_Soldered,Pipe Fittings,Danh Hong Nguyen
473_PF_CO_eElbowShortRadiusMF_Soldered,Pipe Fittings,Quy Ngoc Ha
473_PF_CO_eLongRadius_MFSoldered,Pipe Fittings,Quy Ngoc Ha
473_PF_CO_eLongRadius_Soldered,Pipe Fittings,Quy Ngoc Ha
473_PF_CO_eOffset_Soldered,Pipe Fittings,Quy Ngoc Ha
473_PF_CO_eShortRadiusFF_Soldered,Pipe Fittings,Danh Hong Nguyen
473_PF_CO_rReducer_FemaleSoldered,Pipe Fittings,Quan Dinh Nguyen
473_PF_CO_rReducerMF_Soldered,Pipe Fittings,Quan Dinh Nguyen
473_PF_CO_tEqualTee_FemaleSoldered,Pipe Fittings,Quy Ngoc Ha
473_PF_CO_tTee_Reducing_FemaleSoldered,Pipe Fittings,Quy Ngoc Ha
473_PF_CO_uOffsetFF_Soldered,Pipe Fittings,Quy Ngoc Ha
473_PF_SS_tTee_Welded,Pipe Fittings,Quan Dinh Nguyen
474_ME_AirSamplingPump,Mechanical Equipment,Nhan Danh Huynh
474_ME_AutomaticDryPowderCeilingFireExtinguiser_ABC1kg,Mechanical Equipment,Hung Tien Nguyen
474_ME_AutomaticDryPowderCeilingFireExtinguiser_ABC6kg,Mechanical Equipment,Danh Hong Nguyen
474_ME_AutomaticDryPowderCeilingFireExtinguiser_HFC8kg,Mechanical Equipment,Danh Hong Nguyen
474_ME_Cabinet_ExtinguishingWaterSupplyAndVentilationValve,Mechanical Equipment,Danh Hong Nguyen
474_ME_Cabinet_FlushMountedWall,Mechanical Equipment,Danh Hong Nguyen
474_ME_Compressor,Mechanical Equipment,Danh Hong Nguyen
474_ME_ControlBox_CO2,Mechanical Equipment,Hung Tien Nguyen
474_ME_CylinderTank_FM200,Mechanical Equipment,Hung Tien Nguyen
474_ME_CylinderWithCylinderValve_CO2,Mechanical Equipment,Hung Tien Nguyen
474_ME_EndSuctionFirePump,Mechanical Equipment,Hung Tien Nguyen
474_ME_FE_AutomaticDryPowerCeiling_HFC17_NoSystem,Mechanical Equipment,Hung Tien Nguyen
474_ME_FireExtinguisherCarbonDioxide,Mechanical Equipment,Hung Tien Nguyen
474_ME_FireExtinguisherPortable_Foam,Mechanical Equipment,Hung Tien Nguyen
474_ME_FireExtinguisherPortable_Powder,Mechanical Equipment,Hung Tien Nguyen
474_ME_FireHoseReel_WallSurface,Mechanical Equipment,Hung Tien Nguyen
474_ME_FirePump_Horizontal_SplitCase,Mechanical Equipment,Hung Tien Nguyen
474_ME_FireValveBox,Mechanical Equipment,Hung Tien Nguyen
474_ME_FoamBladderTank_HorizontalType,Mechanical Equipment,Hung Tien Nguyen
474_ME_FoamPump,Mechanical Equipment,Danh Hong Nguyen
474_ME_HorizontalPresssureTank,Mechanical Equipment,Danh Hong Nguyen
474_ME_JockeyPump,Mechanical Equipment,Danh Hong Nguyen
474_ME_MasterCylinderWithTopValveOfActuator_CO2,Mechanical Equipment,Danh Hong Nguyen
474_PA_3WayBronzeGlobeValve,Pipe Accessories,Danh Hong Nguyen
474_PA_AerationVentilationValve,Pipe Accessories,Danh Hong Nguyen
474_PA_AirMaintenanceCompressorAssembly,Pipe Accessories,Hung Tien Nguyen
474_PA_AirVentValve,Pipe Accessories,Hung Tien Nguyen
474_PA_AlarmCheckValve_European,Pipe Accessories,Hung Tien Nguyen
474_PA_AlarmCheckValve_Preaction,Pipe Accessories,Khoa Dang Doan
474_PA_AlarmPressureSwitch,Pipe Accessories,Hung Tien Nguyen
474_PA_AlarmTestModuleGrooveEnd,Pipe Accessories,Hung Tien Nguyen
474_PA_AlarmTestModulePressureReliefValve_ThreadEnd,Pipe Accessories,Nhan Danh Huynh
474_PA_AlarmTestModuleThreadEnd,Pipe Accessories,Hung Tien Nguyen
474_PA_AngleHoseValve,Pipe Accessories,Hung Tien Nguyen
474_PA_AutoConvertAssembly,Pipe Accessories,Nhan Danh Huynh
474_PA_AutoDrainValve_FloatType_Threaded,Pipe Accessories,Nhan Danh Huynh
474_PA_AutomaticConcentrateControlValve_Foam,Pipe Accessories,Danh Hong Nguyen
474_PA_BallValve,Pipe Accessories,Hung Tien Nguyen
474_PA_BallValves_GrooveAndGroove,Pipe Accessories,Hung Tien Nguyen
474_PA_BallValvesThreadandThread,Pipe Accessories,Nhan Danh Huynh
474_PA_BrassBodyBallValves_Threaded,Pipe Accessories,Hung Tien Nguyen
474_PA_ButterflyValve,Pipe Accessories,Hung Tien Nguyen
474_PA_ButterflyValveSupervisedOpen,Pipe Accessories,Nhan Danh Huynh
474_PA_CheckValve,Pipe Accessories,Hung Tien Nguyen
474_PA_CheckValveAlternateWetDrySystem,Pipe Accessories,Hung Tien Nguyen
474_PA_CylinderValve_CO2,Pipe Accessories,Nhan Danh Huynh
474_PA_DelugeValve,Pipe Accessories,Hung Tien Nguyen
474_PA_DiaphragmValves,Pipe Accessories,Hung Tien Nguyen
474_PA_DischargeValve,Pipe Accessories,Danh Hong Nguyen
474_PA_DoubleDoorCheckValve,Pipe Accessories,Danh Hong Nguyen
474_PA_DryAccelerator,Pipe Accessories,Hung Tien Nguyen
474_PA_DryPilotActuator,Pipe Accessories,Hung Tien Nguyen
474_PA_DuplexPressureGauges,Pipe Accessories,Hung Tien Nguyen
474_PA_FireHoseAngleValveWithCap,Pipe Accessories,Hung Tien Nguyen
474_PA_FireLockAlarmCheckValve,Pipe Accessories,Hung Tien Nguyen
474_PA_FireLockBallValve,Pipe Accessories,Hung Tien Nguyen
474_PA_FlexibleMetalHose,Pipe Accessories,Hung Tien Nguyen
474_PA_FlowTestMeter_Flange,Pipe Accessories,Hung Tien Nguyen
474_PA_Flushing_Connection,Pipe Accessories,Hung Tien Nguyen
474_PA_FM200_ActuatorBox,Pipe Accessories,Hung Tien Nguyen
474_PA_FM200_DischagePressureSwitch,Pipe Accessories,Hung Tien Nguyen
474_PA_FM200_SectorValve_Flanged,Pipe Accessories,Hung Tien Nguyen
474_PA_FM200_SectorValve_Threaded,Pipe Accessories,Hung Tien Nguyen
474_PA_FM200_SolenoidValve,Pipe Accessories,Nhan Danh Huynh
474_PA_Foam_AutomaticControlValve_Flanged,Pipe Accessories,Nhan Danh Huynh
474_PA_Foam_DuctileIron_DelugeValve_AngleStype,Pipe Accessories,Nhan Danh Huynh
474_PA_Foam_InLineBalancedPressureProportioners,Pipe Accessories,Nhan Danh Huynh
474_PA_GateValve,Pipe Accessories,Nhan Danh Huynh
474_PA_GateValveWithElectricActuator,Pipe Accessories,Hung Tien Nguyen
474_PA_InlineCheckValve_CO2,Pipe Accessories,Long Kim Dang
474_PA_LevelControlValves_Flange,Pipe Accessories,Quy Ngoc Ha
474_PA_LevelControlValves_Grooved,Pipe Accessories,Quy Ngoc Ha
474_PA_MaintenanceUnit,Pipe Accessories,Danh Hong Nguyen
474_PA_ManifoldCheckValve_Grooved,Pipe Accessories,Danh Hong Nguyen
474_PA_ManifoldCheckValve_Threaded,Pipe Accessories,Nhan Danh Huynh
474_PA_ManualPneumaticActuator_FM200,Pipe Accessories,Nhan Danh Huynh
474_PA_NRSOS&YGateValves_GrooveAndFlange,Pipe Accessories,Danh Hong Nguyen
474_PA_NRSOS&YGateValves_GrooveAndGroove,Pipe Accessories,Quan Dinh Nguyen
474_PA_OS&YGateValves_GrooveAndFlange,Pipe Accessories,Quan Dinh Nguyen
474_PA_OS&YGateValves_GrooveAndGroove,Pipe Accessories,Quan Dinh Nguyen
474_PA_PressureGauge_withBallValve,Pipe Accessories,Khoa Dang Doan
474_PA_PressureMeter,Pipe Accessories,Danh Hong Nguyen
474_PA_PressureOperatedDirectionalValve_CO2,Pipe Accessories,Hung Tien Nguyen
474_PA_PressureReducingControlValve_Groove,Pipe Accessories,Hung Tien Nguyen
474_PA_PressureReducingControlValveThread,Pipe Accessories,Hung Tien Nguyen
474_PA_PressureSwitch_FM200,Pipe Accessories,Danh Hong Nguyen
474_PA_RiserCheckValve,Pipe Accessories,Hung Tien Nguyen
474_PA_RubberExpansionJoint_Flanged,Pipe Accessories,Hung Tien Nguyen
474_PA_RubberExpansionJoint_Threaded,Pipe Accessories,Hung Tien Nguyen
474_PA_SafertyReliefValve_CO2,Pipe Accessories,Hung Tien Nguyen
474_PA_SafetyValve,Pipe Accessories,Hung Tien Nguyen
474_PA_ShutoffValve_Motorized,Pipe Accessories,Hung Tien Nguyen
474_PA_SightGlasses,Pipe Accessories,Hung Tien Nguyen
474_PA_SolenoidValve,Pipe Accessories,Hung Tien Nguyen
474_PA_SS_CompoundPressureGauge,Pipe Accessories,Hung Tien Nguyen
474_PA_StoneCatcher,Pipe Accessories,Hung Tien Nguyen
474_PA_WaterFlowDetector_ZoneCheck,Pipe Accessories,Quan Dinh Nguyen
474_PA_WaterflowSwitches,Pipe Accessories,Danh Hong Nguyen
474_PA_ZoneControlRiserModule_Residential,Pipe Accessories,Long Kim Dang
474_PF_CI_cCap_Threaded,Pipe Fittings,Khoa Dang Doan
474_PF_CI_eShortBend_Threaded,Pipe Fittings,Khoa Dang Doan
474_PF_CI_rReducer_Threaded,Pipe Fittings,Khoa Dang Doan
474_PF_CI_tEqualTee_Thread,Pipe Fittings,Khoa Dang Doan
474_PF_CI_tTeeReducing_Thread,Pipe Fittings,Khoa Dang Doan
474_PF_CI_uHexNipple,Pipe Fittings,Khoa Dang Doan
474_PF_CI_uUnion_Threaded,Pipe Fittings,Khoa Dang Doan
474_PF_CI_xCross_Thread,Pipe Fittings,Khoa Dang Doan
474_PF_CI_xSocketUnion_Threaded,Pipe Fittings,Khoa Dang Doan
474_PF_CS_cCap_Grooved,Pipe Fittings,Khoa Dang Doan
474_PF_CS_eElbowEndOfRun_Grooved,Pipe Fittings,Khoa Dang Doan
474_PF_CS_eElbow_Grooved,Pipe Fittings,Khoa Dang Doan
474_PF_CS_fConnection_Coupling_FireLockEZRigid,Pipe Fittings,Khoa Dang Doan
474_PF_CS_fConnection_Coupling_FireLockRigid,Pipe Fittings,Khoa Dang Doan
474_PF_CS_rConcentricReducer_Grooved,Pipe Fittings,Khoa Dang Doan
474_PF_CS_rEccentricReducer_Grooved,Pipe Fittings,Khoa Dang Doan
474_PF_CS_tEndTee_Grooved,Pipe Fittings,Khoa Dang Doan
474_PF_CS_tLateralTee_Grooved,Pipe Fittings,Hung Tien Nguyen
474_PF_CS_tLateralThread_Standard,Pipe Fittings,Hung Tien Nguyen
474_PF_CS_tLowProfileSprinklerTee_Threaded,Pipe Fittings,Hung Tien Nguyen
474_PF_CS_tOutletReducingCouplingTee_Grooved,Pipe Fittings,Khoa Dang Doan
474_PF_CS_tOutletReducingTee_Threaded,Pipe Fittings,Hung Tien Nguyen
474_PF_CS_tOutletTeeReducing_Coupling,Pipe Fittings,Hung Tien Nguyen
474_PF_CS_tReducingLateralTee_Grooved,Pipe Fittings,Khoa Dang Doan
474_PF_CS_tReducingTee_Grooved,Pipe Fittings,Khoa Dang Doan
474_PF_CS_uAdapterNipple_Flanged,Pipe Fittings,Hung Tien Nguyen
474_PF_CS_uAdaptorNipple_Grooved,Pipe Fittings,Khoa Dang Doan
474_PF_CS_wTrueWye_Grooved,Pipe Fittings,Khoa Dang Doan
474_PF_CS_xCross_Grooved,Pipe Fittings,Khoa Dang Doan
474_PF_SS_eUnionElbow_Threaded,Pipe Fittings,Khoa Dang Doan
474_PROMAT_Horizontal_Vertical_WallMount,Fire Protection,Hung Tien Nguyen
474_SP_FM200_180RadialNozzle_2Port,Sprinklers,Quan Dinh Nguyen
474_SP_FM200_360RadialNozzle_1Port,Sprinklers,Quan Dinh Nguyen
474_SP_FM200_360RadialNozzle_4Port,Sprinklers,Quy Ngoc Ha
474_SP_FM200_DischargeNozzle,Sprinklers,Quy Ngoc Ha
474_SP_FoamNozzle_Pendent,Sprinklers,Quy Ngoc Ha
474_SP_FoamNozzle_Upright,Sprinklers,Quy Ngoc Ha
474_SP_GE_DoubleSprinkler,Sprinklers,Quy Ngoc Ha
474_SP_GE_HorizontalSideWall,Sprinklers,Quy Ngoc Ha
474_SP_GE_HVSprayNozzles,Sprinklers,Quy Ngoc Ha
474_SP_GE_Pendent,Sprinklers,Quy Ngoc Ha
474_SP_GE_PendentCover,Sprinklers,Quy Ngoc Ha
474_SP_GE_SprayNozzles,Sprinklers,Nhan Danh Huynh
474_SP_GE_Upright,Sprinklers,Quan Dinh Nguyen
474_SP_GE_UprightCover,Sprinklers,Quan Dinh Nguyen
474_SP_GE_WindowOpenNozzle,Sprinklers,Hung Tien Nguyen
480_EE_WallControlPanel_WallMounted,Electrical Equipment,Hung Tien Nguyen
480_FA_AddressableManualPullStation,Fire Alarm Devices,Hung Tien Nguyen
480_FA_AnnunciatorPanel,Fire Alarm Devices,Hung Tien Nguyen
480_FA_Bell,Fire Alarm Devices,Hung Tien Nguyen
480_FA_FireDoorHolder,Fire Alarm Devices,Hung Tien Nguyen
480_FA_LEDIndicator_WallMounted,Fire Alarm Devices,Hung Tien Nguyen
480_FA_SmokeDectectorOpticalSignal_Ceiling,Fire Alarm Devices,Quan Dinh Nguyen
480_FA_TransferUnit,Fire Alarm Devices,Hung Tien Nguyen
481_DD_BACnetGateway,Data Devices,Danh Hong Nguyen
481_EE_SmartHomeAccessPoint_WLAN,Electrical Equipment,Khoa Dang Doan
481_EE_TransmissionDevice,Electrical Equipment,Khoa Dang Doan
481_EF_DoorBusCoupler,Electrical Fixtures,Khoa Dang Doan
481_EF_Hygrostat,Electrical Fixtures,Nhan Danh Huynh
481_EF_OutdoorAirTemperatureSensor,Electrical Fixtures,Nhan Danh Huynh
481_SD_Distributor,Security Devices,Khoa Dang Doan
482_EE_ControlDistribution_WallMounted,Electrical Equipment,Quan Dinh Nguyen
482_EE_Distribution_FloorStanding_Indoor,Electrical Equipment,Quan Dinh Nguyen
482_EE_RackCabinet_WallMounted,Electrical Equipment,Danh Hong Nguyen
482_EE_SwitchCabinet_FloorStand_Rectangular,Electrical Equipment,Quan Dinh Nguyen
491_SE_ArmFromDoublePerpendicularArm,Specialty Equipment,Quan Dinh Nguyen
491_SE_BracingArmSKOF80,Specialty Equipment,Quan Dinh Nguyen
491_SE_ClampDoublePiece,Specialty Equipment,Quan Dinh Nguyen
491_SE_ConductorHolders_FloorStand,Specialty Equipment,Danh Hong Nguyen
491_SE_DouleClampWithFoundationPlate,Specialty Equipment,Danh Hong Nguyen
491_SE_EndSupportSTAF80,Specialty Equipment,Quan Dinh Nguyen
491_SE_GuidingBracketFWF,Specialty Equipment,Quan Dinh Nguyen
491_SE_PillarOnTopAndDoubleArmWithThread,Specialty Equipment,Danh Hong Nguyen
491_SE_PillarOnTopAndSingleArmWithThread,Specialty Equipment,Danh Hong Nguyen
491_SE_PipeClampWithRubberRing,Specialty Equipment,Danh Hong Nguyen
491_SE_PipeClampWithShadeNut,Specialty Equipment,Quan Dinh Nguyen
491_SE_PipeStrapWithUType,Specialty Equipment,Quan Dinh Nguyen
491_SE_PipeSupport_Riser_ClampType,Specialty Equipment,Quan Dinh Nguyen
491_SE_PipeTrapezeHangerSingleFrame,Specialty Equipment,Danh Hong Nguyen
491_SE_ShouderWithDoubleArm,Specialty Equipment,Nhan Danh Huynh
491_SE_SingleArmWithPillarOnTop,Specialty Equipment,Danh Hong Nguyen
491_SE_SingleArmWithPlate,Specialty Equipment,Quan Dinh Nguyen
