ticket_id,excel_wt,mantis_wt,score,changed_yn,source,use_wt
76286,Sample Model + Output Data,Sample Model + Output Data,3,N,Mantis,Sample Model + Output Data
76283,Export layouts to Revizto & 3D Review,Export layouts to Revizto & 3D Review,5,N,Mantis,Export layouts to Revizto & 3D Review
76273,Sample Model + Output Data,Sample Model + Output Data,3,N,Mantis,Sample Model + Output Data
76260,Sample Model + Output Data,Sample Model + Output Data,3,N,Mantis,Sample Model + Output Data
76259,Sample Model + Output Data,Sample Model + Output Data,3,N,Mantis,Sample Model + Output Data
76258,Sample Model + Output Data,Sample Model + Output Data,3,N,Mantis,Sample Model + Output Data
76256,Sample Model + Output Data,Sample Model + Output Data,3,N,Mantis,Sample Model + Output Data
76255,Sample Model + Output Data,Sample Model + Output Data,3,N,Mantis,Sample Model + Output Data
76254,Sample Model + Output Data,Sample Model + Output Data,3,N,Mantis,Sample Model + Output Data
76253,Sample Model + Output Data,Sample Model + Output Data,3,N,Mantis,Sample Model + Output Data
76227,Sample Model + Output Data,Sample Model + Output Data,3,N,Mantis,Sample Model + Output Data
76222,Sample Model + Output Data,Sample Model + Output Data,3,N,Mantis,Sample Model + Output Data
76221,Sample Model + Output Data,Sample Model + Output Data,3,N,Mantis,Sample Model + Output Data
76220,Sample Model + Output Data,Sample Model + Output Data,3,N,Mantis,Sample Model + Output Data
76213,Create Revit templates for each LPH,Create Revit templates for each LPH,9,N,Mantis,Create Revit templates for each LPH
76212,Create Revit templates for each LPH,Create Revit templates for each LPH,9,N,Mantis,Create Revit templates for each LPH
76180,Output Checklists,Output Checklists,7,N,Mantis,Output Checklists
76179,Output Checklists,Output Checklists,7,N,Mantis,Output Checklists
76178,Output Checklists,Output Checklists,7,N,Mantis,Output Checklists
76177,Output Checklists,Output Checklists,7,N,Mantis,Output Checklists
76176,Output Checklists,Output Checklists,7,N,Mantis,Output Checklists
76175,Output Checklists,Output Checklists,7,N,Mantis,Output Checklists
76174,Create Revit templates for each LPH,Create Revit templates for each LPH,9,N,Mantis,Create Revit templates for each LPH
76173,Create Revit templates for each LPH,Create Revit templates for each LPH,9,N,Mantis,Create Revit templates for each LPH
76172,Create Revit templates for each LPH,Create Revit templates for each LPH,9,N,Mantis,Create Revit templates for each LPH
76171,Create Revit templates for each LPH,Create Revit templates for each LPH,9,N,Mantis,Create Revit templates for each LPH
76170,Create Revit templates for each LPH,Create Revit templates for each LPH,9,N,Mantis,Create Revit templates for each LPH
76169,Create Revit templates for each LPH,Create Revit templates for each LPH,9,N,Mantis,Create Revit templates for each LPH
76131,Export layouts to Revizto & 3D Review,Export layouts to Revizto & 3D Review,5,N,Mantis,Export layouts to Revizto & 3D Review
76129,Export layouts to Revizto & 3D Review,Export layouts to Revizto & 3D Review,5,N,Mantis,Export layouts to Revizto & 3D Review
76128,Framework deliverables,Framework deliverables,10,N,Mantis,Framework deliverables
76127,Sample Model + Output Data,Sample Model + Output Data,3,N,Mantis,Sample Model + Output Data
76125,Sample Model + Output Data,Sample Model + Output Data,3,N,Mantis,Sample Model + Output Data
76124,Sample Model + Output Data,Sample Model + Output Data,3,N,Mantis,Sample Model + Output Data
76123,Sample Model + Output Data,Sample Model + Output Data,3,N,Mantis,Sample Model + Output Data
76121,Sample Model + Output Data,Sample Model + Output Data,3,N,Mantis,Sample Model + Output Data
76120,Sample Model + Output Data,Sample Model + Output Data,3,N,Mantis,Sample Model + Output Data
76118,Sample Model + Output Data,Sample Model + Output Data,3,N,Mantis,Sample Model + Output Data
76117,Sample Model + Output Data,Sample Model + Output Data,3,N,Mantis,Sample Model + Output Data
76104,Framework deliverables,Framework deliverables,10,N,Mantis,Framework deliverables
75949,Revise the RFA library,Revise the RFA library,2,N,Mantis,Revise the RFA library
75948,Revise the RFA library,Revise the RFA library,2,N,Mantis,Revise the RFA library
75938,Sample Model + Output Data,Sample Model + Output Data,3,N,Mantis,Sample Model + Output Data
75937,Output Checklists,Output Checklists,7,N,Mantis,Output Checklists
75936,Create Revit templates for each LPH,Create Revit templates for each LPH,9,N,Mantis,Create Revit templates for each LPH
75935,Sample Model + Output Data,Sample Model + Output Data,3,N,Mantis,Sample Model + Output Data
75911,Sample Model + Output Data,Sample Model + Output Data,3,N,Mantis,Sample Model + Output Data
75910,Output Checklists,Output Checklists,7,N,Mantis,Output Checklists
75909,Create Revit templates for each LPH,Create Revit templates for each LPH,9,N,Mantis,Create Revit templates for each LPH
75807,Revise the RFA library,Revise the RFA library,2,N,Mantis,Revise the RFA library
75806,Revise the RFA library,Revise the RFA library,2,N,Mantis,Revise the RFA library
75805,Revise the RFA library,Revise the RFA library,2,N,Mantis,Revise the RFA library
75804,Revise the RFA library,Revise the RFA library,2,N,Mantis,Revise the RFA library
75803,Revise the RFA library,Revise the RFA library,2,N,Mantis,Revise the RFA library
75802,Revise the RFA library,Revise the RFA library,2,N,Mantis,Revise the RFA library
75801,Revise the RFA library,Revise the RFA library,2,N,Mantis,Revise the RFA library
75800,Revise the RFA library,Revise the RFA library,2,N,Mantis,Revise the RFA library
75799,Revise the RFA library,Revise the RFA library,2,N,Mantis,Revise the RFA library
75798,Revise the RFA library,Revise the RFA library,2,N,Mantis,Revise the RFA library
75796,Revise the RFA library,Revise the RFA library,2,N,Mantis,Revise the RFA library
75795,Revise the RFA library,Revise the RFA library,2,N,Mantis,Revise the RFA library
75794,Revise the RFA library,Revise the RFA library,2,N,Mantis,Revise the RFA library
75793,Revise the RFA library,Revise the RFA library,2,N,Mantis,Revise the RFA library
75792,Revise the RFA library,Revise the RFA library,2,N,Mantis,Revise the RFA library
75791,Revise the RFA library,Revise the RFA library,2,N,Mantis,Revise the RFA library
75790,Revise the RFA library,Revise the RFA library,2,N,Mantis,Revise the RFA library
75789,Revise the RFA library,Revise the RFA library,2,N,Mantis,Revise the RFA library
75788,Revise the RFA library,Revise the RFA library,2,N,Mantis,Revise the RFA library
75787,Revise the RFA library,Revise the RFA library,2,N,Mantis,Revise the RFA library
75786,Revise the RFA library,Revise the RFA library,2,N,Mantis,Revise the RFA library
75785,Revise the RFA library,Revise the RFA library,2,N,Mantis,Revise the RFA library
75784,Revise the RFA library,Revise the RFA library,2,N,Mantis,Revise the RFA library
75783,Revise the RFA library,Revise the RFA library,2,N,Mantis,Revise the RFA library
75782,Revise the RFA library,Revise the RFA library,2,N,Mantis,Revise the RFA library
75781,Revise the RFA library,Revise the RFA library,2,N,Mantis,Revise the RFA library
75780,Revise the RFA library,Revise the RFA library,2,N,Mantis,Revise the RFA library
75779,Revise the RFA library,Revise the RFA library,2,N,Mantis,Revise the RFA library
75778,Revise the RFA library,Revise the RFA library,2,N,Mantis,Revise the RFA library
75748,Revise the RFA library,Revise the RFA library,2,N,Mantis,Revise the RFA library
75747,Revise the RFA library,Revise the RFA library,2,N,Mantis,Revise the RFA library
75746,Framework deliverables,Framework deliverables,10,N,Mantis,Framework deliverables
75712,Sample Model + Output Data,Sample Model + Output Data,3,N,Mantis,Sample Model + Output Data
75711,Sample Model + Output Data,Sample Model + Output Data,3,N,Mantis,Sample Model + Output Data
75710,Sample Model + Output Data,Sample Model + Output Data,3,N,Mantis,Sample Model + Output Data
75709,Sample Model + Output Data,Sample Model + Output Data,3,N,Mantis,Sample Model + Output Data
75708,Sample Model + Output Data,Sample Model + Output Data,3,N,Mantis,Sample Model + Output Data
75707,Sample Model + Output Data,Sample Model + Output Data,3,N,Mantis,Sample Model + Output Data
75706,Sample Model + Output Data,Sample Model + Output Data,3,N,Mantis,Sample Model + Output Data
75705,Sample Model + Output Data,Sample Model + Output Data,3,N,Mantis,Sample Model + Output Data
75704,Sample Model + Output Data,Sample Model + Output Data,3,N,Mantis,Sample Model + Output Data
75700,Revise the RFA library,Revise the RFA library,2,N,Mantis,Revise the RFA library
75699,Revise the RFA library,Revise the RFA library,2,N,Mantis,Revise the RFA library
75698,Revise the RFA library,Revise the RFA library,2,N,Mantis,Revise the RFA library
75697,Revise the RFA library,Revise the RFA library,2,N,Mantis,Revise the RFA library
75696,Revise the RFA library,Revise the RFA library,2,N,Mantis,Revise the RFA library
75695,Revise the RFA library,Revise the RFA library,2,N,Mantis,Revise the RFA library
75694,Revise the RFA library,Revise the RFA library,2,N,Mantis,Revise the RFA library
75693,Revise the RFA library,Revise the RFA library,2,N,Mantis,Revise the RFA library
75692,Revise the RFA library,Revise the RFA library,2,N,Mantis,Revise the RFA library
75691,Revise the RFA library,Revise the RFA library,2,N,Mantis,Revise the RFA library
75690,Revise the RFA library,Revise the RFA library,2,N,Mantis,Revise the RFA library
75689,Revise the RFA library,Revise the RFA library,2,N,Mantis,Revise the RFA library
75688,Revise the RFA library,Revise the RFA library,2,N,Mantis,Revise the RFA library
75687,Revise the RFA library,Revise the RFA library,2,N,Mantis,Revise the RFA library
75686,Revise the RFA library,Revise the RFA library,2,N,Mantis,Revise the RFA library
75685,Revise the RFA library,Revise the RFA library,2,N,Mantis,Revise the RFA library
75684,Revise the RFA library,Revise the RFA library,2,N,Mantis,Revise the RFA library
75683,Revise the RFA library,Revise the RFA library,2,N,Mantis,Revise the RFA library
75682,Revise the RFA library,Revise the RFA library,2,N,Mantis,Revise the RFA library
75681,Revise the RFA library,Revise the RFA library,2,N,Mantis,Revise the RFA library
75680,Revise the RFA library,Revise the RFA library,2,N,Mantis,Revise the RFA library
75679,Revise the RFA library,Revise the RFA library,2,N,Mantis,Revise the RFA library
75678,Revise the RFA library,Revise the RFA library,2,N,Mantis,Revise the RFA library
75677,Revise the RFA library,Revise the RFA library,2,N,Mantis,Revise the RFA library
75676,Revise the RFA library,Revise the RFA library,2,N,Mantis,Revise the RFA library
75675,Revise the RFA library,Revise the RFA library,2,N,Mantis,Revise the RFA library
75674,Revise the RFA library,Revise the RFA library,2,N,Mantis,Revise the RFA library
75673,Revise the RFA library,Revise the RFA library,2,N,Mantis,Revise the RFA library
75672,Revise the RFA library,Revise the RFA library,2,N,Mantis,Revise the RFA library
75671,Revise the RFA library,Revise the RFA library,2,N,Mantis,Revise the RFA library
75670,Revise the RFA library,Revise the RFA library,2,N,Mantis,Revise the RFA library
75669,Revise the RFA library,Revise the RFA library,2,N,Mantis,Revise the RFA library
75668,Revise the RFA library,Revise the RFA library,2,N,Mantis,Revise the RFA library
75667,Revise the RFA library,Revise the RFA library,2,N,Mantis,Revise the RFA library
75666,Revise the RFA library,Revise the RFA library,2,N,Mantis,Revise the RFA library
75665,Revise the RFA library,Revise the RFA library,2,N,Mantis,Revise the RFA library
75664,Revise the RFA library,Revise the RFA library,2,N,Mantis,Revise the RFA library
75663,Revise the RFA library,Revise the RFA library,2,N,Mantis,Revise the RFA library
75662,Revise the RFA library,Revise the RFA library,2,N,Mantis,Revise the RFA library
75661,Revise the RFA library,Revise the RFA library,2,N,Mantis,Revise the RFA library
75660,Revise the RFA library,Revise the RFA library,2,N,Mantis,Revise the RFA library
75659,Revise the RFA library,Revise the RFA library,2,N,Mantis,Revise the RFA library
75658,Revise the RFA library,Revise the RFA library,2,N,Mantis,Revise the RFA library
75654,Revise the RFA library,Revise the RFA library,2,N,Mantis,Revise the RFA library
75653,Revise the RFA library,Revise the RFA library,2,N,Mantis,Revise the RFA library
75652,Revise the RFA library,Revise the RFA library,2,N,Mantis,Revise the RFA library
75651,Revise the RFA library,Revise the RFA library,2,N,Mantis,Revise the RFA library
75650,Revise the RFA library,Revise the RFA library,2,N,Mantis,Revise the RFA library
75649,Revise the RFA library,Revise the RFA library,2,N,Mantis,Revise the RFA library
75648,Revise the RFA library,Revise the RFA library,2,N,Mantis,Revise the RFA library
75647,Revise the RFA library,Revise the RFA library,2,N,Mantis,Revise the RFA library
75646,Revise the RFA library,Revise the RFA library,2,N,Mantis,Revise the RFA library
75645,Revise the RFA library,Revise the RFA library,2,N,Mantis,Revise the RFA library
75644,Revise the RFA library,Revise the RFA library,2,N,Mantis,Revise the RFA library
75643,Revise the RFA library,Revise the RFA library,2,N,Mantis,Revise the RFA library
75642,Revise the RFA library,Revise the RFA library,2,N,Mantis,Revise the RFA library
75641,Revise the RFA library,Revise the RFA library,2,N,Mantis,Revise the RFA library
75640,Revise the RFA library,Revise the RFA library,2,N,Mantis,Revise the RFA library
75639,Revise the RFA library,Revise the RFA library,2,N,Mantis,Revise the RFA library
75638,Revise the RFA library,Revise the RFA library,2,N,Mantis,Revise the RFA library
75637,Revise the RFA library,Revise the RFA library,2,N,Mantis,Revise the RFA library
75636,Revise the RFA library,Revise the RFA library,2,N,Mantis,Revise the RFA library
75635,Revise the RFA library,Revise the RFA library,2,N,Mantis,Revise the RFA library
75634,Revise the RFA library,Revise the RFA library,2,N,Mantis,Revise the RFA library
75633,Revise the RFA library,Revise the RFA library,2,N,Mantis,Revise the RFA library
75632,Revise the RFA library,Revise the RFA library,2,N,Mantis,Revise the RFA library
75631,Revise the RFA library,Revise the RFA library,2,N,Mantis,Revise the RFA library
75630,Revise the RFA library,Revise the RFA library,2,N,Mantis,Revise the RFA library
75629,Revise the RFA library,Revise the RFA library,2,N,Mantis,Revise the RFA library
75628,Revise the RFA library,Revise the RFA library,2,N,Mantis,Revise the RFA library
75627,Revise the RFA library,Revise the RFA library,2,N,Mantis,Revise the RFA library
75626,Revise the RFA library,Revise the RFA library,2,N,Mantis,Revise the RFA library
75625,Revise the RFA library,Revise the RFA library,2,N,Mantis,Revise the RFA library
75624,Revise the RFA library,Revise the RFA library,2,N,Mantis,Revise the RFA library
75623,Revise the RFA library,Revise the RFA library,2,N,Mantis,Revise the RFA library
75622,Revise the RFA library,Revise the RFA library,2,N,Mantis,Revise the RFA library
75621,Revise the RFA library,Revise the RFA library,2,N,Mantis,Revise the RFA library
75620,Revise the RFA library,Revise the RFA library,2,N,Mantis,Revise the RFA library
75619,Revise the RFA library,Revise the RFA library,2,N,Mantis,Revise the RFA library
75618,Revise the RFA library,Revise the RFA library,2,N,Mantis,Revise the RFA library
75617,Revise the RFA library,Revise the RFA library,2,N,Mantis,Revise the RFA library
75616,Revise the RFA library,Revise the RFA library,2,N,Mantis,Revise the RFA library
75605,Output Checklists,Output Checklists,7,N,Mantis,Output Checklists
75551,Sample Model + Output Data,Sample Model + Output Data,3,N,Mantis,Sample Model + Output Data
75550,Sample Model + Output Data,Sample Model + Output Data,3,N,Mantis,Sample Model + Output Data
75494,Sample Model + Output Data,Sample Model + Output Data,3,N,Mantis,Sample Model + Output Data
75493,Sample Model + Output Data,Sample Model + Output Data,3,N,Mantis,Sample Model + Output Data
75492,Sample Model + Output Data,Sample Model + Output Data,3,N,Mantis,Sample Model + Output Data
75403,Revise the RFA library,Revise the RFA library,2,N,Mantis,Revise the RFA library
75402,Revise the RFA library,Revise the RFA library,2,N,Mantis,Revise the RFA library
75401,Revise the RFA library,Revise the RFA library,2,N,Mantis,Revise the RFA library
75400,Revise the RFA library,Revise the RFA library,2,N,Mantis,Revise the RFA library
75399,Revise the RFA library,Revise the RFA library,2,N,Mantis,Revise the RFA library
75398,Revise the RFA library,Revise the RFA library,2,N,Mantis,Revise the RFA library
75397,Revise the RFA library,Revise the RFA library,2,N,Mantis,Revise the RFA library
75396,Revise the RFA library,Revise the RFA library,2,N,Mantis,Revise the RFA library
75395,Revise the RFA library,Revise the RFA library,2,N,Mantis,Revise the RFA library
75394,Revise the RFA library,Revise the RFA library,2,N,Mantis,Revise the RFA library
75393,Revise the RFA library,Revise the RFA library,2,N,Mantis,Revise the RFA library
75392,Revise the RFA library,Revise the RFA library,2,N,Mantis,Revise the RFA library
75391,Revise the RFA library,Revise the RFA library,2,N,Mantis,Revise the RFA library
75390,Revise the RFA library,Revise the RFA library,2,N,Mantis,Revise the RFA library
75389,Revise the RFA library,Revise the RFA library,2,N,Mantis,Revise the RFA library
75388,Revise the RFA library,Revise the RFA library,2,N,Mantis,Revise the RFA library
75387,Revise the RFA library,Revise the RFA library,2,N,Mantis,Revise the RFA library
75386,Revise the RFA library,Revise the RFA library,2,N,Mantis,Revise the RFA library
75385,Revise the RFA library,Revise the RFA library,2,N,Mantis,Revise the RFA library
75384,Revise the RFA library,Revise the RFA library,2,N,Mantis,Revise the RFA library
75383,Revise the RFA library,Revise the RFA library,2,N,Mantis,Revise the RFA library
75382,Revise the RFA library,Revise the RFA library,2,N,Mantis,Revise the RFA library
75381,Revise the RFA library,Revise the RFA library,2,N,Mantis,Revise the RFA library
75380,Revise the RFA library,Revise the RFA library,2,N,Mantis,Revise the RFA library
75379,Revise the RFA library,Revise the RFA library,2,N,Mantis,Revise the RFA library
75366,Revise the RFA library,Revise the RFA library,2,N,Mantis,Revise the RFA library
75365,Revise the RFA library,Revise the RFA library,2,N,Mantis,Revise the RFA library
75364,Revise the RFA library,Revise the RFA library,2,N,Mantis,Revise the RFA library
75358,Revise the RFA library,Revise the RFA library,2,N,Mantis,Revise the RFA library
75357,Revise the RFA library,Revise the RFA library,2,N,Mantis,Revise the RFA library
75356,Revise the RFA library,Revise the RFA library,2,N,Mantis,Revise the RFA library
75355,Revise the RFA library,Revise the RFA library,2,N,Mantis,Revise the RFA library
75354,Revise the RFA library,Revise the RFA library,2,N,Mantis,Revise the RFA library
75353,Revise the RFA library,Revise the RFA library,2,N,Mantis,Revise the RFA library
75352,Revise the RFA library,Revise the RFA library,2,N,Mantis,Revise the RFA library
75351,Revise the RFA library,Revise the RFA library,2,N,Mantis,Revise the RFA library
75350,Revise the RFA library,Revise the RFA library,2,N,Mantis,Revise the RFA library
75349,Revise the RFA library,Revise the RFA library,2,N,Mantis,Revise the RFA library
75348,Revise the RFA library,Revise the RFA library,2,N,Mantis,Revise the RFA library
75347,Revise the RFA library,Revise the RFA library,2,N,Mantis,Revise the RFA library
75346,Revise the RFA library,Revise the RFA library,2,N,Mantis,Revise the RFA library
75345,Revise the RFA library,Revise the RFA library,2,N,Mantis,Revise the RFA library
75344,Revise the RFA library,Revise the RFA library,2,N,Mantis,Revise the RFA library
75343,Revise the RFA library,Revise the RFA library,2,N,Mantis,Revise the RFA library
75342,Revise the RFA library,Revise the RFA library,2,N,Mantis,Revise the RFA library
75341,Revise the RFA library,Revise the RFA library,2,N,Mantis,Revise the RFA library
75340,Revise the RFA library,Revise the RFA library,2,N,Mantis,Revise the RFA library
75339,Revise the RFA library,Revise the RFA library,2,N,Mantis,Revise the RFA library
75337,Revise the RFA library,Revise the RFA library,2,N,Mantis,Revise the RFA library
75336,Revise the RFA library,Revise the RFA library,2,N,Mantis,Revise the RFA library
75335,Revise the RFA library,Revise the RFA library,2,N,Mantis,Revise the RFA library
75334,Revise the RFA library,Revise the RFA library,2,N,Mantis,Revise the RFA library
75333,Revise the RFA library,Revise the RFA library,2,N,Mantis,Revise the RFA library
75332,Revise the RFA library,Revise the RFA library,2,N,Mantis,Revise the RFA library
75331,Revise the RFA library,Revise the RFA library,2,N,Mantis,Revise the RFA library
75330,Revise the RFA library,Revise the RFA library,2,N,Mantis,Revise the RFA library
75329,Revise the RFA library,Revise the RFA library,2,N,Mantis,Revise the RFA library
75328,Revise the RFA library,Revise the RFA library,2,N,Mantis,Revise the RFA library
75327,Revise the RFA library,Revise the RFA library,2,N,Mantis,Revise the RFA library
75326,Revise the RFA library,Revise the RFA library,2,N,Mantis,Revise the RFA library
75325,Revise the RFA library,Revise the RFA library,2,N,Mantis,Revise the RFA library
75324,Revise the RFA library,Revise the RFA library,2,N,Mantis,Revise the RFA library
75323,Revise the RFA library,Revise the RFA library,2,N,Mantis,Revise the RFA library
75322,Revise the RFA library,Revise the RFA library,2,N,Mantis,Revise the RFA library
75321,Revise the RFA library,Revise the RFA library,2,N,Mantis,Revise the RFA library
75320,Revise the RFA library,Revise the RFA library,2,N,Mantis,Revise the RFA library
75319,Revise the RFA library,Revise the RFA library,2,N,Mantis,Revise the RFA library
75318,Revise the RFA library,Revise the RFA library,2,N,Mantis,Revise the RFA library
75317,Revise the RFA library,Revise the RFA library,2,N,Mantis,Revise the RFA library
75316,Revise the RFA library,Revise the RFA library,2,N,Mantis,Revise the RFA library
75315,Revise the RFA library,Revise the RFA library,2,N,Mantis,Revise the RFA library
75314,Revise the RFA library,Revise the RFA library,2,N,Mantis,Revise the RFA library
75313,Revise the RFA library,Revise the RFA library,2,N,Mantis,Revise the RFA library
75312,Revise the RFA library,Revise the RFA library,2,N,Mantis,Revise the RFA library
75311,Revise the RFA library,Revise the RFA library,2,N,Mantis,Revise the RFA library
75310,Revise the RFA library,Revise the RFA library,2,N,Mantis,Revise the RFA library
75309,Revise the RFA library,Revise the RFA library,2,N,Mantis,Revise the RFA library
75308,Revise the RFA library,Revise the RFA library,2,N,Mantis,Revise the RFA library
75307,Revise the RFA library,Revise the RFA library,2,N,Mantis,Revise the RFA library
75306,Revise the RFA library,Revise the RFA library,2,N,Mantis,Revise the RFA library
75305,Revise the RFA library,Revise the RFA library,2,N,Mantis,Revise the RFA library
75304,Revise the RFA library,Revise the RFA library,2,N,Mantis,Revise the RFA library
75303,Revise the RFA library,Revise the RFA library,2,N,Mantis,Revise the RFA library
75302,Revise the RFA library,Revise the RFA library,2,N,Mantis,Revise the RFA library
75301,Revise the RFA library,Revise the RFA library,2,N,Mantis,Revise the RFA library
75300,Revise the RFA library,Revise the RFA library,2,N,Mantis,Revise the RFA library
75299,Revise the RFA library,Revise the RFA library,2,N,Mantis,Revise the RFA library
75298,Revise the RFA library,Revise the RFA library,2,N,Mantis,Revise the RFA library
75297,Revise the RFA library,Revise the RFA library,2,N,Mantis,Revise the RFA library
75296,Revise the RFA library,Revise the RFA library,2,N,Mantis,Revise the RFA library
75295,Revise the RFA library,Revise the RFA library,2,N,Mantis,Revise the RFA library
75294,Revise the RFA library,Revise the RFA library,2,N,Mantis,Revise the RFA library
75293,Revise the RFA library,Revise the RFA library,2,N,Mantis,Revise the RFA library
75289,Revise the RFA library,Revise the RFA library,2,N,Mantis,Revise the RFA library
75288,Revise the RFA library,Revise the RFA library,2,N,Mantis,Revise the RFA library
75287,Revise the RFA library,Revise the RFA library,2,N,Mantis,Revise the RFA library
75286,Revise the RFA library,Revise the RFA library,2,N,Mantis,Revise the RFA library
75285,Revise the RFA library,Revise the RFA library,2,N,Mantis,Revise the RFA library
75284,Revise the RFA library,Revise the RFA library,2,N,Mantis,Revise the RFA library
75283,Revise the RFA library,Revise the RFA library,2,N,Mantis,Revise the RFA library
75282,Revise the RFA library,Revise the RFA library,2,N,Mantis,Revise the RFA library
75281,Revise the RFA library,Revise the RFA library,2,N,Mantis,Revise the RFA library
75280,Revise the RFA library,Revise the RFA library,2,N,Mantis,Revise the RFA library
75279,Revise the RFA library,Revise the RFA library,2,N,Mantis,Revise the RFA library
75278,Revise the RFA library,Revise the RFA library,2,N,Mantis,Revise the RFA library
75277,Revise the RFA library,Revise the RFA library,2,N,Mantis,Revise the RFA library
75276,Revise the RFA library,Revise the RFA library,2,N,Mantis,Revise the RFA library
75275,Revise the RFA library,Revise the RFA library,2,N,Mantis,Revise the RFA library
75274,Revise the RFA library,Revise the RFA library,2,N,Mantis,Revise the RFA library
75272,Revise the RFA library,Revise the RFA library,2,N,Mantis,Revise the RFA library
75271,Revise the RFA library,Revise the RFA library,2,N,Mantis,Revise the RFA library
75270,Revise the RFA library,Revise the RFA library,2,N,Mantis,Revise the RFA library
75269,Revise the RFA library,Revise the RFA library,2,N,Mantis,Revise the RFA library
75268,Revise the RFA library,Revise the RFA library,2,N,Mantis,Revise the RFA library
75267,Revise the RFA library,Revise the RFA library,2,N,Mantis,Revise the RFA library
75266,Revise the RFA library,Revise the RFA library,2,N,Mantis,Revise the RFA library
75265,Revise the RFA library,Revise the RFA library,2,N,Mantis,Revise the RFA library
75264,Revise the RFA library,Revise the RFA library,2,N,Mantis,Revise the RFA library
75263,Revise the RFA library,Revise the RFA library,2,N,Mantis,Revise the RFA library
75262,Revise the RFA library,Revise the RFA library,2,N,Mantis,Revise the RFA library
75261,Revise the RFA library,Revise the RFA library,2,N,Mantis,Revise the RFA library
75260,Revise the RFA library,Revise the RFA library,2,N,Mantis,Revise the RFA library
75259,Revise the RFA library,Revise the RFA library,2,N,Mantis,Revise the RFA library
75258,Revise the RFA library,Revise the RFA library,2,N,Mantis,Revise the RFA library
75257,Revise the RFA library,Revise the RFA library,2,N,Mantis,Revise the RFA library
75256,Revise the RFA library,Revise the RFA library,2,N,Mantis,Revise the RFA library
75255,Revise the RFA library,Revise the RFA library,2,N,Mantis,Revise the RFA library
75254,Revise the RFA library,Revise the RFA library,2,N,Mantis,Revise the RFA library
75253,Revise the RFA library,Revise the RFA library,2,N,Mantis,Revise the RFA library
75252,Revise the RFA library,Revise the RFA library,2,N,Mantis,Revise the RFA library
75251,Revise the RFA library,Revise the RFA library,2,N,Mantis,Revise the RFA library
75250,Revise the RFA library,Revise the RFA library,2,N,Mantis,Revise the RFA library
75249,Revise the RFA library,Revise the RFA library,2,N,Mantis,Revise the RFA library
75248,Revise the RFA library,Revise the RFA library,2,N,Mantis,Revise the RFA library
75247,Revise the RFA library,Revise the RFA library,2,N,Mantis,Revise the RFA library
75246,Revise the RFA library,Revise the RFA library,2,N,Mantis,Revise the RFA library
75244,Revise the RFA library,Revise the RFA library,2,N,Mantis,Revise the RFA library
75243,Revise the RFA library,Revise the RFA library,2,N,Mantis,Revise the RFA library
75242,Revise the RFA library,Revise the RFA library,2,N,Mantis,Revise the RFA library
75241,Revise the RFA library,Revise the RFA library,2,N,Mantis,Revise the RFA library
75240,Revise the RFA library,Revise the RFA library,2,N,Mantis,Revise the RFA library
75239,Revise the RFA library,Revise the RFA library,2,N,Mantis,Revise the RFA library
75238,Revise the RFA library,Revise the RFA library,2,N,Mantis,Revise the RFA library
75237,Revise the RFA library,Revise the RFA library,2,N,Mantis,Revise the RFA library
75236,Revise the RFA library,Revise the RFA library,2,N,Mantis,Revise the RFA library
75235,Revise the RFA library,Revise the RFA library,2,N,Mantis,Revise the RFA library
75234,Revise the RFA library,Revise the RFA library,2,N,Mantis,Revise the RFA library
75233,Revise the RFA library,Revise the RFA library,2,N,Mantis,Revise the RFA library
75232,Revise the RFA library,Revise the RFA library,2,N,Mantis,Revise the RFA library
75231,Revise the RFA library,Revise the RFA library,2,N,Mantis,Revise the RFA library
75230,Revise the RFA library,Revise the RFA library,2,N,Mantis,Revise the RFA library
75229,Revise the RFA library,Revise the RFA library,2,N,Mantis,Revise the RFA library
75228,Revise the RFA library,Revise the RFA library,2,N,Mantis,Revise the RFA library
75227,Revise the RFA library,Revise the RFA library,2,N,Mantis,Revise the RFA library
75226,Revise the RFA library,Revise the RFA library,2,N,Mantis,Revise the RFA library
75225,Revise the RFA library,Revise the RFA library,2,N,Mantis,Revise the RFA library
75224,Revise the RFA library,Revise the RFA library,2,N,Mantis,Revise the RFA library
75223,Revise the RFA library,Revise the RFA library,2,N,Mantis,Revise the RFA library
75222,Revise the RFA library,Revise the RFA library,2,N,Mantis,Revise the RFA library
75221,Revise the RFA library,Revise the RFA library,2,N,Mantis,Revise the RFA library
75220,Revise the RFA library,Revise the RFA library,2,N,Mantis,Revise the RFA library
75219,Revise the RFA library,Revise the RFA library,2,N,Mantis,Revise the RFA library
75218,Revise the RFA library,Revise the RFA library,2,N,Mantis,Revise the RFA library
75217,Revise the RFA library,Revise the RFA library,2,N,Mantis,Revise the RFA library
75216,Revise the RFA library,Revise the RFA library,2,N,Mantis,Revise the RFA library
75215,Revise the RFA library,Revise the RFA library,2,N,Mantis,Revise the RFA library
75214,Revise the RFA library,Revise the RFA library,2,N,Mantis,Revise the RFA library
75213,Revise the RFA library,Revise the RFA library,2,N,Mantis,Revise the RFA library
75212,Revise the RFA library,Revise the RFA library,2,N,Mantis,Revise the RFA library
75211,Revise the RFA library,Revise the RFA library,2,N,Mantis,Revise the RFA library
75210,Revise the RFA library,Revise the RFA library,2,N,Mantis,Revise the RFA library
75209,Revise the RFA library,Revise the RFA library,2,N,Mantis,Revise the RFA library
75208,Revise the RFA library,Revise the RFA library,2,N,Mantis,Revise the RFA library
75207,Revise the RFA library,Revise the RFA library,2,N,Mantis,Revise the RFA library
75206,Revise the RFA library,Revise the RFA library,2,N,Mantis,Revise the RFA library
75205,Revise the RFA library,Revise the RFA library,2,N,Mantis,Revise the RFA library
75204,Revise the RFA library,Revise the RFA library,2,N,Mantis,Revise the RFA library
75203,Revise the RFA library,Revise the RFA library,2,N,Mantis,Revise the RFA library
75202,Revise the RFA library,Revise the RFA library,2,N,Mantis,Revise the RFA library
75201,Revise the RFA library,Revise the RFA library,2,N,Mantis,Revise the RFA library
75200,Revise the RFA library,Revise the RFA library,2,N,Mantis,Revise the RFA library
75199,Revise the RFA library,Revise the RFA library,2,N,Mantis,Revise the RFA library
75198,Revise the RFA library,Revise the RFA library,2,N,Mantis,Revise the RFA library
75197,Revise the RFA library,Revise the RFA library,2,N,Mantis,Revise the RFA library
75196,Revise the RFA library,Revise the RFA library,2,N,Mantis,Revise the RFA library
75195,Revise the RFA library,Revise the RFA library,2,N,Mantis,Revise the RFA library
75194,Revise the RFA library,Revise the RFA library,2,N,Mantis,Revise the RFA library
75193,Revise the RFA library,Revise the RFA library,2,N,Mantis,Revise the RFA library
75192,Revise the RFA library,Revise the RFA library,2,N,Mantis,Revise the RFA library
75191,Revise the RFA library,Revise the RFA library,2,N,Mantis,Revise the RFA library
75190,Revise the RFA library,Revise the RFA library,2,N,Mantis,Revise the RFA library
75189,Revise the RFA library,Revise the RFA library,2,N,Mantis,Revise the RFA library
75188,Revise the RFA library,Revise the RFA library,2,N,Mantis,Revise the RFA library
75187,Revise the RFA library,Revise the RFA library,2,N,Mantis,Revise the RFA library
75186,Revise the RFA library,Revise the RFA library,2,N,Mantis,Revise the RFA library
75185,Revise the RFA library,Revise the RFA library,2,N,Mantis,Revise the RFA library
75184,Revise the RFA library,Revise the RFA library,2,N,Mantis,Revise the RFA library
75183,Revise the RFA library,Revise the RFA library,2,N,Mantis,Revise the RFA library
75182,Revise the RFA library,Revise the RFA library,2,N,Mantis,Revise the RFA library
75181,Revise the RFA library,Revise the RFA library,2,N,Mantis,Revise the RFA library
75180,Revise the RFA library,Revise the RFA library,2,N,Mantis,Revise the RFA library
75179,Revise the RFA library,Revise the RFA library,2,N,Mantis,Revise the RFA library
75178,Revise the RFA library,Revise the RFA library,2,N,Mantis,Revise the RFA library
75177,Revise the RFA library,Revise the RFA library,2,N,Mantis,Revise the RFA library
75176,Revise the RFA library,Revise the RFA library,2,N,Mantis,Revise the RFA library
75175,Revise the RFA library,Revise the RFA library,2,N,Mantis,Revise the RFA library
75174,Revise the RFA library,Revise the RFA library,2,N,Mantis,Revise the RFA library
75168,Revise the RFA library,Revise the RFA library,2,N,Mantis,Revise the RFA library
75167,Revise the RFA library,Revise the RFA library,2,N,Mantis,Revise the RFA library
75166,Revise the RFA library,Revise the RFA library,2,N,Mantis,Revise the RFA library
75165,Revise the RFA library,Revise the RFA library,2,N,Mantis,Revise the RFA library
75164,Revise the RFA library,Revise the RFA library,2,N,Mantis,Revise the RFA library
75163,Revise the RFA library,Revise the RFA library,2,N,Mantis,Revise the RFA library
75162,Revise the RFA library,Revise the RFA library,2,N,Mantis,Revise the RFA library
75161,Revise the RFA library,Revise the RFA library,2,N,Mantis,Revise the RFA library
75160,Revise the RFA library,Revise the RFA library,2,N,Mantis,Revise the RFA library
75159,Revise the RFA library,Revise the RFA library,2,N,Mantis,Revise the RFA library
75155,Revise the RFA library,Revise the RFA library,2,N,Mantis,Revise the RFA library
75154,Revise the RFA library,Revise the RFA library,2,N,Mantis,Revise the RFA library
75151,Revise the RFA library,Revise the RFA library,2,N,Mantis,Revise the RFA library
75150,Revise the RFA library,Revise the RFA library,2,N,Mantis,Revise the RFA library
75149,Revise the RFA library,Revise the RFA library,2,N,Mantis,Revise the RFA library
75148,Revise the RFA library,Revise the RFA library,2,N,Mantis,Revise the RFA library
75147,Revise the RFA library,Revise the RFA library,2,N,Mantis,Revise the RFA library
75146,Revise the RFA library,Revise the RFA library,2,N,Mantis,Revise the RFA library
75145,Revise the RFA library,Revise the RFA library,2,N,Mantis,Revise the RFA library
75144,Revise the RFA library,Revise the RFA library,2,N,Mantis,Revise the RFA library
75143,Revise the RFA library,Revise the RFA library,2,N,Mantis,Revise the RFA library
75142,Revise the RFA library,Revise the RFA library,2,N,Mantis,Revise the RFA library
75141,Revise the RFA library,Revise the RFA library,2,N,Mantis,Revise the RFA library
75140,Revise the RFA library,Revise the RFA library,2,N,Mantis,Revise the RFA library
75130,Revise the RFA library,Revise the RFA library,2,N,Mantis,Revise the RFA library
75129,Revise the RFA library,Revise the RFA library,2,N,Mantis,Revise the RFA library
75128,Revise the RFA library,Revise the RFA library,2,N,Mantis,Revise the RFA library
75127,Revise the RFA library,Revise the RFA library,2,N,Mantis,Revise the RFA library
75126,Revise the RFA library,Revise the RFA library,2,N,Mantis,Revise the RFA library
75082,Sample Model + Output Data,Sample Model + Output Data,3,N,Mantis,Sample Model + Output Data
75081,Sample Model + Output Data,Sample Model + Output Data,3,N,Mantis,Sample Model + Output Data
75059,Revise the RFA library,Revise the RFA library,2,N,Mantis,Revise the RFA library
75015,Framework deliverables,Framework deliverables,10,N,Mantis,Framework deliverables
74979,Revise the RFA library,Revise the RFA library,2,N,Mantis,Revise the RFA library
74978,Revise the RFA library,Revise the RFA library,2,N,Mantis,Revise the RFA library
74977,Revise the RFA library,Revise the RFA library,2,N,Mantis,Revise the RFA library
74976,Revise the RFA library,Revise the RFA library,2,N,Mantis,Revise the RFA library
74975,Revise the RFA library,Revise the RFA library,2,N,Mantis,Revise the RFA library
74974,Revise the RFA library,Revise the RFA library,2,N,Mantis,Revise the RFA library
74973,Revise the RFA library,Revise the RFA library,2,N,Mantis,Revise the RFA library
74972,Revise the RFA library,Revise the RFA library,2,N,Mantis,Revise the RFA library
74971,Revise the RFA library,Revise the RFA library,2,N,Mantis,Revise the RFA library
74970,Revise the RFA library,Revise the RFA library,2,N,Mantis,Revise the RFA library
74969,Revise the RFA library,Revise the RFA library,2,N,Mantis,Revise the RFA library
74968,Revise the RFA library,Revise the RFA library,2,N,Mantis,Revise the RFA library
74967,Revise the RFA library,Revise the RFA library,2,N,Mantis,Revise the RFA library
74966,Revise the RFA library,Revise the RFA library,2,N,Mantis,Revise the RFA library
74965,Revise the RFA library,Revise the RFA library,2,N,Mantis,Revise the RFA library
74964,Revise the RFA library,Revise the RFA library,2,N,Mantis,Revise the RFA library
74963,Revise the RFA library,Revise the RFA library,2,N,Mantis,Revise the RFA library
74962,Revise the RFA library,Revise the RFA library,2,N,Mantis,Revise the RFA library
74961,Revise the RFA library,Revise the RFA library,2,N,Mantis,Revise the RFA library
74960,Revise the RFA library,Revise the RFA library,2,N,Mantis,Revise the RFA library
74959,Revise the RFA library,Revise the RFA library,2,N,Mantis,Revise the RFA library
74958,Revise the RFA library,Revise the RFA library,2,N,Mantis,Revise the RFA library
74957,Revise the RFA library,Revise the RFA library,2,N,Mantis,Revise the RFA library
74956,Revise the RFA library,Revise the RFA library,2,N,Mantis,Revise the RFA library
74955,Revise the RFA library,Revise the RFA library,2,N,Mantis,Revise the RFA library
74954,Revise the RFA library,Revise the RFA library,2,N,Mantis,Revise the RFA library
74953,Revise the RFA library,Revise the RFA library,2,N,Mantis,Revise the RFA library
74952,Revise the RFA library,Revise the RFA library,2,N,Mantis,Revise the RFA library
74951,Revise the RFA library,Revise the RFA library,2,N,Mantis,Revise the RFA library
74950,Revise the RFA library,Revise the RFA library,2,N,Mantis,Revise the RFA library
74949,Revise the RFA library,Revise the RFA library,2,N,Mantis,Revise the RFA library
74948,Revise the RFA library,Revise the RFA library,2,N,Mantis,Revise the RFA library
74947,Revise the RFA library,Revise the RFA library,2,N,Mantis,Revise the RFA library
74946,Revise the RFA library,Revise the RFA library,2,N,Mantis,Revise the RFA library
74945,Revise the RFA library,Revise the RFA library,2,N,Mantis,Revise the RFA library
74944,Revise the RFA library,Revise the RFA library,2,N,Mantis,Revise the RFA library
74943,Revise the RFA library,Revise the RFA library,2,N,Mantis,Revise the RFA library
74942,Revise the RFA library,Revise the RFA library,2,N,Mantis,Revise the RFA library
74941,Revise the RFA library,Revise the RFA library,2,N,Mantis,Revise the RFA library
74940,Revise the RFA library,Revise the RFA library,2,N,Mantis,Revise the RFA library
74939,Revise the RFA library,Revise the RFA library,2,N,Mantis,Revise the RFA library
74938,Revise the RFA library,Revise the RFA library,2,N,Mantis,Revise the RFA library
74937,Revise the RFA library,Revise the RFA library,2,N,Mantis,Revise the RFA library
74936,Revise the RFA library,Revise the RFA library,2,N,Mantis,Revise the RFA library
74935,Revise the RFA library,Revise the RFA library,2,N,Mantis,Revise the RFA library
74934,Revise the RFA library,Revise the RFA library,2,N,Mantis,Revise the RFA library
74933,Revise the RFA library,Revise the RFA library,2,N,Mantis,Revise the RFA library
74929,Revise the RFA library,Revise the RFA library,2,N,Mantis,Revise the RFA library
74926,Revise the RFA library,Revise the RFA library,2,N,Mantis,Revise the RFA library
74922,Revise the RFA library,Revise the RFA library,2,N,Mantis,Revise the RFA library
74921,Revise the RFA library,Revise the RFA library,2,N,Mantis,Revise the RFA library
74920,Revise the RFA library,Revise the RFA library,2,N,Mantis,Revise the RFA library
74919,Revise the RFA library,Revise the RFA library,2,N,Mantis,Revise the RFA library
74918,Revise the RFA library,Revise the RFA library,2,N,Mantis,Revise the RFA library
74917,Revise the RFA library,Revise the RFA library,2,N,Mantis,Revise the RFA library
74916,Revise the RFA library,Revise the RFA library,2,N,Mantis,Revise the RFA library
74915,Revise the RFA library,Revise the RFA library,2,N,Mantis,Revise the RFA library
74914,Revise the RFA library,Revise the RFA library,2,N,Mantis,Revise the RFA library
74913,Revise the RFA library,Revise the RFA library,2,N,Mantis,Revise the RFA library
74912,Revise the RFA library,Revise the RFA library,2,N,Mantis,Revise the RFA library
74911,Revise the RFA library,Revise the RFA library,2,N,Mantis,Revise the RFA library
74910,Revise the RFA library,Revise the RFA library,2,N,Mantis,Revise the RFA library
74909,Revise the RFA library,Revise the RFA library,2,N,Mantis,Revise the RFA library
74907,Revise the RFA library,Revise the RFA library,2,N,Mantis,Revise the RFA library
74906,Revise the RFA library,Revise the RFA library,2,N,Mantis,Revise the RFA library
74905,Revise the RFA library,Revise the RFA library,2,N,Mantis,Revise the RFA library
74904,Revise the RFA library,Revise the RFA library,2,N,Mantis,Revise the RFA library
74903,Revise the RFA library,Revise the RFA library,2,N,Mantis,Revise the RFA library
74901,Revise the RFA library,Revise the RFA library,2,N,Mantis,Revise the RFA library
74900,Revise the RFA library,Revise the RFA library,2,N,Mantis,Revise the RFA library
74899,Revise the RFA library,Revise the RFA library,2,N,Mantis,Revise the RFA library
74898,Revise the RFA library,Revise the RFA library,2,N,Mantis,Revise the RFA library
74897,Revise the RFA library,Revise the RFA library,2,N,Mantis,Revise the RFA library
74896,Revise the RFA library,Revise the RFA library,2,N,Mantis,Revise the RFA library
74895,Revise the RFA library,Revise the RFA library,2,N,Mantis,Revise the RFA library
74894,Revise the RFA library,Revise the RFA library,2,N,Mantis,Revise the RFA library
74893,Revise the RFA library,Revise the RFA library,2,N,Mantis,Revise the RFA library
74892,Revise the RFA library,Revise the RFA library,2,N,Mantis,Revise the RFA library
74891,Revise the RFA library,Revise the RFA library,2,N,Mantis,Revise the RFA library
74890,Revise the RFA library,Revise the RFA library,2,N,Mantis,Revise the RFA library
74889,Revise the RFA library,Revise the RFA library,2,N,Mantis,Revise the RFA library
74888,Revise the RFA library,Revise the RFA library,2,N,Mantis,Revise the RFA library
74887,Revise the RFA library,Revise the RFA library,2,N,Mantis,Revise the RFA library
74886,Revise the RFA library,Revise the RFA library,2,N,Mantis,Revise the RFA library
74885,Revise the RFA library,Revise the RFA library,2,N,Mantis,Revise the RFA library
74884,Revise the RFA library,Revise the RFA library,2,N,Mantis,Revise the RFA library
74883,Revise the RFA library,Revise the RFA library,2,N,Mantis,Revise the RFA library
74882,Revise the RFA library,Revise the RFA library,2,N,Mantis,Revise the RFA library
74881,Revise the RFA library,Revise the RFA library,2,N,Mantis,Revise the RFA library
74880,Revise the RFA library,Revise the RFA library,2,N,Mantis,Revise the RFA library
74879,Revise the RFA library,Revise the RFA library,2,N,Mantis,Revise the RFA library
74878,Revise the RFA library,Revise the RFA library,2,N,Mantis,Revise the RFA library
74877,Revise the RFA library,Revise the RFA library,2,N,Mantis,Revise the RFA library
74876,Revise the RFA library,Revise the RFA library,2,N,Mantis,Revise the RFA library
74875,Revise the RFA library,Revise the RFA library,2,N,Mantis,Revise the RFA library
74874,Revise the RFA library,Revise the RFA library,2,N,Mantis,Revise the RFA library
74873,Revise the RFA library,Revise the RFA library,2,N,Mantis,Revise the RFA library
74872,Revise the RFA library,Revise the RFA library,2,N,Mantis,Revise the RFA library
74861,Revise the RFA library,Revise the RFA library,2,N,Mantis,Revise the RFA library
74860,Revise the RFA library,Revise the RFA library,2,N,Mantis,Revise the RFA library
74859,Revise the RFA library,Revise the RFA library,2,N,Mantis,Revise the RFA library
74858,Revise the RFA library,Revise the RFA library,2,N,Mantis,Revise the RFA library
74857,Revise the RFA library,Revise the RFA library,2,N,Mantis,Revise the RFA library
74856,Revise the RFA library,Revise the RFA library,2,N,Mantis,Revise the RFA library
74855,Revise the RFA library,Revise the RFA library,2,N,Mantis,Revise the RFA library
74854,Revise the RFA library,Revise the RFA library,2,N,Mantis,Revise the RFA library
74853,Revise the RFA library,Revise the RFA library,2,N,Mantis,Revise the RFA library
74719,Revise the RFA library,Revise the RFA library,2,N,Mantis,Revise the RFA library
74718,Revise the RFA library,Revise the RFA library,2,N,Mantis,Revise the RFA library
74717,Revise the RFA library,Revise the RFA library,2,N,Mantis,Revise the RFA library
74716,Revise the RFA library,Revise the RFA library,2,N,Mantis,Revise the RFA library
74715,Revise the RFA library,Revise the RFA library,2,N,Mantis,Revise the RFA library
74714,Revise the RFA library,Revise the RFA library,2,N,Mantis,Revise the RFA library
74713,Revise the RFA library,Revise the RFA library,2,N,Mantis,Revise the RFA library
74712,Revise the RFA library,Revise the RFA library,2,N,Mantis,Revise the RFA library
74711,Revise the RFA library,Revise the RFA library,2,N,Mantis,Revise the RFA library
74710,Revise the RFA library,Revise the RFA library,2,N,Mantis,Revise the RFA library
74709,Revise the RFA library,Revise the RFA library,2,N,Mantis,Revise the RFA library
74708,Revise the RFA library,Revise the RFA library,2,N,Mantis,Revise the RFA library
74707,Revise the RFA library,Revise the RFA library,2,N,Mantis,Revise the RFA library
74706,Revise the RFA library,Revise the RFA library,2,N,Mantis,Revise the RFA library
74705,Revise the RFA library,Revise the RFA library,2,N,Mantis,Revise the RFA library
74704,Revise the RFA library,Revise the RFA library,2,N,Mantis,Revise the RFA library
74703,Revise the RFA library,Revise the RFA library,2,N,Mantis,Revise the RFA library
74702,Revise the RFA library,Revise the RFA library,2,N,Mantis,Revise the RFA library
74701,Revise the RFA library,Revise the RFA library,2,N,Mantis,Revise the RFA library
74700,Revise the RFA library,Revise the RFA library,2,N,Mantis,Revise the RFA library
74699,Revise the RFA library,Revise the RFA library,2,N,Mantis,Revise the RFA library
74698,Revise the RFA library,Revise the RFA library,2,N,Mantis,Revise the RFA library
74697,Revise the RFA library,Revise the RFA library,2,N,Mantis,Revise the RFA library
74696,Revise the RFA library,Revise the RFA library,2,N,Mantis,Revise the RFA library
74695,Revise the RFA library,Revise the RFA library,2,N,Mantis,Revise the RFA library
74694,Revise the RFA library,Revise the RFA library,2,N,Mantis,Revise the RFA library
74693,Revise the RFA library,Revise the RFA library,2,N,Mantis,Revise the RFA library
74692,Revise the RFA library,Revise the RFA library,2,N,Mantis,Revise the RFA library
74691,Revise the RFA library,Revise the RFA library,2,N,Mantis,Revise the RFA library
74690,Revise the RFA library,Revise the RFA library,2,N,Mantis,Revise the RFA library
74689,Revise the RFA library,Revise the RFA library,2,N,Mantis,Revise the RFA library
74688,Revise the RFA library,Revise the RFA library,2,N,Mantis,Revise the RFA library
74687,Revise the RFA library,Revise the RFA library,2,N,Mantis,Revise the RFA library
74686,Revise the RFA library,Revise the RFA library,2,N,Mantis,Revise the RFA library
74685,Revise the RFA library,Revise the RFA library,2,N,Mantis,Revise the RFA library
74684,Revise the RFA library,Revise the RFA library,2,N,Mantis,Revise the RFA library
74683,Revise the RFA library,Revise the RFA library,2,N,Mantis,Revise the RFA library
74682,Revise the RFA library,Revise the RFA library,2,N,Mantis,Revise the RFA library
74681,Revise the RFA library,Revise the RFA library,2,N,Mantis,Revise the RFA library
74680,Revise the RFA library,Revise the RFA library,2,N,Mantis,Revise the RFA library
74679,Revise the RFA library,Revise the RFA library,2,N,Mantis,Revise the RFA library
74678,Revise the RFA library,Revise the RFA library,2,N,Mantis,Revise the RFA library
74664,Revise the RFA library,Revise the RFA library,2,N,Mantis,Revise the RFA library
74663,Revise the RFA library,Revise the RFA library,2,N,Mantis,Revise the RFA library
74662,Revise the RFA library,Revise the RFA library,2,N,Mantis,Revise the RFA library
74661,Revise the RFA library,Revise the RFA library,2,N,Mantis,Revise the RFA library
74660,Revise the RFA library,Revise the RFA library,2,N,Mantis,Revise the RFA library
74659,Revise the RFA library,Revise the RFA library,2,N,Mantis,Revise the RFA library
74657,Revise the RFA library,Revise the RFA library,2,N,Mantis,Revise the RFA library
74656,Revise the RFA library,Revise the RFA library,2,N,Mantis,Revise the RFA library
74655,Revise the RFA library,Revise the RFA library,2,N,Mantis,Revise the RFA library
74654,Revise the RFA library,Revise the RFA library,2,N,Mantis,Revise the RFA library
74653,Revise the RFA library,Revise the RFA library,2,N,Mantis,Revise the RFA library
74652,Revise the RFA library,Revise the RFA library,2,N,Mantis,Revise the RFA library
74651,Revise the RFA library,Revise the RFA library,2,N,Mantis,Revise the RFA library
74650,Revise the RFA library,Revise the RFA library,2,N,Mantis,Revise the RFA library
74649,Revise the RFA library,Revise the RFA library,2,N,Mantis,Revise the RFA library
74648,Revise the RFA library,Revise the RFA library,2,N,Mantis,Revise the RFA library
74647,Revise the RFA library,Revise the RFA library,2,N,Mantis,Revise the RFA library
74646,Revise the RFA library,Revise the RFA library,2,N,Mantis,Revise the RFA library
74645,Revise the RFA library,Revise the RFA library,2,N,Mantis,Revise the RFA library
74644,Revise the RFA library,Revise the RFA library,2,N,Mantis,Revise the RFA library
74643,Revise the RFA library,Revise the RFA library,2,N,Mantis,Revise the RFA library
74642,Revise the RFA library,Revise the RFA library,2,N,Mantis,Revise the RFA library
74641,Revise the RFA library,Revise the RFA library,2,N,Mantis,Revise the RFA library
74640,Revise the RFA library,Revise the RFA library,2,N,Mantis,Revise the RFA library
74639,Revise the RFA library,Revise the RFA library,2,N,Mantis,Revise the RFA library
74638,Revise the RFA library,Revise the RFA library,2,N,Mantis,Revise the RFA library
74637,Revise the RFA library,Revise the RFA library,2,N,Mantis,Revise the RFA library
74636,Revise the RFA library,Revise the RFA library,2,N,Mantis,Revise the RFA library
74635,Revise the RFA library,Revise the RFA library,2,N,Mantis,Revise the RFA library
74634,Revise the RFA library,Revise the RFA library,2,N,Mantis,Revise the RFA library
74633,Revise the RFA library,Revise the RFA library,2,N,Mantis,Revise the RFA library
74632,Revise the RFA library,Revise the RFA library,2,N,Mantis,Revise the RFA library
74631,Revise the RFA library,Revise the RFA library,2,N,Mantis,Revise the RFA library
74630,Revise the RFA library,Revise the RFA library,2,N,Mantis,Revise the RFA library
74629,Revise the RFA library,Revise the RFA library,2,N,Mantis,Revise the RFA library
74628,Revise the RFA library,Revise the RFA library,2,N,Mantis,Revise the RFA library
74627,Revise the RFA library,Revise the RFA library,2,N,Mantis,Revise the RFA library
74626,Revise the RFA library,Revise the RFA library,2,N,Mantis,Revise the RFA library
74625,Revise the RFA library,Revise the RFA library,2,N,Mantis,Revise the RFA library
74624,Revise the RFA library,Revise the RFA library,2,N,Mantis,Revise the RFA library
74623,Revise the RFA library,Revise the RFA library,2,N,Mantis,Revise the RFA library
74622,Revise the RFA library,Revise the RFA library,2,N,Mantis,Revise the RFA library
74621,Revise the RFA library,Revise the RFA library,2,N,Mantis,Revise the RFA library
74603,Sample Model + Output Data,Sample Model + Output Data,3,N,Mantis,Sample Model + Output Data
74592,Revise the RFA library,Revise the RFA library,2,N,Mantis,Revise the RFA library
74591,Revise the RFA library,Revise the RFA library,2,N,Mantis,Revise the RFA library
74587,Sample Model + Output Data,Sample Model + Output Data,3,N,Mantis,Sample Model + Output Data
74586,Revise the RFA library,Revise the RFA library,2,N,Mantis,Revise the RFA library
74585,Revise the RFA library,Revise the RFA library,2,N,Mantis,Revise the RFA library
74577,Revise the RFA library,Revise the RFA library,2,N,Mantis,Revise the RFA library
74552,Revise the RFA library,Revise the RFA library,2,N,Mantis,Revise the RFA library
74541,Revise the RFA library,Revise the RFA library,2,N,Mantis,Revise the RFA library
74540,Revise the RFA library,Revise the RFA library,2,N,Mantis,Revise the RFA library
74539,Revise the RFA library,Revise the RFA library,2,N,Mantis,Revise the RFA library
74538,Revise the RFA library,Revise the RFA library,2,N,Mantis,Revise the RFA library
74537,Revise the RFA library,Revise the RFA library,2,N,Mantis,Revise the RFA library
74521,Revise the RFA library,Revise the RFA library,2,N,Mantis,Revise the RFA library
74520,Revise the RFA library,Revise the RFA library,2,N,Mantis,Revise the RFA library
74519,Revise the RFA library,Revise the RFA library,2,N,Mantis,Revise the RFA library
74518,Revise the RFA library,Revise the RFA library,2,N,Mantis,Revise the RFA library
74517,Revise the RFA library,Revise the RFA library,2,N,Mantis,Revise the RFA library
74516,Revise the RFA library,Revise the RFA library,2,N,Mantis,Revise the RFA library
74515,Revise the RFA library,Revise the RFA library,2,N,Mantis,Revise the RFA library
74514,Revise the RFA library,Revise the RFA library,2,N,Mantis,Revise the RFA library
74513,Revise the RFA library,Revise the RFA library,2,N,Mantis,Revise the RFA library
74512,Revise the RFA library,Revise the RFA library,2,N,Mantis,Revise the RFA library
74511,Revise the RFA library,Revise the RFA library,2,N,Mantis,Revise the RFA library
74510,Revise the RFA library,Revise the RFA library,2,N,Mantis,Revise the RFA library
74509,Revise the RFA library,Revise the RFA library,2,N,Mantis,Revise the RFA library
74508,Revise the RFA library,Revise the RFA library,2,N,Mantis,Revise the RFA library
74507,Revise the RFA library,Revise the RFA library,2,N,Mantis,Revise the RFA library
74506,Revise the RFA library,Revise the RFA library,2,N,Mantis,Revise the RFA library
74505,Revise the RFA library,Revise the RFA library,2,N,Mantis,Revise the RFA library
74504,Revise the RFA library,Revise the RFA library,2,N,Mantis,Revise the RFA library
74503,Revise the RFA library,Revise the RFA library,2,N,Mantis,Revise the RFA library
74502,Revise the RFA library,Revise the RFA library,2,N,Mantis,Revise the RFA library
74501,Revise the RFA library,Revise the RFA library,2,N,Mantis,Revise the RFA library
74500,Revise the RFA library,Revise the RFA library,2,N,Mantis,Revise the RFA library
74499,Revise the RFA library,Revise the RFA library,2,N,Mantis,Revise the RFA library
74498,Revise the RFA library,Revise the RFA library,2,N,Mantis,Revise the RFA library
74497,Revise the RFA library,Revise the RFA library,2,N,Mantis,Revise the RFA library
74496,Revise the RFA library,Revise the RFA library,2,N,Mantis,Revise the RFA library
74491,Revise the RFA library,Revise the RFA library,2,N,Mantis,Revise the RFA library
74490,Revise the RFA library,Revise the RFA library,2,N,Mantis,Revise the RFA library
74488,Revise the RFA library,Revise the RFA library,2,N,Mantis,Revise the RFA library
74487,Revise the RFA library,Revise the RFA library,2,N,Mantis,Revise the RFA library
74486,Revise the RFA library,Revise the RFA library,2,N,Mantis,Revise the RFA library
74485,Revise the RFA library,Revise the RFA library,2,N,Mantis,Revise the RFA library
74484,Revise the RFA library,Revise the RFA library,2,N,Mantis,Revise the RFA library
74483,Revise the RFA library,Revise the RFA library,2,N,Mantis,Revise the RFA library
74482,Revise the RFA library,Revise the RFA library,2,N,Mantis,Revise the RFA library
74481,Revise the RFA library,Revise the RFA library,2,N,Mantis,Revise the RFA library
74480,Revise the RFA library,Revise the RFA library,2,N,Mantis,Revise the RFA library
74479,Revise the RFA library,Revise the RFA library,2,N,Mantis,Revise the RFA library
74478,Revise the RFA library,Revise the RFA library,2,N,Mantis,Revise the RFA library
74477,Revise the RFA library,Revise the RFA library,2,N,Mantis,Revise the RFA library
74476,Revise the RFA library,Revise the RFA library,2,N,Mantis,Revise the RFA library
74475,Revise the RFA library,Revise the RFA library,2,N,Mantis,Revise the RFA library
74472,Revise the RFA library,Revise the RFA library,2,N,Mantis,Revise the RFA library
74471,Revise the RFA library,Revise the RFA library,2,N,Mantis,Revise the RFA library
74470,Revise the RFA library,Revise the RFA library,2,N,Mantis,Revise the RFA library
74469,Revise the RFA library,Revise the RFA library,2,N,Mantis,Revise the RFA library
74468,Revise the RFA library,Revise the RFA library,2,N,Mantis,Revise the RFA library
74467,Revise the RFA library,Revise the RFA library,2,N,Mantis,Revise the RFA library
74457,Revise the RFA library,Revise the RFA library,2,N,Mantis,Revise the RFA library
74456,Revise the RFA library,Revise the RFA library,2,N,Mantis,Revise the RFA library
74455,Revise the RFA library,Revise the RFA library,2,N,Mantis,Revise the RFA library
74454,Revise the RFA library,Revise the RFA library,2,N,Mantis,Revise the RFA library
74453,Revise the RFA library,Revise the RFA library,2,N,Mantis,Revise the RFA library
74452,Revise the RFA library,Revise the RFA library,2,N,Mantis,Revise the RFA library
74451,Revise the RFA library,Revise the RFA library,2,N,Mantis,Revise the RFA library
74450,Revise the RFA library,Revise the RFA library,2,N,Mantis,Revise the RFA library
74449,Revise the RFA library,Revise the RFA library,2,N,Mantis,Revise the RFA library
74448,Revise the RFA library,Revise the RFA library,2,N,Mantis,Revise the RFA library
74447,Revise the RFA library,Revise the RFA library,2,N,Mantis,Revise the RFA library
74446,Revise the RFA library,Revise the RFA library,2,N,Mantis,Revise the RFA library
74445,Revise the RFA library,Revise the RFA library,2,N,Mantis,Revise the RFA library
74444,Revise the RFA library,Revise the RFA library,2,N,Mantis,Revise the RFA library
74443,Revise the RFA library,Revise the RFA library,2,N,Mantis,Revise the RFA library
74442,Revise the RFA library,Revise the RFA library,2,N,Mantis,Revise the RFA library
74441,Revise the RFA library,Revise the RFA library,2,N,Mantis,Revise the RFA library
74440,Revise the RFA library,Revise the RFA library,2,N,Mantis,Revise the RFA library
74439,Revise the RFA library,Revise the RFA library,2,N,Mantis,Revise the RFA library
74438,Revise the RFA library,Revise the RFA library,2,N,Mantis,Revise the RFA library
74437,Revise the RFA library,Revise the RFA library,2,N,Mantis,Revise the RFA library
74436,Revise the RFA library,Revise the RFA library,2,N,Mantis,Revise the RFA library
74435,Revise the RFA library,Revise the RFA library,2,N,Mantis,Revise the RFA library
74434,Revise the RFA library,Revise the RFA library,2,N,Mantis,Revise the RFA library
74433,Revise the RFA library,Revise the RFA library,2,N,Mantis,Revise the RFA library
74432,Revise the RFA library,Revise the RFA library,2,N,Mantis,Revise the RFA library
74431,Revise the RFA library,Revise the RFA library,2,N,Mantis,Revise the RFA library
74430,Revise the RFA library,Revise the RFA library,2,N,Mantis,Revise the RFA library
74429,Revise the RFA library,Revise the RFA library,2,N,Mantis,Revise the RFA library
74428,Revise the RFA library,Revise the RFA library,2,N,Mantis,Revise the RFA library
74427,Revise the RFA library,Revise the RFA library,2,N,Mantis,Revise the RFA library
74426,Revise the RFA library,Revise the RFA library,2,N,Mantis,Revise the RFA library
74425,Revise the RFA library,Revise the RFA library,2,N,Mantis,Revise the RFA library
74424,Revise the RFA library,Revise the RFA library,2,N,Mantis,Revise the RFA library
74423,Revise the RFA library,Revise the RFA library,2,N,Mantis,Revise the RFA library
74422,Revise the RFA library,Revise the RFA library,2,N,Mantis,Revise the RFA library
74421,Revise the RFA library,Revise the RFA library,2,N,Mantis,Revise the RFA library
74420,Revise the RFA library,Revise the RFA library,2,N,Mantis,Revise the RFA library
74419,Revise the RFA library,Revise the RFA library,2,N,Mantis,Revise the RFA library
74418,Revise the RFA library,Revise the RFA library,2,N,Mantis,Revise the RFA library
74417,Revise the RFA library,Revise the RFA library,2,N,Mantis,Revise the RFA library
74416,Revise the RFA library,Revise the RFA library,2,N,Mantis,Revise the RFA library
74415,Revise the RFA library,Revise the RFA library,2,N,Mantis,Revise the RFA library
74414,Revise the RFA library,Revise the RFA library,2,N,Mantis,Revise the RFA library
74413,Revise the RFA library,Revise the RFA library,2,N,Mantis,Revise the RFA library
74412,Revise the RFA library,Revise the RFA library,2,N,Mantis,Revise the RFA library
74411,Revise the RFA library,Revise the RFA library,2,N,Mantis,Revise the RFA library
74410,Revise the RFA library,Revise the RFA library,2,N,Mantis,Revise the RFA library
74409,Revise the RFA library,Revise the RFA library,2,N,Mantis,Revise the RFA library
74408,Revise the RFA library,Revise the RFA library,2,N,Mantis,Revise the RFA library
74407,Revise the RFA library,Revise the RFA library,2,N,Mantis,Revise the RFA library
74406,Revise the RFA library,Revise the RFA library,2,N,Mantis,Revise the RFA library
74405,Revise the RFA library,Revise the RFA library,2,N,Mantis,Revise the RFA library
74404,Revise the RFA library,Revise the RFA library,2,N,Mantis,Revise the RFA library
74403,Revise the RFA library,Revise the RFA library,2,N,Mantis,Revise the RFA library
74402,Revise the RFA library,Revise the RFA library,2,N,Mantis,Revise the RFA library
74401,Revise the RFA library,Revise the RFA library,2,N,Mantis,Revise the RFA library
74400,Revise the RFA library,Revise the RFA library,2,N,Mantis,Revise the RFA library
74399,Revise the RFA library,Revise the RFA library,2,N,Mantis,Revise the RFA library
74398,Revise the RFA library,Revise the RFA library,2,N,Mantis,Revise the RFA library
74397,Revise the RFA library,Revise the RFA library,2,N,Mantis,Revise the RFA library
74396,Revise the RFA library,Revise the RFA library,2,N,Mantis,Revise the RFA library
74395,Revise the RFA library,Revise the RFA library,2,N,Mantis,Revise the RFA library
74394,Revise the RFA library,Revise the RFA library,2,N,Mantis,Revise the RFA library
74393,Revise the RFA library,Revise the RFA library,2,N,Mantis,Revise the RFA library
74392,Revise the RFA library,Revise the RFA library,2,N,Mantis,Revise the RFA library
74391,Revise the RFA library,Revise the RFA library,2,N,Mantis,Revise the RFA library
74390,Revise the RFA library,Revise the RFA library,2,N,Mantis,Revise the RFA library
74389,Revise the RFA library,Revise the RFA library,2,N,Mantis,Revise the RFA library
74388,Revise the RFA library,Revise the RFA library,2,N,Mantis,Revise the RFA library
74387,Revise the RFA library,Revise the RFA library,2,N,Mantis,Revise the RFA library
74386,Revise the RFA library,Revise the RFA library,2,N,Mantis,Revise the RFA library
74385,Revise the RFA library,Revise the RFA library,2,N,Mantis,Revise the RFA library
74384,Revise the RFA library,Revise the RFA library,2,N,Mantis,Revise the RFA library
74383,Revise the RFA library,Revise the RFA library,2,N,Mantis,Revise the RFA library
74382,Revise the RFA library,Revise the RFA library,2,N,Mantis,Revise the RFA library
74381,Revise the RFA library,Revise the RFA library,2,N,Mantis,Revise the RFA library
74380,Revise the RFA library,Revise the RFA library,2,N,Mantis,Revise the RFA library
74379,Revise the RFA library,Revise the RFA library,2,N,Mantis,Revise the RFA library
74378,Revise the RFA library,Revise the RFA library,2,N,Mantis,Revise the RFA library
74377,Revise the RFA library,Revise the RFA library,2,N,Mantis,Revise the RFA library
74376,Revise the RFA library,Revise the RFA library,2,N,Mantis,Revise the RFA library
74375,Revise the RFA library,Revise the RFA library,2,N,Mantis,Revise the RFA library
74374,Revise the RFA library,Revise the RFA library,2,N,Mantis,Revise the RFA library
74373,Revise the RFA library,Revise the RFA library,2,N,Mantis,Revise the RFA library
74371,Revise the RFA library,Revise the RFA library,2,N,Mantis,Revise the RFA library
74339,Revise the RFA library,Revise the RFA library,2,N,Mantis,Revise the RFA library
74338,Revise the RFA library,Revise the RFA library,2,N,Mantis,Revise the RFA library
74337,Revise the RFA library,Revise the RFA library,2,N,Mantis,Revise the RFA library
74336,Revise the RFA library,Revise the RFA library,2,N,Mantis,Revise the RFA library
74335,Revise the RFA library,Revise the RFA library,2,N,Mantis,Revise the RFA library
74334,Revise the RFA library,Revise the RFA library,2,N,Mantis,Revise the RFA library
74333,Revise the RFA library,Revise the RFA library,2,N,Mantis,Revise the RFA library
74332,Revise the RFA library,Revise the RFA library,2,N,Mantis,Revise the RFA library
74331,Revise the RFA library,Revise the RFA library,2,N,Mantis,Revise the RFA library
74330,Revise the RFA library,Revise the RFA library,2,N,Mantis,Revise the RFA library
74329,Revise the RFA library,Revise the RFA library,2,N,Mantis,Revise the RFA library
74328,Revise the RFA library,Revise the RFA library,2,N,Mantis,Revise the RFA library
74327,Revise the RFA library,Revise the RFA library,2,N,Mantis,Revise the RFA library
74326,Revise the RFA library,Revise the RFA library,2,N,Mantis,Revise the RFA library
74325,Revise the RFA library,Revise the RFA library,2,N,Mantis,Revise the RFA library
74324,Revise the RFA library,Revise the RFA library,2,N,Mantis,Revise the RFA library
74323,Revise the RFA library,Revise the RFA library,2,N,Mantis,Revise the RFA library
74322,Revise the RFA library,Revise the RFA library,2,N,Mantis,Revise the RFA library
74321,Revise the RFA library,Revise the RFA library,2,N,Mantis,Revise the RFA library
74320,Revise the RFA library,Revise the RFA library,2,N,Mantis,Revise the RFA library
74319,Revise the RFA library,Revise the RFA library,2,N,Mantis,Revise the RFA library
74318,Revise the RFA library,Revise the RFA library,2,N,Mantis,Revise the RFA library
74317,Revise the RFA library,Revise the RFA library,2,N,Mantis,Revise the RFA library
74316,Revise the RFA library,Revise the RFA library,2,N,Mantis,Revise the RFA library
74315,Revise the RFA library,Revise the RFA library,2,N,Mantis,Revise the RFA library
74314,Revise the RFA library,Revise the RFA library,2,N,Mantis,Revise the RFA library
74270,Revise the RFA library,Revise the RFA library,2,N,Mantis,Revise the RFA library
74269,Revise the RFA library,Revise the RFA library,2,N,Mantis,Revise the RFA library
74268,Revise the RFA library,Revise the RFA library,2,N,Mantis,Revise the RFA library
74267,Revise the RFA library,Revise the RFA library,2,N,Mantis,Revise the RFA library
74266,Revise the RFA library,Revise the RFA library,2,N,Mantis,Revise the RFA library
74265,Revise the RFA library,Revise the RFA library,2,N,Mantis,Revise the RFA library
74264,Revise the RFA library,Revise the RFA library,2,N,Mantis,Revise the RFA library
74263,Revise the RFA library,Revise the RFA library,2,N,Mantis,Revise the RFA library
74260,Revise the RFA library,Revise the RFA library,2,N,Mantis,Revise the RFA library
74259,Revise the RFA library,Revise the RFA library,2,N,Mantis,Revise the RFA library
74258,Revise the RFA library,Revise the RFA library,2,N,Mantis,Revise the RFA library
74257,Revise the RFA library,Revise the RFA library,2,N,Mantis,Revise the RFA library
74256,Revise the RFA library,Revise the RFA library,2,N,Mantis,Revise the RFA library
74255,Revise the RFA library,Revise the RFA library,2,N,Mantis,Revise the RFA library
74254,Revise the RFA library,Revise the RFA library,2,N,Mantis,Revise the RFA library
74253,Revise the RFA library,Revise the RFA library,2,N,Mantis,Revise the RFA library
74252,Revise the RFA library,Revise the RFA library,2,N,Mantis,Revise the RFA library
74251,Revise the RFA library,Revise the RFA library,2,N,Mantis,Revise the RFA library
74249,Revise the RFA library,Revise the RFA library,2,N,Mantis,Revise the RFA library
74248,Revise the RFA library,Revise the RFA library,2,N,Mantis,Revise the RFA library
74247,Revise the RFA library,Revise the RFA library,2,N,Mantis,Revise the RFA library
74246,Revise the RFA library,Revise the RFA library,2,N,Mantis,Revise the RFA library
74243,Revise the RFA library,Revise the RFA library,2,N,Mantis,Revise the RFA library
74240,Revise the RFA library,Revise the RFA library,2,N,Mantis,Revise the RFA library
74239,Revise the RFA library,Revise the RFA library,2,N,Mantis,Revise the RFA library
74230,Revise the RFA library,Revise the RFA library,2,N,Mantis,Revise the RFA library
74229,Revise the RFA library,Revise the RFA library,2,N,Mantis,Revise the RFA library
74228,Revise the RFA library,Revise the RFA library,2,N,Mantis,Revise the RFA library
74227,Revise the RFA library,Revise the RFA library,2,N,Mantis,Revise the RFA library
74226,Revise the RFA library,Revise the RFA library,2,N,Mantis,Revise the RFA library
74224,Revise the RFA library,Revise the RFA library,2,N,Mantis,Revise the RFA library
74223,Revise the RFA library,Revise the RFA library,2,N,Mantis,Revise the RFA library
74222,Revise the RFA library,Revise the RFA library,2,N,Mantis,Revise the RFA library
74221,Revise the RFA library,Revise the RFA library,2,N,Mantis,Revise the RFA library
74220,Revise the RFA library,Revise the RFA library,2,N,Mantis,Revise the RFA library
74219,Revise the RFA library,Revise the RFA library,2,N,Mantis,Revise the RFA library
74218,Revise the RFA library,Revise the RFA library,2,N,Mantis,Revise the RFA library
74217,Revise the RFA library,Revise the RFA library,2,N,Mantis,Revise the RFA library
74216,Revise the RFA library,Revise the RFA library,2,N,Mantis,Revise the RFA library
74215,Revise the RFA library,Revise the RFA library,2,N,Mantis,Revise the RFA library
74214,Revise the RFA library,Revise the RFA library,2,N,Mantis,Revise the RFA library
74213,Revise the RFA library,Revise the RFA library,2,N,Mantis,Revise the RFA library
74212,Revise the RFA library,Revise the RFA library,2,N,Mantis,Revise the RFA library
74211,Revise the RFA library,Revise the RFA library,2,N,Mantis,Revise the RFA library
74210,Revise the RFA library,Revise the RFA library,2,N,Mantis,Revise the RFA library
74209,Revise the RFA library,Revise the RFA library,2,N,Mantis,Revise the RFA library
74208,Revise the RFA library,Revise the RFA library,2,N,Mantis,Revise the RFA library
74190,Revise the RFA library,Revise the RFA library,2,N,Mantis,Revise the RFA library
74189,Revise the RFA library,Revise the RFA library,2,N,Mantis,Revise the RFA library
74188,Revise the RFA library,Revise the RFA library,2,N,Mantis,Revise the RFA library
74187,Revise the RFA library,Revise the RFA library,2,N,Mantis,Revise the RFA library
74185,Revise the RFA library,Revise the RFA library,2,N,Mantis,Revise the RFA library
74184,Revise the RFA library,Revise the RFA library,2,N,Mantis,Revise the RFA library
74183,Revise the RFA library,Revise the RFA library,2,N,Mantis,Revise the RFA library
74182,Revise the RFA library,Revise the RFA library,2,N,Mantis,Revise the RFA library
74181,Revise the RFA library,Revise the RFA library,2,N,Mantis,Revise the RFA library
74180,Revise the RFA library,Revise the RFA library,2,N,Mantis,Revise the RFA library
74179,Revise the RFA library,Revise the RFA library,2,N,Mantis,Revise the RFA library
74177,Framework deliverables,Framework deliverables,10,N,Mantis,Framework deliverables
74176,Framework deliverables,Framework deliverables,10,N,Mantis,Framework deliverables
74175,Revise the RFA library,Revise the RFA library,2,N,Mantis,Revise the RFA library
74174,Revise the RFA library,Revise the RFA library,2,N,Mantis,Revise the RFA library
74173,Revise the RFA library,Revise the RFA library,2,N,Mantis,Revise the RFA library
74172,Revise the RFA library,Revise the RFA library,2,N,Mantis,Revise the RFA library
74171,Revise the RFA library,Revise the RFA library,2,N,Mantis,Revise the RFA library
74170,Revise the RFA library,Revise the RFA library,2,N,Mantis,Revise the RFA library
74169,Revise the RFA library,Revise the RFA library,2,N,Mantis,Revise the RFA library
74168,Revise the RFA library,Revise the RFA library,2,N,Mantis,Revise the RFA library
74167,Revise the RFA library,Revise the RFA library,2,N,Mantis,Revise the RFA library
74166,Revise the RFA library,Revise the RFA library,2,N,Mantis,Revise the RFA library
74165,Revise the RFA library,Revise the RFA library,2,N,Mantis,Revise the RFA library
74164,Revise the RFA library,Revise the RFA library,2,N,Mantis,Revise the RFA library
74163,Revise the RFA library,Revise the RFA library,2,N,Mantis,Revise the RFA library
74162,Revise the RFA library,Revise the RFA library,2,N,Mantis,Revise the RFA library
74161,Revise the RFA library,Revise the RFA library,2,N,Mantis,Revise the RFA library
74160,Revise the RFA library,Revise the RFA library,2,N,Mantis,Revise the RFA library
74159,Revise the RFA library,Revise the RFA library,2,N,Mantis,Revise the RFA library
74158,Revise the RFA library,Revise the RFA library,2,N,Mantis,Revise the RFA library
74157,Revise the RFA library,Revise the RFA library,2,N,Mantis,Revise the RFA library
74156,Revise the RFA library,Revise the RFA library,2,N,Mantis,Revise the RFA library
74155,Revise the RFA library,Revise the RFA library,2,N,Mantis,Revise the RFA library
74154,Revise the RFA library,Revise the RFA library,2,N,Mantis,Revise the RFA library
74153,Revise the RFA library,Revise the RFA library,2,N,Mantis,Revise the RFA library
74152,Revise the RFA library,Revise the RFA library,2,N,Mantis,Revise the RFA library
74151,Revise the RFA library,Revise the RFA library,2,N,Mantis,Revise the RFA library
74150,Revise the RFA library,Revise the RFA library,2,N,Mantis,Revise the RFA library
74149,Revise the RFA library,Revise the RFA library,2,N,Mantis,Revise the RFA library
74148,Revise the RFA library,Revise the RFA library,2,N,Mantis,Revise the RFA library
74147,Revise the RFA library,Revise the RFA library,2,N,Mantis,Revise the RFA library
74146,Revise the RFA library,Revise the RFA library,2,N,Mantis,Revise the RFA library
74145,Revise the RFA library,Revise the RFA library,2,N,Mantis,Revise the RFA library
74144,Revise the RFA library,Revise the RFA library,2,N,Mantis,Revise the RFA library
74143,Revise the RFA library,Revise the RFA library,2,N,Mantis,Revise the RFA library
74142,Revise the RFA library,Revise the RFA library,2,N,Mantis,Revise the RFA library
74141,Revise the RFA library,Revise the RFA library,2,N,Mantis,Revise the RFA library
74140,Revise the RFA library,Revise the RFA library,2,N,Mantis,Revise the RFA library
74139,Revise the RFA library,Revise the RFA library,2,N,Mantis,Revise the RFA library
74138,Revise the RFA library,Revise the RFA library,2,N,Mantis,Revise the RFA library
74137,Revise the RFA library,Revise the RFA library,2,N,Mantis,Revise the RFA library
74136,Revise the RFA library,Revise the RFA library,2,N,Mantis,Revise the RFA library
74129,Revise the RFA library,Revise the RFA library,2,N,Mantis,Revise the RFA library
74128,Revise the RFA library,Revise the RFA library,2,N,Mantis,Revise the RFA library
74127,Revise the RFA library,Revise the RFA library,2,N,Mantis,Revise the RFA library
74126,Revise the RFA library,Revise the RFA library,2,N,Mantis,Revise the RFA library
74125,Revise the RFA library,Revise the RFA library,2,N,Mantis,Revise the RFA library
74124,Revise the RFA library,Revise the RFA library,2,N,Mantis,Revise the RFA library
74123,Revise the RFA library,Revise the RFA library,2,N,Mantis,Revise the RFA library
74121,Revise the RFA library,Revise the RFA library,2,N,Mantis,Revise the RFA library
74120,Revise the RFA library,Revise the RFA library,2,N,Mantis,Revise the RFA library
74119,Revise the RFA library,Revise the RFA library,2,N,Mantis,Revise the RFA library
74107,Revise the RFA library,Revise the RFA library,2,N,Mantis,Revise the RFA library
74106,Revise the RFA library,Revise the RFA library,2,N,Mantis,Revise the RFA library
74105,Revise the RFA library,Revise the RFA library,2,N,Mantis,Revise the RFA library
74104,Revise the RFA library,Revise the RFA library,2,N,Mantis,Revise the RFA library
74103,Revise the RFA library,Revise the RFA library,2,N,Mantis,Revise the RFA library
74102,Revise the RFA library,Revise the RFA library,2,N,Mantis,Revise the RFA library
74101,Revise the RFA library,Revise the RFA library,2,N,Mantis,Revise the RFA library
74100,Revise the RFA library,Revise the RFA library,2,N,Mantis,Revise the RFA library
74099,Revise the RFA library,Revise the RFA library,2,N,Mantis,Revise the RFA library
74098,Revise the RFA library,Revise the RFA library,2,N,Mantis,Revise the RFA library
74097,Revise the RFA library,Revise the RFA library,2,N,Mantis,Revise the RFA library
74096,Revise the RFA library,Revise the RFA library,2,N,Mantis,Revise the RFA library
74077,Framework deliverables,Framework deliverables,10,N,Mantis,Framework deliverables
74067,Framework deliverables,Framework deliverables,10,N,Mantis,Framework deliverables
74064,Framework deliverables,Framework deliverables,10,N,Mantis,Framework deliverables
74035,Revise the RFA library,Revise the RFA library,2,N,Mantis,Revise the RFA library
74034,Revise the RFA library,Revise the RFA library,2,N,Mantis,Revise the RFA library
74033,Revise the RFA library,Revise the RFA library,2,N,Mantis,Revise the RFA library
74032,Revise the RFA library,Revise the RFA library,2,N,Mantis,Revise the RFA library
74031,Revise the RFA library,Revise the RFA library,2,N,Mantis,Revise the RFA library
74030,Revise the RFA library,Revise the RFA library,2,N,Mantis,Revise the RFA library
74029,Revise the RFA library,Revise the RFA library,2,N,Mantis,Revise the RFA library
74028,Revise the RFA library,Revise the RFA library,2,N,Mantis,Revise the RFA library
74027,Revise the RFA library,Revise the RFA library,2,N,Mantis,Revise the RFA library
74026,Revise the RFA library,Revise the RFA library,2,N,Mantis,Revise the RFA library
74025,Revise the RFA library,Revise the RFA library,2,N,Mantis,Revise the RFA library
74024,Revise the RFA library,Revise the RFA library,2,N,Mantis,Revise the RFA library
73996,Revise the RFA library,Revise the RFA library,2,N,Mantis,Revise the RFA library
73995,Revise the RFA library,Revise the RFA library,2,N,Mantis,Revise the RFA library
73994,Revise the RFA library,Revise the RFA library,2,N,Mantis,Revise the RFA library
73993,Revise the RFA library,Revise the RFA library,2,N,Mantis,Revise the RFA library
73992,Revise the RFA library,Revise the RFA library,2,N,Mantis,Revise the RFA library
73991,Revise the RFA library,Revise the RFA library,2,N,Mantis,Revise the RFA library
73990,Revise the RFA library,Revise the RFA library,2,N,Mantis,Revise the RFA library
73989,Revise the RFA library,Revise the RFA library,2,N,Mantis,Revise the RFA library
73988,Revise the RFA library,Revise the RFA library,2,N,Mantis,Revise the RFA library
73987,Revise the RFA library,Revise the RFA library,2,N,Mantis,Revise the RFA library
73986,Revise the RFA library,Revise the RFA library,2,N,Mantis,Revise the RFA library
73985,Framework deliverables,Framework deliverables,10,N,Mantis,Framework deliverables
73969,Framework deliverables,Framework deliverables,10,N,Mantis,Framework deliverables
73899,Revise the RFA library,Revise the RFA library,2,N,Mantis,Revise the RFA library
73898,Revise the RFA library,Revise the RFA library,2,N,Mantis,Revise the RFA library
73890,Revise the RFA library,Revise the RFA library,2,N,Mantis,Revise the RFA library
73889,Revise the RFA library,Revise the RFA library,2,N,Mantis,Revise the RFA library
73888,Revise the RFA library,Revise the RFA library,2,N,Mantis,Revise the RFA library
73887,Revise the RFA library,Revise the RFA library,2,N,Mantis,Revise the RFA library
73886,Revise the RFA library,Revise the RFA library,2,N,Mantis,Revise the RFA library
73885,Revise the RFA library,Revise the RFA library,2,N,Mantis,Revise the RFA library
73884,Revise the RFA library,Revise the RFA library,2,N,Mantis,Revise the RFA library
73883,Revise the RFA library,Revise the RFA library,2,N,Mantis,Revise the RFA library
73882,Revise the RFA library,Revise the RFA library,2,N,Mantis,Revise the RFA library
73880,Revise the RFA library,Revise the RFA library,2,N,Mantis,Revise the RFA library
73879,Revise the RFA library,Revise the RFA library,2,N,Mantis,Revise the RFA library
73878,Revise the RFA library,Revise the RFA library,2,N,Mantis,Revise the RFA library
73877,Revise the RFA library,Revise the RFA library,2,N,Mantis,Revise the RFA library
73876,Revise the RFA library,Revise the RFA library,2,N,Mantis,Revise the RFA library
73875,Revise the RFA library,Revise the RFA library,2,N,Mantis,Revise the RFA library
73874,Revise the RFA library,Revise the RFA library,2,N,Mantis,Revise the RFA library
73873,Revise the RFA library,Revise the RFA library,2,N,Mantis,Revise the RFA library
73872,Revise the RFA library,Revise the RFA library,2,N,Mantis,Revise the RFA library
73871,Revise the RFA library,Revise the RFA library,2,N,Mantis,Revise the RFA library
73870,Revise the RFA library,Revise the RFA library,2,N,Mantis,Revise the RFA library
73869,Revise the RFA library,Revise the RFA library,2,N,Mantis,Revise the RFA library
73868,Revise the RFA library,Revise the RFA library,2,N,Mantis,Revise the RFA library
73867,Revise the RFA library,Revise the RFA library,2,N,Mantis,Revise the RFA library
73866,Revise the RFA library,Revise the RFA library,2,N,Mantis,Revise the RFA library
73865,Revise the RFA library,Revise the RFA library,2,N,Mantis,Revise the RFA library
73864,Revise the RFA library,Revise the RFA library,2,N,Mantis,Revise the RFA library
73863,Revise the RFA library,Revise the RFA library,2,N,Mantis,Revise the RFA library
73862,Revise the RFA library,Revise the RFA library,2,N,Mantis,Revise the RFA library
73861,Revise the RFA library,Revise the RFA library,2,N,Mantis,Revise the RFA library
73860,Revise the RFA library,Revise the RFA library,2,N,Mantis,Revise the RFA library
73859,Revise the RFA library,Revise the RFA library,2,N,Mantis,Revise the RFA library
73858,Revise the RFA library,Revise the RFA library,2,N,Mantis,Revise the RFA library
73857,Revise the RFA library,Revise the RFA library,2,N,Mantis,Revise the RFA library
73856,Revise the RFA library,Revise the RFA library,2,N,Mantis,Revise the RFA library
73855,Revise the RFA library,Revise the RFA library,2,N,Mantis,Revise the RFA library
73854,Revise the RFA library,Revise the RFA library,2,N,Mantis,Revise the RFA library
73853,Revise the RFA library,Revise the RFA library,2,N,Mantis,Revise the RFA library
73852,Revise the RFA library,Revise the RFA library,2,N,Mantis,Revise the RFA library
73851,Revise the RFA library,Revise the RFA library,2,N,Mantis,Revise the RFA library
73850,Revise the RFA library,Revise the RFA library,2,N,Mantis,Revise the RFA library
73849,Revise the RFA library,Revise the RFA library,2,N,Mantis,Revise the RFA library
73848,Revise the RFA library,Revise the RFA library,2,N,Mantis,Revise the RFA library
73847,Revise the RFA library,Revise the RFA library,2,N,Mantis,Revise the RFA library
73846,Revise the RFA library,Revise the RFA library,2,N,Mantis,Revise the RFA library
73845,Revise the RFA library,Revise the RFA library,2,N,Mantis,Revise the RFA library
73844,Revise the RFA library,Revise the RFA library,2,N,Mantis,Revise the RFA library
73843,Revise the RFA library,Revise the RFA library,2,N,Mantis,Revise the RFA library
73842,Revise the RFA library,Revise the RFA library,2,N,Mantis,Revise the RFA library
73841,Revise the RFA library,Revise the RFA library,2,N,Mantis,Revise the RFA library
73840,Revise the RFA library,Revise the RFA library,2,N,Mantis,Revise the RFA library
73839,Revise the RFA library,Revise the RFA library,2,N,Mantis,Revise the RFA library
73838,Revise the RFA library,Revise the RFA library,2,N,Mantis,Revise the RFA library
73837,Revise the RFA library,Revise the RFA library,2,N,Mantis,Revise the RFA library
73836,Revise the RFA library,Revise the RFA library,2,N,Mantis,Revise the RFA library
73835,Revise the RFA library,Revise the RFA library,2,N,Mantis,Revise the RFA library
73834,Revise the RFA library,Revise the RFA library,2,N,Mantis,Revise the RFA library
73833,Revise the RFA library,Revise the RFA library,2,N,Mantis,Revise the RFA library
73832,Revise the RFA library,Revise the RFA library,2,N,Mantis,Revise the RFA library
73831,Revise the RFA library,Revise the RFA library,2,N,Mantis,Revise the RFA library
73830,Revise the RFA library,Revise the RFA library,2,N,Mantis,Revise the RFA library
73829,Revise the RFA library,Revise the RFA library,2,N,Mantis,Revise the RFA library
73828,Revise the RFA library,Revise the RFA library,2,N,Mantis,Revise the RFA library
73827,Revise the RFA library,Revise the RFA library,2,N,Mantis,Revise the RFA library
73826,Revise the RFA library,Revise the RFA library,2,N,Mantis,Revise the RFA library
73825,Revise the RFA library,Revise the RFA library,2,N,Mantis,Revise the RFA library
73824,Revise the RFA library,Revise the RFA library,2,N,Mantis,Revise the RFA library
73823,Revise the RFA library,Revise the RFA library,2,N,Mantis,Revise the RFA library
73822,Revise the RFA library,Revise the RFA library,2,N,Mantis,Revise the RFA library
73821,Revise the RFA library,Revise the RFA library,2,N,Mantis,Revise the RFA library
73820,Revise the RFA library,Revise the RFA library,2,N,Mantis,Revise the RFA library
73819,Revise the RFA library,Revise the RFA library,2,N,Mantis,Revise the RFA library
73818,Revise the RFA library,Revise the RFA library,2,N,Mantis,Revise the RFA library
73817,Revise the RFA library,Revise the RFA library,2,N,Mantis,Revise the RFA library
73816,Revise the RFA library,Revise the RFA library,2,N,Mantis,Revise the RFA library
73815,Revise the RFA library,Revise the RFA library,2,N,Mantis,Revise the RFA library
73814,Revise the RFA library,Revise the RFA library,2,N,Mantis,Revise the RFA library
73813,Revise the RFA library,Revise the RFA library,2,N,Mantis,Revise the RFA library
73812,Revise the RFA library,Revise the RFA library,2,N,Mantis,Revise the RFA library
73811,Revise the RFA library,Revise the RFA library,2,N,Mantis,Revise the RFA library
73810,Revise the RFA library,Revise the RFA library,2,N,Mantis,Revise the RFA library
73809,Revise the RFA library,Revise the RFA library,2,N,Mantis,Revise the RFA library
73808,Revise the RFA library,Revise the RFA library,2,N,Mantis,Revise the RFA library
73807,Revise the RFA library,Revise the RFA library,2,N,Mantis,Revise the RFA library
73806,Revise the RFA library,Revise the RFA library,2,N,Mantis,Revise the RFA library
73805,Revise the RFA library,Revise the RFA library,2,N,Mantis,Revise the RFA library
73803,Revise the RFA library,Revise the RFA library,2,N,Mantis,Revise the RFA library
73802,Revise the RFA library,Revise the RFA library,2,N,Mantis,Revise the RFA library
73801,Revise the RFA library,Revise the RFA library,2,N,Mantis,Revise the RFA library
73800,Revise the RFA library,Revise the RFA library,2,N,Mantis,Revise the RFA library
73799,Revise the RFA library,Revise the RFA library,2,N,Mantis,Revise the RFA library
73798,Revise the RFA library,Revise the RFA library,2,N,Mantis,Revise the RFA library
73748,Revise the RFA library,Revise the RFA library,2,N,Mantis,Revise the RFA library
73747,Revise the RFA library,Revise the RFA library,2,N,Mantis,Revise the RFA library
73746,Revise the RFA library,Revise the RFA library,2,N,Mantis,Revise the RFA library
73745,Revise the RFA library,Revise the RFA library,2,N,Mantis,Revise the RFA library
73744,Revise the RFA library,Revise the RFA library,2,N,Mantis,Revise the RFA library
73743,Revise the RFA library,Revise the RFA library,2,N,Mantis,Revise the RFA library
73742,Revise the RFA library,Revise the RFA library,2,N,Mantis,Revise the RFA library
73741,Revise the RFA library,Revise the RFA library,2,N,Mantis,Revise the RFA library
73740,Revise the RFA library,Revise the RFA library,2,N,Mantis,Revise the RFA library
73739,Revise the RFA library,Revise the RFA library,2,N,Mantis,Revise the RFA library
73738,Revise the RFA library,Revise the RFA library,2,N,Mantis,Revise the RFA library
73737,Revise the RFA library,Revise the RFA library,2,N,Mantis,Revise the RFA library
73736,Revise the RFA library,Revise the RFA library,2,N,Mantis,Revise the RFA library
73735,Revise the RFA library,Revise the RFA library,2,N,Mantis,Revise the RFA library
73734,Revise the RFA library,Revise the RFA library,2,N,Mantis,Revise the RFA library
73733,Revise the RFA library,Revise the RFA library,2,N,Mantis,Revise the RFA library
73732,Revise the RFA library,Revise the RFA library,2,N,Mantis,Revise the RFA library
73731,Revise the RFA library,Revise the RFA library,2,N,Mantis,Revise the RFA library
73730,Revise the RFA library,Revise the RFA library,2,N,Mantis,Revise the RFA library
73729,Revise the RFA library,Revise the RFA library,2,N,Mantis,Revise the RFA library
73728,Revise the RFA library,Revise the RFA library,2,N,Mantis,Revise the RFA library
73727,Revise the RFA library,Revise the RFA library,2,N,Mantis,Revise the RFA library
73726,Revise the RFA library,Revise the RFA library,2,N,Mantis,Revise the RFA library
73725,Revise the RFA library,Revise the RFA library,2,N,Mantis,Revise the RFA library
73724,Revise the RFA library,Revise the RFA library,2,N,Mantis,Revise the RFA library
73723,Revise the RFA library,Revise the RFA library,2,N,Mantis,Revise the RFA library
73722,Revise the RFA library,Revise the RFA library,2,N,Mantis,Revise the RFA library
73721,Revise the RFA library,Revise the RFA library,2,N,Mantis,Revise the RFA library
73720,Revise the RFA library,Revise the RFA library,2,N,Mantis,Revise the RFA library
73719,Revise the RFA library,Revise the RFA library,2,N,Mantis,Revise the RFA library
73718,Revise the RFA library,Revise the RFA library,2,N,Mantis,Revise the RFA library
73717,Revise the RFA library,Revise the RFA library,2,N,Mantis,Revise the RFA library
73716,Revise the RFA library,Revise the RFA library,2,N,Mantis,Revise the RFA library
73715,Revise the RFA library,Revise the RFA library,2,N,Mantis,Revise the RFA library
73714,Revise the RFA library,Revise the RFA library,2,N,Mantis,Revise the RFA library
73713,Revise the RFA library,Revise the RFA library,2,N,Mantis,Revise the RFA library
73712,Revise the RFA library,Revise the RFA library,2,N,Mantis,Revise the RFA library
73711,Revise the RFA library,Revise the RFA library,2,N,Mantis,Revise the RFA library
73710,Revise the RFA library,Revise the RFA library,2,N,Mantis,Revise the RFA library
73709,Revise the RFA library,Revise the RFA library,2,N,Mantis,Revise the RFA library
73708,Revise the RFA library,Revise the RFA library,2,N,Mantis,Revise the RFA library
73707,Revise the RFA library,Revise the RFA library,2,N,Mantis,Revise the RFA library
73706,Revise the RFA library,Revise the RFA library,2,N,Mantis,Revise the RFA library
73705,Revise the RFA library,Revise the RFA library,2,N,Mantis,Revise the RFA library
73704,Revise the RFA library,Revise the RFA library,2,N,Mantis,Revise the RFA library
73703,Revise the RFA library,Revise the RFA library,2,N,Mantis,Revise the RFA library
73702,Revise the RFA library,Revise the RFA library,2,N,Mantis,Revise the RFA library
73701,Revise the RFA library,Revise the RFA library,2,N,Mantis,Revise the RFA library
73700,Revise the RFA library,Revise the RFA library,2,N,Mantis,Revise the RFA library
73699,Revise the RFA library,Revise the RFA library,2,N,Mantis,Revise the RFA library
73698,Revise the RFA library,Revise the RFA library,2,N,Mantis,Revise the RFA library
73697,Revise the RFA library,Revise the RFA library,2,N,Mantis,Revise the RFA library
73696,Revise the RFA library,Revise the RFA library,2,N,Mantis,Revise the RFA library
73695,Revise the RFA library,Revise the RFA library,2,N,Mantis,Revise the RFA library
73694,Revise the RFA library,Revise the RFA library,2,N,Mantis,Revise the RFA library
73693,Revise the RFA library,Revise the RFA library,2,N,Mantis,Revise the RFA library
73692,Revise the RFA library,Revise the RFA library,2,N,Mantis,Revise the RFA library
73691,Revise the RFA library,Revise the RFA library,2,N,Mantis,Revise the RFA library
73690,Revise the RFA library,Revise the RFA library,2,N,Mantis,Revise the RFA library
73689,Revise the RFA library,Revise the RFA library,2,N,Mantis,Revise the RFA library
73688,Revise the RFA library,Revise the RFA library,2,N,Mantis,Revise the RFA library
73687,Revise the RFA library,Revise the RFA library,2,N,Mantis,Revise the RFA library
73686,Revise the RFA library,Revise the RFA library,2,N,Mantis,Revise the RFA library
73685,Revise the RFA library,Revise the RFA library,2,N,Mantis,Revise the RFA library
73684,Revise the RFA library,Revise the RFA library,2,N,Mantis,Revise the RFA library
73683,Revise the RFA library,Revise the RFA library,2,N,Mantis,Revise the RFA library
73682,Revise the RFA library,Revise the RFA library,2,N,Mantis,Revise the RFA library
73681,Revise the RFA library,Revise the RFA library,2,N,Mantis,Revise the RFA library
73680,Revise the RFA library,Revise the RFA library,2,N,Mantis,Revise the RFA library
73679,Revise the RFA library,Revise the RFA library,2,N,Mantis,Revise the RFA library
73678,Revise the RFA library,Revise the RFA library,2,N,Mantis,Revise the RFA library
73677,Revise the RFA library,Revise the RFA library,2,N,Mantis,Revise the RFA library
73676,Revise the RFA library,Revise the RFA library,2,N,Mantis,Revise the RFA library
73675,Revise the RFA library,Revise the RFA library,2,N,Mantis,Revise the RFA library
73674,Revise the RFA library,Revise the RFA library,2,N,Mantis,Revise the RFA library
73673,Revise the RFA library,Revise the RFA library,2,N,Mantis,Revise the RFA library
73672,Revise the RFA library,Revise the RFA library,2,N,Mantis,Revise the RFA library
73671,Revise the RFA library,Revise the RFA library,2,N,Mantis,Revise the RFA library
73670,Revise the RFA library,Revise the RFA library,2,N,Mantis,Revise the RFA library
73669,Revise the RFA library,Revise the RFA library,2,N,Mantis,Revise the RFA library
73668,Revise the RFA library,Revise the RFA library,2,N,Mantis,Revise the RFA library
73667,Revise the RFA library,Revise the RFA library,2,N,Mantis,Revise the RFA library
73666,Revise the RFA library,Revise the RFA library,2,N,Mantis,Revise the RFA library
73665,Revise the RFA library,Revise the RFA library,2,N,Mantis,Revise the RFA library
73664,Revise the RFA library,Revise the RFA library,2,N,Mantis,Revise the RFA library
73663,Revise the RFA library,Revise the RFA library,2,N,Mantis,Revise the RFA library
73662,Revise the RFA library,Revise the RFA library,2,N,Mantis,Revise the RFA library
73661,Revise the RFA library,Revise the RFA library,2,N,Mantis,Revise the RFA library
73660,Revise the RFA library,Revise the RFA library,2,N,Mantis,Revise the RFA library
73659,Revise the RFA library,Revise the RFA library,2,N,Mantis,Revise the RFA library
73658,Revise the RFA library,Revise the RFA library,2,N,Mantis,Revise the RFA library
73657,Revise the RFA library,Revise the RFA library,2,N,Mantis,Revise the RFA library
73656,Revise the RFA library,Revise the RFA library,2,N,Mantis,Revise the RFA library
73655,Revise the RFA library,Revise the RFA library,2,N,Mantis,Revise the RFA library
73654,Revise the RFA library,Revise the RFA library,2,N,Mantis,Revise the RFA library
73653,Revise the RFA library,Revise the RFA library,2,N,Mantis,Revise the RFA library
73652,Revise the RFA library,Revise the RFA library,2,N,Mantis,Revise the RFA library
73650,Revise the RFA library,Revise the RFA library,2,N,Mantis,Revise the RFA library
73649,Revise the RFA library,Revise the RFA library,2,N,Mantis,Revise the RFA library
73648,Revise the RFA library,Revise the RFA library,2,N,Mantis,Revise the RFA library
73646,Revise the RFA library,Revise the RFA library,2,N,Mantis,Revise the RFA library
73645,Revise the RFA library,Revise the RFA library,2,N,Mantis,Revise the RFA library
73644,Revise the RFA library,Revise the RFA library,2,N,Mantis,Revise the RFA library
73641,Revise the RFA library,Revise the RFA library,2,N,Mantis,Revise the RFA library
73640,Revise the RFA library,Revise the RFA library,2,N,Mantis,Revise the RFA library
73639,Revise the RFA library,Revise the RFA library,2,N,Mantis,Revise the RFA library
73638,Revise the RFA library,Revise the RFA library,2,N,Mantis,Revise the RFA library
73637,Revise the RFA library,Revise the RFA library,2,N,Mantis,Revise the RFA library
73636,Revise the RFA library,Revise the RFA library,2,N,Mantis,Revise the RFA library
73635,Revise the RFA library,Revise the RFA library,2,N,Mantis,Revise the RFA library
73634,Revise the RFA library,Revise the RFA library,2,N,Mantis,Revise the RFA library
73633,Revise the RFA library,Revise the RFA library,2,N,Mantis,Revise the RFA library
73632,Revise the RFA library,Revise the RFA library,2,N,Mantis,Revise the RFA library
73631,Revise the RFA library,Revise the RFA library,2,N,Mantis,Revise the RFA library
73624,Revise the RFA library,Revise the RFA library,2,N,Mantis,Revise the RFA library
73623,Revise the RFA library,Revise the RFA library,2,N,Mantis,Revise the RFA library
73622,Revise the RFA library,Revise the RFA library,2,N,Mantis,Revise the RFA library
73621,Revise the RFA library,Revise the RFA library,2,N,Mantis,Revise the RFA library
73620,Revise the RFA library,Revise the RFA library,2,N,Mantis,Revise the RFA library
73618,Revise the RFA library,Revise the RFA library,2,N,Mantis,Revise the RFA library
73616,Revise the RFA library,Revise the RFA library,2,N,Mantis,Revise the RFA library
73615,Revise the RFA library,Revise the RFA library,2,N,Mantis,Revise the RFA library
73614,Revise the RFA library,Revise the RFA library,2,N,Mantis,Revise the RFA library
73613,Revise the RFA library,Revise the RFA library,2,N,Mantis,Revise the RFA library
73612,Revise the RFA library,Revise the RFA library,2,N,Mantis,Revise the RFA library
73611,Revise the RFA library,Revise the RFA library,2,N,Mantis,Revise the RFA library
73610,Revise the RFA library,Revise the RFA library,2,N,Mantis,Revise the RFA library
73609,Revise the RFA library,Revise the RFA library,2,N,Mantis,Revise the RFA library
73608,Revise the RFA library,Revise the RFA library,2,N,Mantis,Revise the RFA library
73607,Revise the RFA library,Revise the RFA library,2,N,Mantis,Revise the RFA library
73606,Revise the RFA library,Revise the RFA library,2,N,Mantis,Revise the RFA library
73605,Revise the RFA library,Revise the RFA library,2,N,Mantis,Revise the RFA library
73604,Revise the RFA library,Revise the RFA library,2,N,Mantis,Revise the RFA library
73603,Revise the RFA library,Revise the RFA library,2,N,Mantis,Revise the RFA library
73600,Revise the RFA library,Revise the RFA library,2,N,Mantis,Revise the RFA library
73599,Revise the RFA library,Revise the RFA library,2,N,Mantis,Revise the RFA library
73598,Revise the RFA library,Revise the RFA library,2,N,Mantis,Revise the RFA library
73597,Revise the RFA library,Revise the RFA library,2,N,Mantis,Revise the RFA library
73596,Revise the RFA library,Revise the RFA library,2,N,Mantis,Revise the RFA library
73595,Revise the RFA library,Revise the RFA library,2,N,Mantis,Revise the RFA library
73594,Revise the RFA library,Revise the RFA library,2,N,Mantis,Revise the RFA library
73593,Revise the RFA library,Revise the RFA library,2,N,Mantis,Revise the RFA library
73592,Revise the RFA library,Revise the RFA library,2,N,Mantis,Revise the RFA library
73591,Revise the RFA library,Revise the RFA library,2,N,Mantis,Revise the RFA library
73590,Revise the RFA library,Revise the RFA library,2,N,Mantis,Revise the RFA library
73589,Revise the RFA library,Revise the RFA library,2,N,Mantis,Revise the RFA library
73588,Revise the RFA library,Revise the RFA library,2,N,Mantis,Revise the RFA library
73587,Revise the RFA library,Revise the RFA library,2,N,Mantis,Revise the RFA library
73586,Revise the RFA library,Revise the RFA library,2,N,Mantis,Revise the RFA library
73585,Revise the RFA library,Revise the RFA library,2,N,Mantis,Revise the RFA library
73584,Revise the RFA library,Revise the RFA library,2,N,Mantis,Revise the RFA library
73583,Revise the RFA library,Revise the RFA library,2,N,Mantis,Revise the RFA library
73582,Revise the RFA library,Revise the RFA library,2,N,Mantis,Revise the RFA library
73581,Revise the RFA library,Revise the RFA library,2,N,Mantis,Revise the RFA library
73580,Revise the RFA library,Revise the RFA library,2,N,Mantis,Revise the RFA library
73579,Revise the RFA library,Revise the RFA library,2,N,Mantis,Revise the RFA library
73578,Revise the RFA library,Revise the RFA library,2,N,Mantis,Revise the RFA library
73577,Revise the RFA library,Revise the RFA library,2,N,Mantis,Revise the RFA library
73576,Revise the RFA library,Revise the RFA library,2,N,Mantis,Revise the RFA library
73575,Revise the RFA library,Revise the RFA library,2,N,Mantis,Revise the RFA library
73574,Revise the RFA library,Revise the RFA library,2,N,Mantis,Revise the RFA library
73573,Revise the RFA library,Revise the RFA library,2,N,Mantis,Revise the RFA library
73572,Revise the RFA library,Revise the RFA library,2,N,Mantis,Revise the RFA library
73571,Revise the RFA library,Revise the RFA library,2,N,Mantis,Revise the RFA library
73570,Revise the RFA library,Revise the RFA library,2,N,Mantis,Revise the RFA library
73569,Revise the RFA library,Revise the RFA library,2,N,Mantis,Revise the RFA library
73568,Revise the RFA library,Revise the RFA library,2,N,Mantis,Revise the RFA library
73567,Revise the RFA library,Revise the RFA library,2,N,Mantis,Revise the RFA library
73566,Revise the RFA library,Revise the RFA library,2,N,Mantis,Revise the RFA library
73565,Revise the RFA library,Revise the RFA library,2,N,Mantis,Revise the RFA library
73564,Revise the RFA library,Revise the RFA library,2,N,Mantis,Revise the RFA library
73563,Revise the RFA library,Revise the RFA library,2,N,Mantis,Revise the RFA library
73562,Revise the RFA library,Revise the RFA library,2,N,Mantis,Revise the RFA library
73561,Revise the RFA library,Revise the RFA library,2,N,Mantis,Revise the RFA library
73559,Revise the RFA library,Revise the RFA library,2,N,Mantis,Revise the RFA library
73558,Revise the RFA library,Revise the RFA library,2,N,Mantis,Revise the RFA library
73557,Revise the RFA library,Revise the RFA library,2,N,Mantis,Revise the RFA library
73556,Revise the RFA library,Revise the RFA library,2,N,Mantis,Revise the RFA library
73555,Revise the RFA library,Revise the RFA library,2,N,Mantis,Revise the RFA library
73554,Revise the RFA library,Revise the RFA library,2,N,Mantis,Revise the RFA library
73553,Revise the RFA library,Revise the RFA library,2,N,Mantis,Revise the RFA library
73552,Revise the RFA library,Revise the RFA library,2,N,Mantis,Revise the RFA library
73551,Revise the RFA library,Revise the RFA library,2,N,Mantis,Revise the RFA library
73550,Revise the RFA library,Revise the RFA library,2,N,Mantis,Revise the RFA library
73549,Revise the RFA library,Revise the RFA library,2,N,Mantis,Revise the RFA library
73548,Revise the RFA library,Revise the RFA library,2,N,Mantis,Revise the RFA library
73547,Revise the RFA library,Revise the RFA library,2,N,Mantis,Revise the RFA library
73546,Revise the RFA library,Revise the RFA library,2,N,Mantis,Revise the RFA library
73545,Revise the RFA library,Revise the RFA library,2,N,Mantis,Revise the RFA library
73544,Revise the RFA library,Revise the RFA library,2,N,Mantis,Revise the RFA library
73543,Revise the RFA library,Revise the RFA library,2,N,Mantis,Revise the RFA library
73542,Revise the RFA library,Revise the RFA library,2,N,Mantis,Revise the RFA library
73541,Revise the RFA library,Revise the RFA library,2,N,Mantis,Revise the RFA library
73540,Revise the RFA library,Revise the RFA library,2,N,Mantis,Revise the RFA library
73539,Revise the RFA library,Revise the RFA library,2,N,Mantis,Revise the RFA library
73538,Revise the RFA library,Revise the RFA library,2,N,Mantis,Revise the RFA library
73537,Revise the RFA library,Revise the RFA library,2,N,Mantis,Revise the RFA library
73536,Revise the RFA library,Revise the RFA library,2,N,Mantis,Revise the RFA library
73535,Revise the RFA library,Revise the RFA library,2,N,Mantis,Revise the RFA library
73534,Revise the RFA library,Revise the RFA library,2,N,Mantis,Revise the RFA library
73533,Revise the RFA library,Revise the RFA library,2,N,Mantis,Revise the RFA library
73532,Revise the RFA library,Revise the RFA library,2,N,Mantis,Revise the RFA library
73531,Revise the RFA library,Revise the RFA library,2,N,Mantis,Revise the RFA library
73530,Revise the RFA library,Revise the RFA library,2,N,Mantis,Revise the RFA library
73529,Revise the RFA library,Revise the RFA library,2,N,Mantis,Revise the RFA library
73528,Revise the RFA library,Revise the RFA library,2,N,Mantis,Revise the RFA library
73527,Revise the RFA library,Revise the RFA library,2,N,Mantis,Revise the RFA library
73526,Revise the RFA library,Revise the RFA library,2,N,Mantis,Revise the RFA library
73525,Revise the RFA library,Revise the RFA library,2,N,Mantis,Revise the RFA library
73524,Revise the RFA library,Revise the RFA library,2,N,Mantis,Revise the RFA library
73523,Revise the RFA library,Revise the RFA library,2,N,Mantis,Revise the RFA library
73522,Revise the RFA library,Revise the RFA library,2,N,Mantis,Revise the RFA library
73521,Revise the RFA library,Revise the RFA library,2,N,Mantis,Revise the RFA library
73520,Revise the RFA library,Revise the RFA library,2,N,Mantis,Revise the RFA library
73519,Revise the RFA library,Revise the RFA library,2,N,Mantis,Revise the RFA library
73518,Revise the RFA library,Revise the RFA library,2,N,Mantis,Revise the RFA library
73517,Revise the RFA library,Revise the RFA library,2,N,Mantis,Revise the RFA library
73516,Revise the RFA library,Revise the RFA library,2,N,Mantis,Revise the RFA library
73515,Revise the RFA library,Revise the RFA library,2,N,Mantis,Revise the RFA library
73514,Revise the RFA library,Revise the RFA library,2,N,Mantis,Revise the RFA library
73513,Revise the RFA library,Revise the RFA library,2,N,Mantis,Revise the RFA library
73512,Revise the RFA library,Revise the RFA library,2,N,Mantis,Revise the RFA library
73511,Revise the RFA library,Revise the RFA library,2,N,Mantis,Revise the RFA library
73510,Revise the RFA library,Revise the RFA library,2,N,Mantis,Revise the RFA library
73509,Revise the RFA library,Revise the RFA library,2,N,Mantis,Revise the RFA library
73508,Revise the RFA library,Revise the RFA library,2,N,Mantis,Revise the RFA library
73507,Revise the RFA library,Revise the RFA library,2,N,Mantis,Revise the RFA library
73506,Revise the RFA library,Revise the RFA library,2,N,Mantis,Revise the RFA library
73505,Revise the RFA library,Revise the RFA library,2,N,Mantis,Revise the RFA library
73504,Revise the RFA library,Revise the RFA library,2,N,Mantis,Revise the RFA library
73503,Revise the RFA library,Revise the RFA library,2,N,Mantis,Revise the RFA library
73502,Revise the RFA library,Revise the RFA library,2,N,Mantis,Revise the RFA library
73501,Revise the RFA library,Revise the RFA library,2,N,Mantis,Revise the RFA library
73500,Revise the RFA library,Revise the RFA library,2,N,Mantis,Revise the RFA library
73499,Revise the RFA library,Revise the RFA library,2,N,Mantis,Revise the RFA library
73498,Revise the RFA library,Revise the RFA library,2,N,Mantis,Revise the RFA library
73497,Revise the RFA library,Revise the RFA library,2,N,Mantis,Revise the RFA library
73495,Revise the RFA library,Revise the RFA library,2,N,Mantis,Revise the RFA library
73494,Revise the RFA library,Revise the RFA library,2,N,Mantis,Revise the RFA library
73493,Revise the RFA library,Revise the RFA library,2,N,Mantis,Revise the RFA library
73492,Revise the RFA library,Revise the RFA library,2,N,Mantis,Revise the RFA library
73491,Revise the RFA library,Revise the RFA library,2,N,Mantis,Revise the RFA library
73490,Revise the RFA library,Revise the RFA library,2,N,Mantis,Revise the RFA library
73489,Revise the RFA library,Revise the RFA library,2,N,Mantis,Revise the RFA library
73488,Revise the RFA library,Revise the RFA library,2,N,Mantis,Revise the RFA library
73487,Revise the RFA library,Revise the RFA library,2,N,Mantis,Revise the RFA library
73486,Revise the RFA library,Revise the RFA library,2,N,Mantis,Revise the RFA library
73485,Revise the RFA library,Revise the RFA library,2,N,Mantis,Revise the RFA library
73484,Revise the RFA library,Revise the RFA library,2,N,Mantis,Revise the RFA library
73483,Revise the RFA library,Revise the RFA library,2,N,Mantis,Revise the RFA library
73482,Revise the RFA library,Revise the RFA library,2,N,Mantis,Revise the RFA library
73481,Revise the RFA library,Revise the RFA library,2,N,Mantis,Revise the RFA library
73468,Revise the RFA library,Revise the RFA library,2,N,Mantis,Revise the RFA library
73467,Revise the RFA library,Revise the RFA library,2,N,Mantis,Revise the RFA library
73466,Revise the RFA library,Revise the RFA library,2,N,Mantis,Revise the RFA library
73465,Revise the RFA library,Revise the RFA library,2,N,Mantis,Revise the RFA library
73464,Revise the RFA library,Revise the RFA library,2,N,Mantis,Revise the RFA library
73463,Revise the RFA library,Revise the RFA library,2,N,Mantis,Revise the RFA library
73462,Revise the RFA library,Revise the RFA library,2,N,Mantis,Revise the RFA library
73461,Revise the RFA library,Revise the RFA library,2,N,Mantis,Revise the RFA library
73460,Revise the RFA library,Revise the RFA library,2,N,Mantis,Revise the RFA library
73459,Revise the RFA library,Revise the RFA library,2,N,Mantis,Revise the RFA library
73458,Revise the RFA library,Revise the RFA library,2,N,Mantis,Revise the RFA library
73457,Revise the RFA library,Revise the RFA library,2,N,Mantis,Revise the RFA library
73456,Revise the RFA library,Revise the RFA library,2,N,Mantis,Revise the RFA library
73455,Revise the RFA library,Revise the RFA library,2,N,Mantis,Revise the RFA library
73454,Revise the RFA library,Revise the RFA library,2,N,Mantis,Revise the RFA library
73453,Revise the RFA library,Revise the RFA library,2,N,Mantis,Revise the RFA library
73452,Revise the RFA library,Revise the RFA library,2,N,Mantis,Revise the RFA library
73451,Revise the RFA library,Revise the RFA library,2,N,Mantis,Revise the RFA library
73450,Revise the RFA library,Revise the RFA library,2,N,Mantis,Revise the RFA library
73449,Revise the RFA library,Revise the RFA library,2,N,Mantis,Revise the RFA library
73448,Revise the RFA library,Revise the RFA library,2,N,Mantis,Revise the RFA library
73447,Revise the RFA library,Revise the RFA library,2,N,Mantis,Revise the RFA library
73446,Revise the RFA library,Revise the RFA library,2,N,Mantis,Revise the RFA library
73445,Revise the RFA library,Revise the RFA library,2,N,Mantis,Revise the RFA library
73444,Revise the RFA library,Revise the RFA library,2,N,Mantis,Revise the RFA library
73443,Revise the RFA library,Revise the RFA library,2,N,Mantis,Revise the RFA library
73442,Revise the RFA library,Revise the RFA library,2,N,Mantis,Revise the RFA library
73441,Revise the RFA library,Revise the RFA library,2,N,Mantis,Revise the RFA library
73440,Revise the RFA library,Revise the RFA library,2,N,Mantis,Revise the RFA library
73439,Revise the RFA library,Revise the RFA library,2,N,Mantis,Revise the RFA library
73438,Revise the RFA library,Revise the RFA library,2,N,Mantis,Revise the RFA library
73437,Revise the RFA library,Revise the RFA library,2,N,Mantis,Revise the RFA library
73436,Revise the RFA library,Revise the RFA library,2,N,Mantis,Revise the RFA library
73435,Revise the RFA library,Revise the RFA library,2,N,Mantis,Revise the RFA library
73375,Revise the RFA library,Revise the RFA library,2,N,Mantis,Revise the RFA library
73374,Revise the RFA library,Revise the RFA library,2,N,Mantis,Revise the RFA library
73373,Revise the RFA library,Revise the RFA library,2,N,Mantis,Revise the RFA library
73372,Revise the RFA library,Revise the RFA library,2,N,Mantis,Revise the RFA library
73371,Revise the RFA library,Revise the RFA library,2,N,Mantis,Revise the RFA library
73370,Revise the RFA library,Revise the RFA library,2,N,Mantis,Revise the RFA library
73369,Revise the RFA library,Revise the RFA library,2,N,Mantis,Revise the RFA library
73368,Revise the RFA library,Revise the RFA library,2,N,Mantis,Revise the RFA library
73367,Revise the RFA library,Revise the RFA library,2,N,Mantis,Revise the RFA library
73366,Revise the RFA library,Revise the RFA library,2,N,Mantis,Revise the RFA library
73365,Revise the RFA library,Revise the RFA library,2,N,Mantis,Revise the RFA library
73364,Revise the RFA library,Revise the RFA library,2,N,Mantis,Revise the RFA library
73363,Revise the RFA library,Revise the RFA library,2,N,Mantis,Revise the RFA library
73362,Revise the RFA library,Revise the RFA library,2,N,Mantis,Revise the RFA library
73361,Revise the RFA library,Revise the RFA library,2,N,Mantis,Revise the RFA library
73360,Revise the RFA library,Revise the RFA library,2,N,Mantis,Revise the RFA library
73359,Revise the RFA library,Revise the RFA library,2,N,Mantis,Revise the RFA library
73357,Revise the RFA library,Revise the RFA library,2,N,Mantis,Revise the RFA library
73356,Revise the RFA library,Revise the RFA library,2,N,Mantis,Revise the RFA library
73355,Revise the RFA library,Revise the RFA library,2,N,Mantis,Revise the RFA library
73354,Revise the RFA library,Revise the RFA library,2,N,Mantis,Revise the RFA library
73353,Revise the RFA library,Revise the RFA library,2,N,Mantis,Revise the RFA library
73352,Revise the RFA library,Revise the RFA library,2,N,Mantis,Revise the RFA library
73351,Revise the RFA library,Revise the RFA library,2,N,Mantis,Revise the RFA library
73350,Revise the RFA library,Revise the RFA library,2,N,Mantis,Revise the RFA library
73349,Revise the RFA library,Revise the RFA library,2,N,Mantis,Revise the RFA library
73348,Revise the RFA library,Revise the RFA library,2,N,Mantis,Revise the RFA library
73347,Revise the RFA library,Revise the RFA library,2,N,Mantis,Revise the RFA library
73346,Revise the RFA library,Revise the RFA library,2,N,Mantis,Revise the RFA library
73345,Revise the RFA library,Revise the RFA library,2,N,Mantis,Revise the RFA library
73343,Revise the RFA library,Revise the RFA library,2,N,Mantis,Revise the RFA library
73342,Revise the RFA library,Revise the RFA library,2,N,Mantis,Revise the RFA library
73341,Revise the RFA library,Revise the RFA library,2,N,Mantis,Revise the RFA library
73340,Revise the RFA library,Revise the RFA library,2,N,Mantis,Revise the RFA library
73339,Revise the RFA library,Revise the RFA library,2,N,Mantis,Revise the RFA library
73338,Revise the RFA library,Revise the RFA library,2,N,Mantis,Revise the RFA library
73337,Revise the RFA library,Revise the RFA library,2,N,Mantis,Revise the RFA library
73336,Revise the RFA library,Revise the RFA library,2,N,Mantis,Revise the RFA library
73335,Revise the RFA library,Revise the RFA library,2,N,Mantis,Revise the RFA library
73334,Revise the RFA library,Revise the RFA library,2,N,Mantis,Revise the RFA library
73333,Revise the RFA library,Revise the RFA library,2,N,Mantis,Revise the RFA library
73332,Revise the RFA library,Revise the RFA library,2,N,Mantis,Revise the RFA library
73331,Revise the RFA library,Revise the RFA library,2,N,Mantis,Revise the RFA library
73330,Revise the RFA library,Revise the RFA library,2,N,Mantis,Revise the RFA library
73329,Revise the RFA library,Revise the RFA library,2,N,Mantis,Revise the RFA library
73314,Revise the RFA library,Revise the RFA library,2,N,Mantis,Revise the RFA library
73313,Revise the RFA library,Revise the RFA library,2,N,Mantis,Revise the RFA library
73312,Revise the RFA library,Revise the RFA library,2,N,Mantis,Revise the RFA library
73311,Revise the RFA library,Revise the RFA library,2,N,Mantis,Revise the RFA library
73310,Revise the RFA library,Revise the RFA library,2,N,Mantis,Revise the RFA library
73309,Revise the RFA library,Revise the RFA library,2,N,Mantis,Revise the RFA library
73308,Revise the RFA library,Revise the RFA library,2,N,Mantis,Revise the RFA library
73307,Revise the RFA library,Revise the RFA library,2,N,Mantis,Revise the RFA library
73306,Revise the RFA library,Revise the RFA library,2,N,Mantis,Revise the RFA library
73305,Revise the RFA library,Revise the RFA library,2,N,Mantis,Revise the RFA library
73304,Revise the RFA library,Revise the RFA library,2,N,Mantis,Revise the RFA library
73303,Revise the RFA library,Revise the RFA library,2,N,Mantis,Revise the RFA library
73302,Revise the RFA library,Revise the RFA library,2,N,Mantis,Revise the RFA library
73301,Revise the RFA library,Revise the RFA library,2,N,Mantis,Revise the RFA library
73300,Revise the RFA library,Revise the RFA library,2,N,Mantis,Revise the RFA library
73299,Revise the RFA library,Revise the RFA library,2,N,Mantis,Revise the RFA library
73298,Revise the RFA library,Revise the RFA library,2,N,Mantis,Revise the RFA library
73297,Revise the RFA library,Revise the RFA library,2,N,Mantis,Revise the RFA library
73296,Revise the RFA library,Revise the RFA library,2,N,Mantis,Revise the RFA library
73295,Revise the RFA library,Revise the RFA library,2,N,Mantis,Revise the RFA library
73294,Revise the RFA library,Revise the RFA library,2,N,Mantis,Revise the RFA library
73293,Revise the RFA library,Revise the RFA library,2,N,Mantis,Revise the RFA library
73292,Revise the RFA library,Revise the RFA library,2,N,Mantis,Revise the RFA library
73291,Revise the RFA library,Revise the RFA library,2,N,Mantis,Revise the RFA library
73290,Revise the RFA library,Revise the RFA library,2,N,Mantis,Revise the RFA library
73289,Revise the RFA library,Revise the RFA library,2,N,Mantis,Revise the RFA library
73288,Revise the RFA library,Revise the RFA library,2,N,Mantis,Revise the RFA library
73287,Revise the RFA library,Revise the RFA library,2,N,Mantis,Revise the RFA library
73243,Revise the RFA library,Revise the RFA library,2,N,Mantis,Revise the RFA library
73241,Revise the RFA library,Revise the RFA library,2,N,Mantis,Revise the RFA library
73221,Revise the RFA library,Revise the RFA library,2,N,Mantis,Revise the RFA library
73209,Revise the RFA library,Revise the RFA library,2,N,Mantis,Revise the RFA library
73208,Revise the RFA library,Revise the RFA library,2,N,Mantis,Revise the RFA library
73207,Revise the RFA library,Revise the RFA library,2,N,Mantis,Revise the RFA library
73206,Revise the RFA library,Revise the RFA library,2,N,Mantis,Revise the RFA library
73205,Revise the RFA library,Revise the RFA library,2,N,Mantis,Revise the RFA library
73204,Revise the RFA library,Revise the RFA library,2,N,Mantis,Revise the RFA library
73203,Revise the RFA library,Revise the RFA library,2,N,Mantis,Revise the RFA library
73202,Revise the RFA library,Revise the RFA library,2,N,Mantis,Revise the RFA library
73201,Revise the RFA library,Revise the RFA library,2,N,Mantis,Revise the RFA library
73200,Revise the RFA library,Revise the RFA library,2,N,Mantis,Revise the RFA library
73193,Revise the RFA library,Revise the RFA library,2,N,Mantis,Revise the RFA library
73192,Revise the RFA library,Revise the RFA library,2,N,Mantis,Revise the RFA library
73191,Revise the RFA library,Revise the RFA library,2,N,Mantis,Revise the RFA library
73190,Revise the RFA library,Revise the RFA library,2,N,Mantis,Revise the RFA library
73189,Revise the RFA library,Revise the RFA library,2,N,Mantis,Revise the RFA library
73188,Revise the RFA library,Revise the RFA library,2,N,Mantis,Revise the RFA library
73187,Revise the RFA library,Revise the RFA library,2,N,Mantis,Revise the RFA library
73186,Revise the RFA library,Revise the RFA library,2,N,Mantis,Revise the RFA library
73185,Revise the RFA library,Revise the RFA library,2,N,Mantis,Revise the RFA library
73184,Revise the RFA library,Revise the RFA library,2,N,Mantis,Revise the RFA library
73183,Revise the RFA library,Revise the RFA library,2,N,Mantis,Revise the RFA library
73182,Revise the RFA library,Revise the RFA library,2,N,Mantis,Revise the RFA library
73174,Revise the RFA library,Revise the RFA library,2,N,Mantis,Revise the RFA library
73173,Revise the RFA library,Revise the RFA library,2,N,Mantis,Revise the RFA library
73168,Revise the RFA library,Revise the RFA library,2,N,Mantis,Revise the RFA library
73167,Revise the RFA library,Revise the RFA library,2,N,Mantis,Revise the RFA library
73166,Revise the RFA library,Revise the RFA library,2,N,Mantis,Revise the RFA library
73165,Revise the RFA library,Revise the RFA library,2,N,Mantis,Revise the RFA library
73164,Revise the RFA library,Revise the RFA library,2,N,Mantis,Revise the RFA library
73163,Revise the RFA library,Revise the RFA library,2,N,Mantis,Revise the RFA library
73162,Revise the RFA library,Revise the RFA library,2,N,Mantis,Revise the RFA library
73147,Revise the RFA library,Revise the RFA library,2,N,Mantis,Revise the RFA library
73146,Revise the RFA library,Revise the RFA library,2,N,Mantis,Revise the RFA library
73145,Revise the RFA library,Revise the RFA library,2,N,Mantis,Revise the RFA library
73144,Revise the RFA library,Revise the RFA library,2,N,Mantis,Revise the RFA library
73143,Revise the RFA library,Revise the RFA library,2,N,Mantis,Revise the RFA library
73142,Revise the RFA library,Revise the RFA library,2,N,Mantis,Revise the RFA library
73141,Revise the RFA library,Revise the RFA library,2,N,Mantis,Revise the RFA library
73140,Revise the RFA library,Revise the RFA library,2,N,Mantis,Revise the RFA library
73139,Revise the RFA library,Revise the RFA library,2,N,Mantis,Revise the RFA library
73138,Revise the RFA library,Revise the RFA library,2,N,Mantis,Revise the RFA library
73137,Revise the RFA library,Revise the RFA library,2,N,Mantis,Revise the RFA library
73136,Revise the RFA library,Revise the RFA library,2,N,Mantis,Revise the RFA library
73135,Revise the RFA library,Revise the RFA library,2,N,Mantis,Revise the RFA library
73134,Revise the RFA library,Revise the RFA library,2,N,Mantis,Revise the RFA library
73133,Revise the RFA library,Revise the RFA library,2,N,Mantis,Revise the RFA library
73132,Revise the RFA library,Revise the RFA library,2,N,Mantis,Revise the RFA library
73131,Revise the RFA library,Revise the RFA library,2,N,Mantis,Revise the RFA library
73130,Revise the RFA library,Revise the RFA library,2,N,Mantis,Revise the RFA library
73129,Revise the RFA library,Revise the RFA library,2,N,Mantis,Revise the RFA library
73128,Revise the RFA library,Revise the RFA library,2,N,Mantis,Revise the RFA library
73127,Revise the RFA library,Revise the RFA library,2,N,Mantis,Revise the RFA library
73126,Revise the RFA library,Revise the RFA library,2,N,Mantis,Revise the RFA library
73125,Revise the RFA library,Revise the RFA library,2,N,Mantis,Revise the RFA library
73124,Revise the RFA library,Revise the RFA library,2,N,Mantis,Revise the RFA library
73123,Revise the RFA library,Revise the RFA library,2,N,Mantis,Revise the RFA library
73122,Revise the RFA library,Revise the RFA library,2,N,Mantis,Revise the RFA library
73121,Revise the RFA library,Revise the RFA library,2,N,Mantis,Revise the RFA library
73120,Revise the RFA library,Revise the RFA library,2,N,Mantis,Revise the RFA library
73119,Revise the RFA library,Revise the RFA library,2,N,Mantis,Revise the RFA library
73118,Revise the RFA library,Revise the RFA library,2,N,Mantis,Revise the RFA library
73117,Revise the RFA library,Revise the RFA library,2,N,Mantis,Revise the RFA library
73116,Revise the RFA library,Revise the RFA library,2,N,Mantis,Revise the RFA library
73115,Revise the RFA library,Revise the RFA library,2,N,Mantis,Revise the RFA library
73114,Revise the RFA library,Revise the RFA library,2,N,Mantis,Revise the RFA library
73113,Revise the RFA library,Revise the RFA library,2,N,Mantis,Revise the RFA library
73112,Revise the RFA library,Revise the RFA library,2,N,Mantis,Revise the RFA library
73111,Revise the RFA library,Revise the RFA library,2,N,Mantis,Revise the RFA library
73110,Revise the RFA library,Revise the RFA library,2,N,Mantis,Revise the RFA library
73109,Revise the RFA library,Revise the RFA library,2,N,Mantis,Revise the RFA library
73108,Revise the RFA library,Revise the RFA library,2,N,Mantis,Revise the RFA library
73107,Revise the RFA library,Revise the RFA library,2,N,Mantis,Revise the RFA library
73106,Revise the RFA library,Revise the RFA library,2,N,Mantis,Revise the RFA library
73105,Revise the RFA library,Revise the RFA library,2,N,Mantis,Revise the RFA library
73104,Revise the RFA library,Revise the RFA library,2,N,Mantis,Revise the RFA library
73103,Revise the RFA library,Revise the RFA library,2,N,Mantis,Revise the RFA library
73102,Revise the RFA library,Revise the RFA library,2,N,Mantis,Revise the RFA library
73101,Revise the RFA library,Revise the RFA library,2,N,Mantis,Revise the RFA library
73100,Revise the RFA library,Revise the RFA library,2,N,Mantis,Revise the RFA library
73099,Revise the RFA library,Revise the RFA library,2,N,Mantis,Revise the RFA library
73098,Revise the RFA library,Revise the RFA library,2,N,Mantis,Revise the RFA library
73097,Revise the RFA library,Revise the RFA library,2,N,Mantis,Revise the RFA library
73096,Revise the RFA library,Revise the RFA library,2,N,Mantis,Revise the RFA library
73095,Revise the RFA library,Revise the RFA library,2,N,Mantis,Revise the RFA library
73094,Revise the RFA library,Revise the RFA library,2,N,Mantis,Revise the RFA library
73093,Revise the RFA library,Revise the RFA library,2,N,Mantis,Revise the RFA library
73092,Revise the RFA library,Revise the RFA library,2,N,Mantis,Revise the RFA library
73091,Revise the RFA library,Revise the RFA library,2,N,Mantis,Revise the RFA library
73090,Revise the RFA library,Revise the RFA library,2,N,Mantis,Revise the RFA library
73089,Revise the RFA library,Revise the RFA library,2,N,Mantis,Revise the RFA library
73088,Revise the RFA library,Revise the RFA library,2,N,Mantis,Revise the RFA library
73087,Revise the RFA library,Revise the RFA library,2,N,Mantis,Revise the RFA library
73086,Revise the RFA library,Revise the RFA library,2,N,Mantis,Revise the RFA library
73085,Revise the RFA library,Revise the RFA library,2,N,Mantis,Revise the RFA library
73084,Revise the RFA library,Revise the RFA library,2,N,Mantis,Revise the RFA library
73083,Revise the RFA library,Revise the RFA library,2,N,Mantis,Revise the RFA library
73082,Revise the RFA library,Revise the RFA library,2,N,Mantis,Revise the RFA library
73081,Revise the RFA library,Revise the RFA library,2,N,Mantis,Revise the RFA library
73080,Revise the RFA library,Revise the RFA library,2,N,Mantis,Revise the RFA library
73079,Revise the RFA library,Revise the RFA library,2,N,Mantis,Revise the RFA library
73078,Revise the RFA library,Revise the RFA library,2,N,Mantis,Revise the RFA library
73077,Revise the RFA library,Revise the RFA library,2,N,Mantis,Revise the RFA library
73076,Revise the RFA library,Revise the RFA library,2,N,Mantis,Revise the RFA library
73075,Revise the RFA library,Revise the RFA library,2,N,Mantis,Revise the RFA library
73074,Revise the RFA library,Revise the RFA library,2,N,Mantis,Revise the RFA library
73073,Revise the RFA library,Revise the RFA library,2,N,Mantis,Revise the RFA library
73072,Revise the RFA library,Revise the RFA library,2,N,Mantis,Revise the RFA library
73071,Revise the RFA library,Revise the RFA library,2,N,Mantis,Revise the RFA library
73070,Revise the RFA library,Revise the RFA library,2,N,Mantis,Revise the RFA library
73069,Revise the RFA library,Revise the RFA library,2,N,Mantis,Revise the RFA library
73064,Framework deliverables,Framework deliverables,10,N,Mantis,Framework deliverables
73063,Framework deliverables,Framework deliverables,10,N,Mantis,Framework deliverables
73024,Revise the RFA library,Revise the RFA library,2,N,Mantis,Revise the RFA library
73023,Revise the RFA library,Revise the RFA library,2,N,Mantis,Revise the RFA library
73022,Revise the RFA library,Revise the RFA library,2,N,Mantis,Revise the RFA library
73021,Revise the RFA library,Revise the RFA library,2,N,Mantis,Revise the RFA library
73020,Revise the RFA library,Revise the RFA library,2,N,Mantis,Revise the RFA library
73019,Revise the RFA library,Revise the RFA library,2,N,Mantis,Revise the RFA library
73018,Revise the RFA library,Revise the RFA library,2,N,Mantis,Revise the RFA library
73017,Revise the RFA library,Revise the RFA library,2,N,Mantis,Revise the RFA library
73016,Revise the RFA library,Revise the RFA library,2,N,Mantis,Revise the RFA library
73015,Revise the RFA library,Revise the RFA library,2,N,Mantis,Revise the RFA library
73014,Revise the RFA library,Revise the RFA library,2,N,Mantis,Revise the RFA library
73012,Revise the RFA library,Revise the RFA library,2,N,Mantis,Revise the RFA library
73011,Revise the RFA library,Revise the RFA library,2,N,Mantis,Revise the RFA library
73009,Revise the RFA library,Revise the RFA library,2,N,Mantis,Revise the RFA library
73007,Revise the RFA library,Revise the RFA library,2,N,Mantis,Revise the RFA library
73006,Revise the RFA library,Revise the RFA library,2,N,Mantis,Revise the RFA library
73005,Revise the RFA library,Revise the RFA library,2,N,Mantis,Revise the RFA library
73004,Revise the RFA library,Revise the RFA library,2,N,Mantis,Revise the RFA library
73003,Revise the RFA library,Revise the RFA library,2,N,Mantis,Revise the RFA library
73002,Revise the RFA library,Revise the RFA library,2,N,Mantis,Revise the RFA library
73001,Revise the RFA library,Revise the RFA library,2,N,Mantis,Revise the RFA library
73000,Revise the RFA library,Revise the RFA library,2,N,Mantis,Revise the RFA library
72999,Revise the RFA library,Revise the RFA library,2,N,Mantis,Revise the RFA library
72940,Revise the RFA library,Revise the RFA library,2,N,Mantis,Revise the RFA library
72939,Revise the RFA library,Revise the RFA library,2,N,Mantis,Revise the RFA library
72938,Revise the RFA library,Revise the RFA library,2,N,Mantis,Revise the RFA library
72937,Revise the RFA library,Revise the RFA library,2,N,Mantis,Revise the RFA library
72935,Revise the RFA library,Revise the RFA library,2,N,Mantis,Revise the RFA library
72934,Revise the RFA library,Revise the RFA library,2,N,Mantis,Revise the RFA library
72933,Revise the RFA library,Revise the RFA library,2,N,Mantis,Revise the RFA library
72932,Revise the RFA library,Revise the RFA library,2,N,Mantis,Revise the RFA library
72931,Revise the RFA library,Revise the RFA library,2,N,Mantis,Revise the RFA library
72920,Revise the RFA library,Revise the RFA library,2,N,Mantis,Revise the RFA library
72919,Revise the RFA library,Revise the RFA library,2,N,Mantis,Revise the RFA library
72917,Revise the RFA library,Revise the RFA library,2,N,Mantis,Revise the RFA library
72899,Revise the RFA library,Revise the RFA library,2,N,Mantis,Revise the RFA library
72898,Revise the RFA library,Revise the RFA library,2,N,Mantis,Revise the RFA library
72897,Revise the RFA library,Revise the RFA library,2,N,Mantis,Revise the RFA library
72896,Revise the RFA library,Revise the RFA library,2,N,Mantis,Revise the RFA library
72895,Revise the RFA library,Revise the RFA library,2,N,Mantis,Revise the RFA library
72894,Revise the RFA library,Revise the RFA library,2,N,Mantis,Revise the RFA library
72893,Revise the RFA library,Revise the RFA library,2,N,Mantis,Revise the RFA library
72892,Revise the RFA library,Revise the RFA library,2,N,Mantis,Revise the RFA library
72891,Revise the RFA library,Revise the RFA library,2,N,Mantis,Revise the RFA library
72890,Revise the RFA library,Revise the RFA library,2,N,Mantis,Revise the RFA library
72889,Revise the RFA library,Revise the RFA library,2,N,Mantis,Revise the RFA library
72888,Revise the RFA library,Revise the RFA library,2,N,Mantis,Revise the RFA library
72887,Revise the RFA library,Revise the RFA library,2,N,Mantis,Revise the RFA library
72886,Revise the RFA library,Revise the RFA library,2,N,Mantis,Revise the RFA library
72885,Revise the RFA library,Revise the RFA library,2,N,Mantis,Revise the RFA library
72884,Revise the RFA library,Revise the RFA library,2,N,Mantis,Revise the RFA library
72883,Revise the RFA library,Revise the RFA library,2,N,Mantis,Revise the RFA library
72882,Revise the RFA library,Revise the RFA library,2,N,Mantis,Revise the RFA library
72881,Revise the RFA library,Revise the RFA library,2,N,Mantis,Revise the RFA library
72880,Revise the RFA library,Revise the RFA library,2,N,Mantis,Revise the RFA library
72879,Revise the RFA library,Revise the RFA library,2,N,Mantis,Revise the RFA library
72878,Revise the RFA library,Revise the RFA library,2,N,Mantis,Revise the RFA library
72877,Revise the RFA library,Revise the RFA library,2,N,Mantis,Revise the RFA library
72876,Revise the RFA library,Revise the RFA library,2,N,Mantis,Revise the RFA library
72875,Revise the RFA library,Revise the RFA library,2,N,Mantis,Revise the RFA library
72872,Revise the RFA library,Revise the RFA library,2,N,Mantis,Revise the RFA library
72871,Revise the RFA library,Revise the RFA library,2,N,Mantis,Revise the RFA library
72870,Revise the RFA library,Revise the RFA library,2,N,Mantis,Revise the RFA library
72869,Revise the RFA library,Revise the RFA library,2,N,Mantis,Revise the RFA library
72868,Revise the RFA library,Revise the RFA library,2,N,Mantis,Revise the RFA library
72867,Revise the RFA library,Revise the RFA library,2,N,Mantis,Revise the RFA library
72865,Revise the RFA library,Revise the RFA library,2,N,Mantis,Revise the RFA library
72864,Revise the RFA library,Revise the RFA library,2,N,Mantis,Revise the RFA library
72863,Revise the RFA library,Revise the RFA library,2,N,Mantis,Revise the RFA library
72861,Revise the RFA library,Revise the RFA library,2,N,Mantis,Revise the RFA library
72860,Revise the RFA library,Revise the RFA library,2,N,Mantis,Revise the RFA library
72859,Revise the RFA library,Revise the RFA library,2,N,Mantis,Revise the RFA library
72858,Revise the RFA library,Revise the RFA library,2,N,Mantis,Revise the RFA library
72857,Revise the RFA library,Revise the RFA library,2,N,Mantis,Revise the RFA library
72856,Revise the RFA library,Revise the RFA library,2,N,Mantis,Revise the RFA library
72855,Revise the RFA library,Revise the RFA library,2,N,Mantis,Revise the RFA library
72854,Revise the RFA library,Revise the RFA library,2,N,Mantis,Revise the RFA library
72853,Revise the RFA library,Revise the RFA library,2,N,Mantis,Revise the RFA library
72851,Revise the RFA library,Revise the RFA library,2,N,Mantis,Revise the RFA library
72841,Revise the RFA library,Revise the RFA library,2,N,Mantis,Revise the RFA library
72840,Revise the RFA library,Revise the RFA library,2,N,Mantis,Revise the RFA library
72839,Revise the RFA library,Revise the RFA library,2,N,Mantis,Revise the RFA library
72838,Revise the RFA library,Revise the RFA library,2,N,Mantis,Revise the RFA library
72837,Revise the RFA library,Revise the RFA library,2,N,Mantis,Revise the RFA library
72836,Revise the RFA library,Revise the RFA library,2,N,Mantis,Revise the RFA library
72835,Revise the RFA library,Revise the RFA library,2,N,Mantis,Revise the RFA library
72834,Revise the RFA library,Revise the RFA library,2,N,Mantis,Revise the RFA library
72833,Revise the RFA library,Revise the RFA library,2,N,Mantis,Revise the RFA library
72832,Revise the RFA library,Revise the RFA library,2,N,Mantis,Revise the RFA library
72831,Revise the RFA library,Revise the RFA library,2,N,Mantis,Revise the RFA library
72830,Revise the RFA library,Revise the RFA library,2,N,Mantis,Revise the RFA library
72829,Revise the RFA library,Revise the RFA library,2,N,Mantis,Revise the RFA library
72828,Revise the RFA library,Revise the RFA library,2,N,Mantis,Revise the RFA library
72827,Revise the RFA library,Revise the RFA library,2,N,Mantis,Revise the RFA library
72826,Revise the RFA library,Revise the RFA library,2,N,Mantis,Revise the RFA library
72825,Revise the RFA library,Revise the RFA library,2,N,Mantis,Revise the RFA library
72824,Revise the RFA library,Revise the RFA library,2,N,Mantis,Revise the RFA library
72823,Revise the RFA library,Revise the RFA library,2,N,Mantis,Revise the RFA library
72822,Revise the RFA library,Revise the RFA library,2,N,Mantis,Revise the RFA library
72821,Revise the RFA library,Revise the RFA library,2,N,Mantis,Revise the RFA library
72820,Revise the RFA library,Revise the RFA library,2,N,Mantis,Revise the RFA library
72819,Revise the RFA library,Revise the RFA library,2,N,Mantis,Revise the RFA library
72818,Revise the RFA library,Revise the RFA library,2,N,Mantis,Revise the RFA library
72817,Revise the RFA library,Revise the RFA library,2,N,Mantis,Revise the RFA library
72816,Revise the RFA library,Revise the RFA library,2,N,Mantis,Revise the RFA library
72815,Revise the RFA library,Revise the RFA library,2,N,Mantis,Revise the RFA library
72814,Revise the RFA library,Revise the RFA library,2,N,Mantis,Revise the RFA library
72813,Revise the RFA library,Revise the RFA library,2,N,Mantis,Revise the RFA library
72812,Revise the RFA library,Revise the RFA library,2,N,Mantis,Revise the RFA library
72811,Revise the RFA library,Revise the RFA library,2,N,Mantis,Revise the RFA library
72810,Revise the RFA library,Revise the RFA library,2,N,Mantis,Revise the RFA library
72809,Revise the RFA library,Revise the RFA library,2,N,Mantis,Revise the RFA library
72808,Revise the RFA library,Revise the RFA library,2,N,Mantis,Revise the RFA library
72807,Revise the RFA library,Revise the RFA library,2,N,Mantis,Revise the RFA library
72806,Revise the RFA library,Revise the RFA library,2,N,Mantis,Revise the RFA library
72805,Revise the RFA library,Revise the RFA library,2,N,Mantis,Revise the RFA library
72804,Revise the RFA library,Revise the RFA library,2,N,Mantis,Revise the RFA library
72803,Revise the RFA library,Revise the RFA library,2,N,Mantis,Revise the RFA library
72802,Revise the RFA library,Revise the RFA library,2,N,Mantis,Revise the RFA library
72800,Revise the RFA library,Revise the RFA library,2,N,Mantis,Revise the RFA library
72798,Revise the RFA library,Revise the RFA library,2,N,Mantis,Revise the RFA library
72797,Revise the RFA library,Revise the RFA library,2,N,Mantis,Revise the RFA library
72784,Revise the RFA library,Revise the RFA library,2,N,Mantis,Revise the RFA library
72783,Revise the RFA library,Revise the RFA library,2,N,Mantis,Revise the RFA library
72782,Revise the RFA library,Revise the RFA library,2,N,Mantis,Revise the RFA library
72781,Revise the RFA library,Revise the RFA library,2,N,Mantis,Revise the RFA library
72779,Revise the RFA library,Revise the RFA library,2,N,Mantis,Revise the RFA library
72777,Revise the RFA library,Revise the RFA library,2,N,Mantis,Revise the RFA library
72776,Revise the RFA library,Revise the RFA library,2,N,Mantis,Revise the RFA library
72769,Revise the RFA library,Revise the RFA library,2,N,Mantis,Revise the RFA library
72768,Revise the RFA library,Revise the RFA library,2,N,Mantis,Revise the RFA library
72767,Revise the RFA library,Revise the RFA library,2,N,Mantis,Revise the RFA library
72766,Revise the RFA library,Revise the RFA library,2,N,Mantis,Revise the RFA library
72764,Revise the RFA library,Revise the RFA library,2,N,Mantis,Revise the RFA library
72763,Revise the RFA library,Revise the RFA library,2,N,Mantis,Revise the RFA library
72762,Revise the RFA library,Revise the RFA library,2,N,Mantis,Revise the RFA library
72761,Revise the RFA library,Revise the RFA library,2,N,Mantis,Revise the RFA library
72760,Revise the RFA library,Revise the RFA library,2,N,Mantis,Revise the RFA library
72759,Revise the RFA library,Revise the RFA library,2,N,Mantis,Revise the RFA library
72758,Revise the RFA library,Revise the RFA library,2,N,Mantis,Revise the RFA library
72757,Revise the RFA library,Revise the RFA library,2,N,Mantis,Revise the RFA library
72756,Revise the RFA library,Revise the RFA library,2,N,Mantis,Revise the RFA library
72755,Revise the RFA library,Revise the RFA library,2,N,Mantis,Revise the RFA library
72754,Revise the RFA library,Revise the RFA library,2,N,Mantis,Revise the RFA library
72753,Revise the RFA library,Revise the RFA library,2,N,Mantis,Revise the RFA library
72751,Revise the RFA library,Revise the RFA library,2,N,Mantis,Revise the RFA library
72750,Revise the RFA library,Revise the RFA library,2,N,Mantis,Revise the RFA library
72748,Revise the RFA library,Revise the RFA library,2,N,Mantis,Revise the RFA library
72747,Revise the RFA library,Revise the RFA library,2,N,Mantis,Revise the RFA library
72746,Revise the RFA library,Revise the RFA library,2,N,Mantis,Revise the RFA library
72745,Revise the RFA library,Revise the RFA library,2,N,Mantis,Revise the RFA library
72744,Revise the RFA library,Revise the RFA library,2,N,Mantis,Revise the RFA library
72743,Revise the RFA library,Revise the RFA library,2,N,Mantis,Revise the RFA library
72742,Revise the RFA library,Revise the RFA library,2,N,Mantis,Revise the RFA library
72741,Revise the RFA library,Revise the RFA library,2,N,Mantis,Revise the RFA library
72740,Revise the RFA library,Revise the RFA library,2,N,Mantis,Revise the RFA library
72739,Revise the RFA library,Revise the RFA library,2,N,Mantis,Revise the RFA library
72738,Revise the RFA library,Revise the RFA library,2,N,Mantis,Revise the RFA library
72737,Revise the RFA library,Revise the RFA library,2,N,Mantis,Revise the RFA library
72736,Revise the RFA library,Revise the RFA library,2,N,Mantis,Revise the RFA library
72735,Revise the RFA library,Revise the RFA library,2,N,Mantis,Revise the RFA library
72734,Revise the RFA library,Revise the RFA library,2,N,Mantis,Revise the RFA library
72733,Revise the RFA library,Revise the RFA library,2,N,Mantis,Revise the RFA library
72732,Revise the RFA library,Revise the RFA library,2,N,Mantis,Revise the RFA library
72731,Revise the RFA library,Revise the RFA library,2,N,Mantis,Revise the RFA library
72730,Revise the RFA library,Revise the RFA library,2,N,Mantis,Revise the RFA library
72729,Revise the RFA library,Revise the RFA library,2,N,Mantis,Revise the RFA library
72728,Revise the RFA library,Revise the RFA library,2,N,Mantis,Revise the RFA library
72726,Revise the RFA library,Revise the RFA library,2,N,Mantis,Revise the RFA library
72725,Revise the RFA library,Revise the RFA library,2,N,Mantis,Revise the RFA library
72724,Framework deliverables,Framework deliverables,10,N,Mantis,Framework deliverables
72723,Revise the RFA library,Revise the RFA library,2,N,Mantis,Revise the RFA library
72722,Framework deliverables,Framework deliverables,10,N,Mantis,Framework deliverables
72721,Revise the RFA library,Revise the RFA library,2,N,Mantis,Revise the RFA library
72720,Revise the RFA library,Revise the RFA library,2,N,Mantis,Revise the RFA library
72719,Revise the RFA library,Revise the RFA library,2,N,Mantis,Revise the RFA library
72718,Revise the RFA library,Revise the RFA library,2,N,Mantis,Revise the RFA library
72717,Revise the RFA library,Revise the RFA library,2,N,Mantis,Revise the RFA library
72716,Revise the RFA library,Revise the RFA library,2,N,Mantis,Revise the RFA library
72715,Revise the RFA library,Revise the RFA library,2,N,Mantis,Revise the RFA library
72710,Revise the RFA library,Revise the RFA library,2,N,Mantis,Revise the RFA library
72707,Revise the RFA library,Revise the RFA library,2,N,Mantis,Revise the RFA library
72705,Revise the RFA library,Revise the RFA library,2,N,Mantis,Revise the RFA library
72700,Revise the RFA library,Revise the RFA library,2,N,Mantis,Revise the RFA library
72699,Revise the RFA library,Revise the RFA library,2,N,Mantis,Revise the RFA library
72697,Revise the RFA library,Revise the RFA library,2,N,Mantis,Revise the RFA library
72696,Revise the RFA library,Revise the RFA library,2,N,Mantis,Revise the RFA library
72695,Revise the RFA library,Revise the RFA library,2,N,Mantis,Revise the RFA library
72694,Revise the RFA library,Revise the RFA library,2,N,Mantis,Revise the RFA library
72693,Revise the RFA library,Revise the RFA library,2,N,Mantis,Revise the RFA library
72692,Revise the RFA library,Revise the RFA library,2,N,Mantis,Revise the RFA library
72691,Revise the RFA library,Revise the RFA library,2,N,Mantis,Revise the RFA library
72690,Revise the RFA library,Revise the RFA library,2,N,Mantis,Revise the RFA library
72689,Revise the RFA library,Revise the RFA library,2,N,Mantis,Revise the RFA library
72688,Revise the RFA library,Revise the RFA library,2,N,Mantis,Revise the RFA library
72687,Revise the RFA library,Revise the RFA library,2,N,Mantis,Revise the RFA library
72686,Revise the RFA library,Revise the RFA library,2,N,Mantis,Revise the RFA library
72684,Revise the RFA library,Revise the RFA library,2,N,Mantis,Revise the RFA library
72683,Revise the RFA library,Revise the RFA library,2,N,Mantis,Revise the RFA library
72682,Revise the RFA library,Revise the RFA library,2,N,Mantis,Revise the RFA library
72681,Revise the RFA library,Revise the RFA library,2,N,Mantis,Revise the RFA library
72680,Revise the RFA library,Revise the RFA library,2,N,Mantis,Revise the RFA library
72679,Revise the RFA library,Revise the RFA library,2,N,Mantis,Revise the RFA library
72678,Revise the RFA library,Revise the RFA library,2,N,Mantis,Revise the RFA library
72676,Revise the RFA library,Revise the RFA library,2,N,Mantis,Revise the RFA library
72674,Revise the RFA library,Revise the RFA library,2,N,Mantis,Revise the RFA library
72673,Revise the RFA library,Revise the RFA library,2,N,Mantis,Revise the RFA library
72672,Revise the RFA library,Revise the RFA library,2,N,Mantis,Revise the RFA library
72671,Revise the RFA library,Revise the RFA library,2,N,Mantis,Revise the RFA library
72669,Revise the RFA library,Revise the RFA library,2,N,Mantis,Revise the RFA library
72668,Revise the RFA library,Revise the RFA library,2,N,Mantis,Revise the RFA library
72667,Revise the RFA library,Revise the RFA library,2,N,Mantis,Revise the RFA library
72666,Revise the RFA library,Revise the RFA library,2,N,Mantis,Revise the RFA library
72665,Revise the RFA library,Revise the RFA library,2,N,Mantis,Revise the RFA library
72664,Revise the RFA library,Revise the RFA library,2,N,Mantis,Revise the RFA library
72663,Revise the RFA library,Revise the RFA library,2,N,Mantis,Revise the RFA library
72662,Revise the RFA library,Revise the RFA library,2,N,Mantis,Revise the RFA library
72661,Revise the RFA library,Revise the RFA library,2,N,Mantis,Revise the RFA library
72660,Revise the RFA library,Revise the RFA library,2,N,Mantis,Revise the RFA library
72659,Revise the RFA library,Revise the RFA library,2,N,Mantis,Revise the RFA library
72658,Revise the RFA library,Revise the RFA library,2,N,Mantis,Revise the RFA library
72657,Revise the RFA library,Revise the RFA library,2,N,Mantis,Revise the RFA library
72656,Revise the RFA library,Revise the RFA library,2,N,Mantis,Revise the RFA library
72655,Revise the RFA library,Revise the RFA library,2,N,Mantis,Revise the RFA library
72654,Revise the RFA library,Revise the RFA library,2,N,Mantis,Revise the RFA library
72653,Revise the RFA library,Revise the RFA library,2,N,Mantis,Revise the RFA library
72652,Revise the RFA library,Revise the RFA library,2,N,Mantis,Revise the RFA library
72651,Revise the RFA library,Revise the RFA library,2,N,Mantis,Revise the RFA library
72650,Revise the RFA library,Revise the RFA library,2,N,Mantis,Revise the RFA library
72649,Revise the RFA library,Revise the RFA library,2,N,Mantis,Revise the RFA library
72648,Revise the RFA library,Revise the RFA library,2,N,Mantis,Revise the RFA library
72647,Revise the RFA library,Revise the RFA library,2,N,Mantis,Revise the RFA library
72646,Revise the RFA library,Revise the RFA library,2,N,Mantis,Revise the RFA library
72645,Revise the RFA library,Revise the RFA library,2,N,Mantis,Revise the RFA library
72644,Revise the RFA library,Revise the RFA library,2,N,Mantis,Revise the RFA library
72643,Revise the RFA library,Revise the RFA library,2,N,Mantis,Revise the RFA library
72642,Revise the RFA library,Revise the RFA library,2,N,Mantis,Revise the RFA library
72641,Revise the RFA library,Revise the RFA library,2,N,Mantis,Revise the RFA library
72640,Revise the RFA library,Revise the RFA library,2,N,Mantis,Revise the RFA library
72639,Revise the RFA library,Revise the RFA library,2,N,Mantis,Revise the RFA library
72638,Revise the RFA library,Revise the RFA library,2,N,Mantis,Revise the RFA library
72637,Revise the RFA library,Revise the RFA library,2,N,Mantis,Revise the RFA library
72636,Revise the RFA library,Revise the RFA library,2,N,Mantis,Revise the RFA library
72635,Revise the RFA library,Revise the RFA library,2,N,Mantis,Revise the RFA library
72634,Revise the RFA library,Revise the RFA library,2,N,Mantis,Revise the RFA library
72633,Revise the RFA library,Revise the RFA library,2,N,Mantis,Revise the RFA library
72632,Revise the RFA library,Revise the RFA library,2,N,Mantis,Revise the RFA library
72631,Revise the RFA library,Revise the RFA library,2,N,Mantis,Revise the RFA library
72630,Revise the RFA library,Revise the RFA library,2,N,Mantis,Revise the RFA library
72629,Revise the RFA library,Revise the RFA library,2,N,Mantis,Revise the RFA library
72628,Revise the RFA library,Revise the RFA library,2,N,Mantis,Revise the RFA library
72627,Revise the RFA library,Revise the RFA library,2,N,Mantis,Revise the RFA library
72626,Revise the RFA library,Revise the RFA library,2,N,Mantis,Revise the RFA library
72625,Revise the RFA library,Revise the RFA library,2,N,Mantis,Revise the RFA library
72624,Revise the RFA library,Revise the RFA library,2,N,Mantis,Revise the RFA library
72623,Revise the RFA library,Revise the RFA library,2,N,Mantis,Revise the RFA library
72622,Revise the RFA library,Revise the RFA library,2,N,Mantis,Revise the RFA library
72621,Revise the RFA library,Revise the RFA library,2,N,Mantis,Revise the RFA library
72618,Revise the RFA library,Revise the RFA library,2,N,Mantis,Revise the RFA library
72614,Revise the RFA library,Revise the RFA library,2,N,Mantis,Revise the RFA library
72612,Revise the RFA library,Revise the RFA library,2,N,Mantis,Revise the RFA library
72611,Revise the RFA library,Revise the RFA library,2,N,Mantis,Revise the RFA library
72610,Revise the RFA library,Revise the RFA library,2,N,Mantis,Revise the RFA library
72609,Revise the RFA library,Revise the RFA library,2,N,Mantis,Revise the RFA library
72608,Revise the RFA library,Revise the RFA library,2,N,Mantis,Revise the RFA library
72607,Revise the RFA library,Revise the RFA library,2,N,Mantis,Revise the RFA library
72606,Revise the RFA library,Revise the RFA library,2,N,Mantis,Revise the RFA library
72605,Revise the RFA library,Revise the RFA library,2,N,Mantis,Revise the RFA library
72604,Revise the RFA library,Revise the RFA library,2,N,Mantis,Revise the RFA library
72603,Revise the RFA library,Revise the RFA library,2,N,Mantis,Revise the RFA library
72602,Revise the RFA library,Revise the RFA library,2,N,Mantis,Revise the RFA library
72601,Revise the RFA library,Revise the RFA library,2,N,Mantis,Revise the RFA library
72600,Revise the RFA library,Revise the RFA library,2,N,Mantis,Revise the RFA library
72599,Revise the RFA library,Revise the RFA library,2,N,Mantis,Revise the RFA library
72598,Revise the RFA library,Revise the RFA library,2,N,Mantis,Revise the RFA library
72597,Revise the RFA library,Revise the RFA library,2,N,Mantis,Revise the RFA library
72596,Revise the RFA library,Revise the RFA library,2,N,Mantis,Revise the RFA library
72595,Revise the RFA library,Revise the RFA library,2,N,Mantis,Revise the RFA library
72594,Revise the RFA library,Revise the RFA library,2,N,Mantis,Revise the RFA library
72593,Revise the RFA library,Revise the RFA library,2,N,Mantis,Revise the RFA library
72592,Revise the RFA library,Revise the RFA library,2,N,Mantis,Revise the RFA library
72591,Revise the RFA library,Revise the RFA library,2,N,Mantis,Revise the RFA library
72590,Revise the RFA library,Revise the RFA library,2,N,Mantis,Revise the RFA library
72589,Revise the RFA library,Revise the RFA library,2,N,Mantis,Revise the RFA library
72588,Revise the RFA library,Revise the RFA library,2,N,Mantis,Revise the RFA library
72587,Revise the RFA library,Revise the RFA library,2,N,Mantis,Revise the RFA library
72586,Revise the RFA library,Revise the RFA library,2,N,Mantis,Revise the RFA library
72585,Revise the RFA library,Revise the RFA library,2,N,Mantis,Revise the RFA library
72584,Revise the RFA library,Revise the RFA library,2,N,Mantis,Revise the RFA library
72583,Revise the RFA library,Revise the RFA library,2,N,Mantis,Revise the RFA library
72582,Revise the RFA library,Revise the RFA library,2,N,Mantis,Revise the RFA library
72581,Revise the RFA library,Revise the RFA library,2,N,Mantis,Revise the RFA library
72580,Revise the RFA library,Revise the RFA library,2,N,Mantis,Revise the RFA library
72579,Revise the RFA library,Revise the RFA library,2,N,Mantis,Revise the RFA library
72578,Revise the RFA library,Revise the RFA library,2,N,Mantis,Revise the RFA library
72577,Revise the RFA library,Revise the RFA library,2,N,Mantis,Revise the RFA library
72576,Revise the RFA library,Revise the RFA library,2,N,Mantis,Revise the RFA library
72575,Revise the RFA library,Revise the RFA library,2,N,Mantis,Revise the RFA library
72574,Revise the RFA library,Revise the RFA library,2,N,Mantis,Revise the RFA library
72573,Revise the RFA library,Revise the RFA library,2,N,Mantis,Revise the RFA library
72572,Revise the RFA library,Revise the RFA library,2,N,Mantis,Revise the RFA library
72571,Revise the RFA library,Revise the RFA library,2,N,Mantis,Revise the RFA library
72570,Revise the RFA library,Revise the RFA library,2,N,Mantis,Revise the RFA library
72569,Revise the RFA library,Revise the RFA library,2,N,Mantis,Revise the RFA library
72568,Revise the RFA library,Revise the RFA library,2,N,Mantis,Revise the RFA library
72567,Revise the RFA library,Revise the RFA library,2,N,Mantis,Revise the RFA library
72566,Revise the RFA library,Revise the RFA library,2,N,Mantis,Revise the RFA library
72565,Revise the RFA library,Revise the RFA library,2,N,Mantis,Revise the RFA library
72561,Revise the RFA library,Revise the RFA library,2,N,Mantis,Revise the RFA library
72560,Revise the RFA library,Revise the RFA library,2,N,Mantis,Revise the RFA library
72559,Revise the RFA library,Revise the RFA library,2,N,Mantis,Revise the RFA library
72558,Revise the RFA library,Revise the RFA library,2,N,Mantis,Revise the RFA library
72557,Revise the RFA library,Revise the RFA library,2,N,Mantis,Revise the RFA library
72556,Revise the RFA library,Revise the RFA library,2,N,Mantis,Revise the RFA library
72555,Revise the RFA library,Revise the RFA library,2,N,Mantis,Revise the RFA library
72554,Revise the RFA library,Revise the RFA library,2,N,Mantis,Revise the RFA library
72553,Revise the RFA library,Revise the RFA library,2,N,Mantis,Revise the RFA library
72552,Revise the RFA library,Revise the RFA library,2,N,Mantis,Revise the RFA library
72551,Revise the RFA library,Revise the RFA library,2,N,Mantis,Revise the RFA library
72550,Revise the RFA library,Revise the RFA library,2,N,Mantis,Revise the RFA library
72549,Revise the RFA library,Revise the RFA library,2,N,Mantis,Revise the RFA library
72548,Revise the RFA library,Revise the RFA library,2,N,Mantis,Revise the RFA library
72547,Revise the RFA library,Revise the RFA library,2,N,Mantis,Revise the RFA library
72546,Revise the RFA library,Revise the RFA library,2,N,Mantis,Revise the RFA library
72545,Revise the RFA library,Revise the RFA library,2,N,Mantis,Revise the RFA library
72544,Revise the RFA library,Revise the RFA library,2,N,Mantis,Revise the RFA library
72543,Revise the RFA library,Revise the RFA library,2,N,Mantis,Revise the RFA library
72542,Revise the RFA library,Revise the RFA library,2,N,Mantis,Revise the RFA library
72541,Revise the RFA library,Revise the RFA library,2,N,Mantis,Revise the RFA library
72540,Revise the RFA library,Revise the RFA library,2,N,Mantis,Revise the RFA library
72539,Revise the RFA library,Revise the RFA library,2,N,Mantis,Revise the RFA library
72538,Revise the RFA library,Revise the RFA library,2,N,Mantis,Revise the RFA library
72537,Revise the RFA library,Revise the RFA library,2,N,Mantis,Revise the RFA library
72536,Revise the RFA library,Revise the RFA library,2,N,Mantis,Revise the RFA library
72535,Revise the RFA library,Revise the RFA library,2,N,Mantis,Revise the RFA library
72534,Revise the RFA library,Revise the RFA library,2,N,Mantis,Revise the RFA library
72533,Revise the RFA library,Revise the RFA library,2,N,Mantis,Revise the RFA library
72532,Revise the RFA library,Revise the RFA library,2,N,Mantis,Revise the RFA library
72531,Revise the RFA library,Revise the RFA library,2,N,Mantis,Revise the RFA library
72530,Revise the RFA library,Revise the RFA library,2,N,Mantis,Revise the RFA library
72529,Revise the RFA library,Revise the RFA library,2,N,Mantis,Revise the RFA library
72528,Revise the RFA library,Revise the RFA library,2,N,Mantis,Revise the RFA library
72527,Revise the RFA library,Revise the RFA library,2,N,Mantis,Revise the RFA library
72526,Revise the RFA library,Revise the RFA library,2,N,Mantis,Revise the RFA library
72525,Revise the RFA library,Revise the RFA library,2,N,Mantis,Revise the RFA library
72524,Revise the RFA library,Revise the RFA library,2,N,Mantis,Revise the RFA library
72523,Revise the RFA library,Revise the RFA library,2,N,Mantis,Revise the RFA library
72522,Revise the RFA library,Revise the RFA library,2,N,Mantis,Revise the RFA library
72521,Revise the RFA library,Revise the RFA library,2,N,Mantis,Revise the RFA library
72519,Framework deliverables,Framework deliverables,10,N,Mantis,Framework deliverables
72496,Revise the RFA library,Revise the RFA library,2,N,Mantis,Revise the RFA library
72495,Revise the RFA library,Revise the RFA library,2,N,Mantis,Revise the RFA library
72494,Revise the RFA library,Revise the RFA library,2,N,Mantis,Revise the RFA library
72493,Revise the RFA library,Revise the RFA library,2,N,Mantis,Revise the RFA library
72492,Revise the RFA library,Revise the RFA library,2,N,Mantis,Revise the RFA library
72491,Revise the RFA library,Revise the RFA library,2,N,Mantis,Revise the RFA library
72490,Revise the RFA library,Revise the RFA library,2,N,Mantis,Revise the RFA library
72489,Revise the RFA library,Revise the RFA library,2,N,Mantis,Revise the RFA library
72488,Revise the RFA library,Revise the RFA library,2,N,Mantis,Revise the RFA library
72487,Revise the RFA library,Revise the RFA library,2,N,Mantis,Revise the RFA library
72486,Revise the RFA library,Revise the RFA library,2,N,Mantis,Revise the RFA library
72485,Revise the RFA library,Revise the RFA library,2,N,Mantis,Revise the RFA library
72484,Revise the RFA library,Revise the RFA library,2,N,Mantis,Revise the RFA library
72483,Revise the RFA library,Revise the RFA library,2,N,Mantis,Revise the RFA library
72482,Revise the RFA library,Revise the RFA library,2,N,Mantis,Revise the RFA library
72481,Revise the RFA library,Revise the RFA library,2,N,Mantis,Revise the RFA library
72480,Revise the RFA library,Revise the RFA library,2,N,Mantis,Revise the RFA library
72479,Revise the RFA library,Revise the RFA library,2,N,Mantis,Revise the RFA library
72478,Revise the RFA library,Revise the RFA library,2,N,Mantis,Revise the RFA library
72471,Revise the RFA library,Revise the RFA library,2,N,Mantis,Revise the RFA library
72468,Revise the RFA library,Revise the RFA library,2,N,Mantis,Revise the RFA library
72467,Revise the RFA library,Revise the RFA library,2,N,Mantis,Revise the RFA library
72466,Revise the RFA library,Revise the RFA library,2,N,Mantis,Revise the RFA library
72465,Revise the RFA library,Revise the RFA library,2,N,Mantis,Revise the RFA library
72464,Revise the RFA library,Revise the RFA library,2,N,Mantis,Revise the RFA library
72461,Revise the RFA library,Revise the RFA library,2,N,Mantis,Revise the RFA library
72460,Revise the RFA library,Revise the RFA library,2,N,Mantis,Revise the RFA library
72459,Revise the RFA library,Revise the RFA library,2,N,Mantis,Revise the RFA library
72458,Revise the RFA library,Revise the RFA library,2,N,Mantis,Revise the RFA library
72457,Revise the RFA library,Revise the RFA library,2,N,Mantis,Revise the RFA library
72456,Revise the RFA library,Revise the RFA library,2,N,Mantis,Revise the RFA library
72455,Revise the RFA library,Revise the RFA library,2,N,Mantis,Revise the RFA library
72454,Revise the RFA library,Revise the RFA library,2,N,Mantis,Revise the RFA library
72453,Revise the RFA library,Revise the RFA library,2,N,Mantis,Revise the RFA library
72452,Revise the RFA library,Revise the RFA library,2,N,Mantis,Revise the RFA library
72451,Revise the RFA library,Revise the RFA library,2,N,Mantis,Revise the RFA library
72450,Revise the RFA library,Revise the RFA library,2,N,Mantis,Revise the RFA library
72449,Revise the RFA library,Revise the RFA library,2,N,Mantis,Revise the RFA library
72448,Revise the RFA library,Revise the RFA library,2,N,Mantis,Revise the RFA library
72447,Revise the RFA library,Revise the RFA library,2,N,Mantis,Revise the RFA library
72446,Revise the RFA library,Revise the RFA library,2,N,Mantis,Revise the RFA library
72445,Revise the RFA library,Revise the RFA library,2,N,Mantis,Revise the RFA library
72444,Revise the RFA library,Revise the RFA library,2,N,Mantis,Revise the RFA library
72443,Revise the RFA library,Revise the RFA library,2,N,Mantis,Revise the RFA library
72442,Revise the RFA library,Revise the RFA library,2,N,Mantis,Revise the RFA library
72441,Revise the RFA library,Revise the RFA library,2,N,Mantis,Revise the RFA library
72440,Revise the RFA library,Revise the RFA library,2,N,Mantis,Revise the RFA library
72439,Revise the RFA library,Revise the RFA library,2,N,Mantis,Revise the RFA library
72438,Revise the RFA library,Revise the RFA library,2,N,Mantis,Revise the RFA library
72436,Revise the RFA library,Revise the RFA library,2,N,Mantis,Revise the RFA library
72435,Revise the RFA library,Revise the RFA library,2,N,Mantis,Revise the RFA library
72434,Revise the RFA library,Revise the RFA library,2,N,Mantis,Revise the RFA library
72433,Revise the RFA library,Revise the RFA library,2,N,Mantis,Revise the RFA library
72432,Revise the RFA library,Revise the RFA library,2,N,Mantis,Revise the RFA library
72431,Revise the RFA library,Revise the RFA library,2,N,Mantis,Revise the RFA library
72430,Revise the RFA library,Revise the RFA library,2,N,Mantis,Revise the RFA library
72429,Revise the RFA library,Revise the RFA library,2,N,Mantis,Revise the RFA library
72428,Revise the RFA library,Revise the RFA library,2,N,Mantis,Revise the RFA library
72427,Revise the RFA library,Revise the RFA library,2,N,Mantis,Revise the RFA library
72426,Revise the RFA library,Revise the RFA library,2,N,Mantis,Revise the RFA library
72425,Revise the RFA library,Revise the RFA library,2,N,Mantis,Revise the RFA library
72424,Revise the RFA library,Revise the RFA library,2,N,Mantis,Revise the RFA library
72422,Revise the RFA library,Revise the RFA library,2,N,Mantis,Revise the RFA library
72421,Revise the RFA library,Revise the RFA library,2,N,Mantis,Revise the RFA library
72420,Revise the RFA library,Revise the RFA library,2,N,Mantis,Revise the RFA library
72419,Revise the RFA library,Revise the RFA library,2,N,Mantis,Revise the RFA library
72418,Revise the RFA library,Revise the RFA library,2,N,Mantis,Revise the RFA library
72417,Revise the RFA library,Revise the RFA library,2,N,Mantis,Revise the RFA library
72416,Revise the RFA library,Revise the RFA library,2,N,Mantis,Revise the RFA library
72414,Revise the RFA library,Revise the RFA library,2,N,Mantis,Revise the RFA library
72413,Revise the RFA library,Revise the RFA library,2,N,Mantis,Revise the RFA library
72412,Revise the RFA library,Revise the RFA library,2,N,Mantis,Revise the RFA library
72411,Revise the RFA library,Revise the RFA library,2,N,Mantis,Revise the RFA library
72410,Revise the RFA library,Revise the RFA library,2,N,Mantis,Revise the RFA library
72409,Revise the RFA library,Revise the RFA library,2,N,Mantis,Revise the RFA library
72408,Revise the RFA library,Revise the RFA library,2,N,Mantis,Revise the RFA library
72407,Revise the RFA library,Revise the RFA library,2,N,Mantis,Revise the RFA library
72406,Revise the RFA library,Revise the RFA library,2,N,Mantis,Revise the RFA library
72405,Revise the RFA library,Revise the RFA library,2,N,Mantis,Revise the RFA library
72404,Revise the RFA library,Revise the RFA library,2,N,Mantis,Revise the RFA library
72403,Revise the RFA library,Revise the RFA library,2,N,Mantis,Revise the RFA library
72402,Revise the RFA library,Revise the RFA library,2,N,Mantis,Revise the RFA library
72401,Revise the RFA library,Revise the RFA library,2,N,Mantis,Revise the RFA library
72400,Revise the RFA library,Revise the RFA library,2,N,Mantis,Revise the RFA library
72399,Revise the RFA library,Revise the RFA library,2,N,Mantis,Revise the RFA library
72398,Revise the RFA library,Revise the RFA library,2,N,Mantis,Revise the RFA library
72397,Revise the RFA library,Revise the RFA library,2,N,Mantis,Revise the RFA library
72396,Revise the RFA library,Revise the RFA library,2,N,Mantis,Revise the RFA library
72395,Revise the RFA library,Revise the RFA library,2,N,Mantis,Revise the RFA library
72394,Revise the RFA library,Revise the RFA library,2,N,Mantis,Revise the RFA library
72393,Revise the RFA library,Revise the RFA library,2,N,Mantis,Revise the RFA library
72392,Revise the RFA library,Revise the RFA library,2,N,Mantis,Revise the RFA library
72391,Revise the RFA library,Revise the RFA library,2,N,Mantis,Revise the RFA library
72390,Revise the RFA library,Revise the RFA library,2,N,Mantis,Revise the RFA library
72389,Revise the RFA library,Revise the RFA library,2,N,Mantis,Revise the RFA library
72388,Revise the RFA library,Revise the RFA library,2,N,Mantis,Revise the RFA library
72387,Revise the RFA library,Revise the RFA library,2,N,Mantis,Revise the RFA library
72386,Revise the RFA library,Revise the RFA library,2,N,Mantis,Revise the RFA library
72385,Revise the RFA library,Revise the RFA library,2,N,Mantis,Revise the RFA library
72384,Revise the RFA library,Revise the RFA library,2,N,Mantis,Revise the RFA library
72383,Revise the RFA library,Revise the RFA library,2,N,Mantis,Revise the RFA library
72382,Revise the RFA library,Revise the RFA library,2,N,Mantis,Revise the RFA library
72381,Revise the RFA library,Revise the RFA library,2,N,Mantis,Revise the RFA library
72380,Revise the RFA library,Revise the RFA library,2,N,Mantis,Revise the RFA library
72379,Revise the RFA library,Revise the RFA library,2,N,Mantis,Revise the RFA library
72378,Revise the RFA library,Revise the RFA library,2,N,Mantis,Revise the RFA library
72377,Revise the RFA library,Revise the RFA library,2,N,Mantis,Revise the RFA library
72376,Revise the RFA library,Revise the RFA library,2,N,Mantis,Revise the RFA library
72375,Revise the RFA library,Revise the RFA library,2,N,Mantis,Revise the RFA library
72374,Revise the RFA library,Revise the RFA library,2,N,Mantis,Revise the RFA library
72373,Revise the RFA library,Revise the RFA library,2,N,Mantis,Revise the RFA library
72372,Revise the RFA library,Revise the RFA library,2,N,Mantis,Revise the RFA library
72371,Revise the RFA library,Revise the RFA library,2,N,Mantis,Revise the RFA library
72370,Revise the RFA library,Revise the RFA library,2,N,Mantis,Revise the RFA library
72369,Revise the RFA library,Revise the RFA library,2,N,Mantis,Revise the RFA library
72368,Revise the RFA library,Revise the RFA library,2,N,Mantis,Revise the RFA library
72367,Revise the RFA library,Revise the RFA library,2,N,Mantis,Revise the RFA library
72366,Revise the RFA library,Revise the RFA library,2,N,Mantis,Revise the RFA library
72365,Revise the RFA library,Revise the RFA library,2,N,Mantis,Revise the RFA library
72364,Revise the RFA library,Revise the RFA library,2,N,Mantis,Revise the RFA library
72363,Revise the RFA library,Revise the RFA library,2,N,Mantis,Revise the RFA library
72362,Revise the RFA library,Revise the RFA library,2,N,Mantis,Revise the RFA library
72361,Revise the RFA library,Revise the RFA library,2,N,Mantis,Revise the RFA library
72360,Revise the RFA library,Revise the RFA library,2,N,Mantis,Revise the RFA library
72359,Revise the RFA library,Revise the RFA library,2,N,Mantis,Revise the RFA library
72358,Revise the RFA library,Revise the RFA library,2,N,Mantis,Revise the RFA library
72357,Revise the RFA library,Revise the RFA library,2,N,Mantis,Revise the RFA library
72356,Revise the RFA library,Revise the RFA library,2,N,Mantis,Revise the RFA library
72355,Revise the RFA library,Revise the RFA library,2,N,Mantis,Revise the RFA library
72354,Revise the RFA library,Revise the RFA library,2,N,Mantis,Revise the RFA library
72353,Revise the RFA library,Revise the RFA library,2,N,Mantis,Revise the RFA library
72352,Revise the RFA library,Revise the RFA library,2,N,Mantis,Revise the RFA library
72351,Revise the RFA library,Revise the RFA library,2,N,Mantis,Revise the RFA library
72350,Revise the RFA library,Revise the RFA library,2,N,Mantis,Revise the RFA library
72349,Revise the RFA library,Revise the RFA library,2,N,Mantis,Revise the RFA library
72348,Revise the RFA library,Revise the RFA library,2,N,Mantis,Revise the RFA library
72347,Revise the RFA library,Revise the RFA library,2,N,Mantis,Revise the RFA library
72346,Revise the RFA library,Revise the RFA library,2,N,Mantis,Revise the RFA library
72345,Revise the RFA library,Revise the RFA library,2,N,Mantis,Revise the RFA library
72344,Revise the RFA library,Revise the RFA library,2,N,Mantis,Revise the RFA library
72343,Revise the RFA library,Revise the RFA library,2,N,Mantis,Revise the RFA library
72342,Revise the RFA library,Revise the RFA library,2,N,Mantis,Revise the RFA library
72341,Revise the RFA library,Revise the RFA library,2,N,Mantis,Revise the RFA library
72340,Revise the RFA library,Revise the RFA library,2,N,Mantis,Revise the RFA library
72339,Revise the RFA library,Revise the RFA library,2,N,Mantis,Revise the RFA library
72338,Revise the RFA library,Revise the RFA library,2,N,Mantis,Revise the RFA library
72337,Revise the RFA library,Revise the RFA library,2,N,Mantis,Revise the RFA library
72336,Revise the RFA library,Revise the RFA library,2,N,Mantis,Revise the RFA library
72335,Revise the RFA library,Revise the RFA library,2,N,Mantis,Revise the RFA library
72334,Revise the RFA library,Revise the RFA library,2,N,Mantis,Revise the RFA library
72333,Revise the RFA library,Revise the RFA library,2,N,Mantis,Revise the RFA library
72332,Revise the RFA library,Revise the RFA library,2,N,Mantis,Revise the RFA library
72331,Revise the RFA library,Revise the RFA library,2,N,Mantis,Revise the RFA library
72330,Revise the RFA library,Revise the RFA library,2,N,Mantis,Revise the RFA library
72329,Revise the RFA library,Revise the RFA library,2,N,Mantis,Revise the RFA library
72328,Revise the RFA library,Revise the RFA library,2,N,Mantis,Revise the RFA library
72327,Revise the RFA library,Revise the RFA library,2,N,Mantis,Revise the RFA library
72326,Revise the RFA library,Revise the RFA library,2,N,Mantis,Revise the RFA library
72325,Revise the RFA library,Revise the RFA library,2,N,Mantis,Revise the RFA library
72324,Revise the RFA library,Revise the RFA library,2,N,Mantis,Revise the RFA library
72323,Revise the RFA library,Revise the RFA library,2,N,Mantis,Revise the RFA library
72322,Revise the RFA library,Revise the RFA library,2,N,Mantis,Revise the RFA library
72321,Revise the RFA library,Revise the RFA library,2,N,Mantis,Revise the RFA library
72320,Revise the RFA library,Revise the RFA library,2,N,Mantis,Revise the RFA library
72319,Revise the RFA library,Revise the RFA library,2,N,Mantis,Revise the RFA library
72318,Revise the RFA library,Revise the RFA library,2,N,Mantis,Revise the RFA library
72317,Revise the RFA library,Revise the RFA library,2,N,Mantis,Revise the RFA library
72316,Revise the RFA library,Revise the RFA library,2,N,Mantis,Revise the RFA library
72315,Revise the RFA library,Revise the RFA library,2,N,Mantis,Revise the RFA library
72313,Revise the RFA library,Revise the RFA library,2,N,Mantis,Revise the RFA library
72302,Revise the RFA library,Revise the RFA library,2,N,Mantis,Revise the RFA library
72301,Revise the RFA library,Revise the RFA library,2,N,Mantis,Revise the RFA library
72300,Revise the RFA library,Revise the RFA library,2,N,Mantis,Revise the RFA library
72299,Revise the RFA library,Revise the RFA library,2,N,Mantis,Revise the RFA library
72298,Revise the RFA library,Revise the RFA library,2,N,Mantis,Revise the RFA library
72297,Revise the RFA library,Revise the RFA library,2,N,Mantis,Revise the RFA library
72296,Revise the RFA library,Revise the RFA library,2,N,Mantis,Revise the RFA library
72295,Revise the RFA library,Revise the RFA library,2,N,Mantis,Revise the RFA library
72294,Revise the RFA library,Revise the RFA library,2,N,Mantis,Revise the RFA library
72293,Revise the RFA library,Revise the RFA library,2,N,Mantis,Revise the RFA library
72292,Revise the RFA library,Revise the RFA library,2,N,Mantis,Revise the RFA library
72290,Revise the RFA library,Revise the RFA library,2,N,Mantis,Revise the RFA library
72289,Revise the RFA library,Revise the RFA library,2,N,Mantis,Revise the RFA library
72288,Revise the RFA library,Revise the RFA library,2,N,Mantis,Revise the RFA library
72287,Revise the RFA library,Revise the RFA library,2,N,Mantis,Revise the RFA library
72286,Revise the RFA library,Revise the RFA library,2,N,Mantis,Revise the RFA library
72285,Revise the RFA library,Revise the RFA library,2,N,Mantis,Revise the RFA library
72284,Revise the RFA library,Revise the RFA library,2,N,Mantis,Revise the RFA library
72283,Revise the RFA library,Revise the RFA library,2,N,Mantis,Revise the RFA library
72282,Revise the RFA library,Revise the RFA library,2,N,Mantis,Revise the RFA library
72281,Revise the RFA library,Revise the RFA library,2,N,Mantis,Revise the RFA library
72280,Revise the RFA library,Revise the RFA library,2,N,Mantis,Revise the RFA library
72279,Revise the RFA library,Revise the RFA library,2,N,Mantis,Revise the RFA library
72277,Revise the RFA library,Revise the RFA library,2,N,Mantis,Revise the RFA library
72276,Revise the RFA library,Revise the RFA library,2,N,Mantis,Revise the RFA library
72275,Revise the RFA library,Revise the RFA library,2,N,Mantis,Revise the RFA library
72274,Revise the RFA library,Revise the RFA library,2,N,Mantis,Revise the RFA library
72273,Revise the RFA library,Revise the RFA library,2,N,Mantis,Revise the RFA library
72272,Revise the RFA library,Revise the RFA library,2,N,Mantis,Revise the RFA library
72271,Revise the RFA library,Revise the RFA library,2,N,Mantis,Revise the RFA library
72270,Revise the RFA library,Revise the RFA library,2,N,Mantis,Revise the RFA library
72269,Revise the RFA library,Revise the RFA library,2,N,Mantis,Revise the RFA library
72268,Revise the RFA library,Revise the RFA library,2,N,Mantis,Revise the RFA library
72267,Revise the RFA library,Revise the RFA library,2,N,Mantis,Revise the RFA library
72266,Revise the RFA library,Revise the RFA library,2,N,Mantis,Revise the RFA library
72265,Revise the RFA library,Revise the RFA library,2,N,Mantis,Revise the RFA library
72264,Revise the RFA library,Revise the RFA library,2,N,Mantis,Revise the RFA library
72263,Revise the RFA library,Revise the RFA library,2,N,Mantis,Revise the RFA library
72262,Revise the RFA library,Revise the RFA library,2,N,Mantis,Revise the RFA library
72261,Revise the RFA library,Revise the RFA library,2,N,Mantis,Revise the RFA library
72260,Revise the RFA library,Revise the RFA library,2,N,Mantis,Revise the RFA library
72259,Revise the RFA library,Revise the RFA library,2,N,Mantis,Revise the RFA library
72258,Revise the RFA library,Revise the RFA library,2,N,Mantis,Revise the RFA library
72257,Revise the RFA library,Revise the RFA library,2,N,Mantis,Revise the RFA library
72256,Revise the RFA library,Revise the RFA library,2,N,Mantis,Revise the RFA library
72255,Revise the RFA library,Revise the RFA library,2,N,Mantis,Revise the RFA library
72254,Revise the RFA library,Revise the RFA library,2,N,Mantis,Revise the RFA library
72253,Revise the RFA library,Revise the RFA library,2,N,Mantis,Revise the RFA library
72252,Revise the RFA library,Revise the RFA library,2,N,Mantis,Revise the RFA library
72251,Revise the RFA library,Revise the RFA library,2,N,Mantis,Revise the RFA library
72250,Revise the RFA library,Revise the RFA library,2,N,Mantis,Revise the RFA library
72249,Revise the RFA library,Revise the RFA library,2,N,Mantis,Revise the RFA library
72248,Revise the RFA library,Revise the RFA library,2,N,Mantis,Revise the RFA library
72247,Revise the RFA library,Revise the RFA library,2,N,Mantis,Revise the RFA library
72246,Revise the RFA library,Revise the RFA library,2,N,Mantis,Revise the RFA library
72245,Revise the RFA library,Revise the RFA library,2,N,Mantis,Revise the RFA library
72244,Revise the RFA library,Revise the RFA library,2,N,Mantis,Revise the RFA library
72243,Revise the RFA library,Revise the RFA library,2,N,Mantis,Revise the RFA library
72242,Revise the RFA library,Revise the RFA library,2,N,Mantis,Revise the RFA library
72241,Revise the RFA library,Revise the RFA library,2,N,Mantis,Revise the RFA library
72240,Revise the RFA library,Revise the RFA library,2,N,Mantis,Revise the RFA library
72239,Revise the RFA library,Revise the RFA library,2,N,Mantis,Revise the RFA library
72238,Revise the RFA library,Revise the RFA library,2,N,Mantis,Revise the RFA library
72237,Revise the RFA library,Revise the RFA library,2,N,Mantis,Revise the RFA library
72236,Revise the RFA library,Revise the RFA library,2,N,Mantis,Revise the RFA library
72235,Revise the RFA library,Revise the RFA library,2,N,Mantis,Revise the RFA library
72234,Revise the RFA library,Revise the RFA library,2,N,Mantis,Revise the RFA library
72233,Revise the RFA library,Revise the RFA library,2,N,Mantis,Revise the RFA library
72232,Revise the RFA library,Revise the RFA library,2,N,Mantis,Revise the RFA library
72231,Revise the RFA library,Revise the RFA library,2,N,Mantis,Revise the RFA library
72229,Revise the RFA library,Revise the RFA library,2,N,Mantis,Revise the RFA library
72228,Revise the RFA library,Revise the RFA library,2,N,Mantis,Revise the RFA library
72227,Revise the RFA library,Revise the RFA library,2,N,Mantis,Revise the RFA library
72226,Revise the RFA library,Revise the RFA library,2,N,Mantis,Revise the RFA library
72225,Revise the RFA library,Revise the RFA library,2,N,Mantis,Revise the RFA library
72224,Revise the RFA library,Revise the RFA library,2,N,Mantis,Revise the RFA library
72223,Revise the RFA library,Revise the RFA library,2,N,Mantis,Revise the RFA library
72222,Revise the RFA library,Revise the RFA library,2,N,Mantis,Revise the RFA library
72221,Revise the RFA library,Revise the RFA library,2,N,Mantis,Revise the RFA library
72220,Revise the RFA library,Revise the RFA library,2,N,Mantis,Revise the RFA library
72219,Revise the RFA library,Revise the RFA library,2,N,Mantis,Revise the RFA library
72218,Revise the RFA library,Revise the RFA library,2,N,Mantis,Revise the RFA library
72217,Revise the RFA library,Revise the RFA library,2,N,Mantis,Revise the RFA library
72216,Revise the RFA library,Revise the RFA library,2,N,Mantis,Revise the RFA library
72215,Revise the RFA library,Revise the RFA library,2,N,Mantis,Revise the RFA library
72214,Revise the RFA library,Revise the RFA library,2,N,Mantis,Revise the RFA library
72213,Revise the RFA library,Revise the RFA library,2,N,Mantis,Revise the RFA library
72212,Revise the RFA library,Revise the RFA library,2,N,Mantis,Revise the RFA library
72211,Revise the RFA library,Revise the RFA library,2,N,Mantis,Revise the RFA library
72210,Revise the RFA library,Revise the RFA library,2,N,Mantis,Revise the RFA library
72209,Revise the RFA library,Revise the RFA library,2,N,Mantis,Revise the RFA library
72208,Revise the RFA library,Revise the RFA library,2,N,Mantis,Revise the RFA library
72207,Revise the RFA library,Revise the RFA library,2,N,Mantis,Revise the RFA library
72206,Revise the RFA library,Revise the RFA library,2,N,Mantis,Revise the RFA library
72205,Revise the RFA library,Revise the RFA library,2,N,Mantis,Revise the RFA library
72204,Revise the RFA library,Revise the RFA library,2,N,Mantis,Revise the RFA library
72203,Revise the RFA library,Revise the RFA library,2,N,Mantis,Revise the RFA library
72202,Revise the RFA library,Revise the RFA library,2,N,Mantis,Revise the RFA library
72201,Revise the RFA library,Revise the RFA library,2,N,Mantis,Revise the RFA library
72200,Revise the RFA library,Revise the RFA library,2,N,Mantis,Revise the RFA library
72199,Revise the RFA library,Revise the RFA library,2,N,Mantis,Revise the RFA library
72198,Revise the RFA library,Revise the RFA library,2,N,Mantis,Revise the RFA library
72196,Revise the RFA library,Revise the RFA library,2,N,Mantis,Revise the RFA library
72195,Revise the RFA library,Revise the RFA library,2,N,Mantis,Revise the RFA library
72177,Revise the RFA library,Revise the RFA library,2,N,Mantis,Revise the RFA library
72176,Revise the RFA library,Revise the RFA library,2,N,Mantis,Revise the RFA library
72175,Revise the RFA library,Revise the RFA library,2,N,Mantis,Revise the RFA library
72174,Revise the RFA library,Revise the RFA library,2,N,Mantis,Revise the RFA library
72173,Revise the RFA library,Revise the RFA library,2,N,Mantis,Revise the RFA library
72172,Revise the RFA library,Revise the RFA library,2,N,Mantis,Revise the RFA library
72171,Revise the RFA library,Revise the RFA library,2,N,Mantis,Revise the RFA library
72170,Revise the RFA library,Revise the RFA library,2,N,Mantis,Revise the RFA library
72169,Revise the RFA library,Revise the RFA library,2,N,Mantis,Revise the RFA library
72168,Revise the RFA library,Revise the RFA library,2,N,Mantis,Revise the RFA library
72167,Revise the RFA library,Revise the RFA library,2,N,Mantis,Revise the RFA library
72158,Revise the RFA library,Revise the RFA library,2,N,Mantis,Revise the RFA library
72157,Revise the RFA library,Revise the RFA library,2,N,Mantis,Revise the RFA library
72156,Revise the RFA library,Revise the RFA library,2,N,Mantis,Revise the RFA library
72136,Revise the RFA library,Revise the RFA library,2,N,Mantis,Revise the RFA library
72130,Framework deliverables,Framework deliverables,10,N,Mantis,Framework deliverables
72129,Framework deliverables,Framework deliverables,10,N,Mantis,Framework deliverables
72116,Sample Model + Output Data,Sample Model + Output Data,3,N,Mantis,Sample Model + Output Data
72115,Sample Model + Output Data,Sample Model + Output Data,3,N,Mantis,Sample Model + Output Data
72114,Sample Model + Output Data,Sample Model + Output Data,3,N,Mantis,Sample Model + Output Data
72113,Sample Model + Output Data,Sample Model + Output Data,3,N,Mantis,Sample Model + Output Data
72112,Sample Model + Output Data,Sample Model + Output Data,3,N,Mantis,Sample Model + Output Data
72111,Sample Model + Output Data,Sample Model + Output Data,3,N,Mantis,Sample Model + Output Data
72106,Revise the RFA library,Revise the RFA library,2,N,Mantis,Revise the RFA library
72105,Revise the RFA library,Revise the RFA library,2,N,Mantis,Revise the RFA library
72104,Revise the RFA library,Revise the RFA library,2,N,Mantis,Revise the RFA library
72103,Revise the RFA library,Revise the RFA library,2,N,Mantis,Revise the RFA library
72102,Revise the RFA library,Revise the RFA library,2,N,Mantis,Revise the RFA library
72101,Revise the RFA library,Revise the RFA library,2,N,Mantis,Revise the RFA library
72100,Revise the RFA library,Revise the RFA library,2,N,Mantis,Revise the RFA library
72099,Framework deliverables,Framework deliverables,10,N,Mantis,Framework deliverables
72098,Framework deliverables,Framework deliverables,10,N,Mantis,Framework deliverables
72097,Framework deliverables,Framework deliverables,10,N,Mantis,Framework deliverables
72096,Framework deliverables,Framework deliverables,10,N,Mantis,Framework deliverables
72095,Revise the RFA library,Revise the RFA library,2,N,Mantis,Revise the RFA library
72094,Framework deliverables,Framework deliverables,10,N,Mantis,Framework deliverables
72093,Revise the RFA library,Revise the RFA library,2,N,Mantis,Revise the RFA library
72092,Revise the RFA library,Revise the RFA library,2,N,Mantis,Revise the RFA library
72091,Revise the RFA library,Revise the RFA library,2,N,Mantis,Revise the RFA library
72090,Revise the RFA library,Revise the RFA library,2,N,Mantis,Revise the RFA library
72089,Revise the RFA library,Revise the RFA library,2,N,Mantis,Revise the RFA library
72088,Revise the RFA library,Revise the RFA library,2,N,Mantis,Revise the RFA library
72087,Revise the RFA library,Revise the RFA library,2,N,Mantis,Revise the RFA library
72086,Revise the RFA library,Revise the RFA library,2,N,Mantis,Revise the RFA library
72085,Revise the RFA library,Revise the RFA library,2,N,Mantis,Revise the RFA library
72084,Revise the RFA library,Revise the RFA library,2,N,Mantis,Revise the RFA library
72083,Revise the RFA library,Revise the RFA library,2,N,Mantis,Revise the RFA library
72082,Revise the RFA library,Revise the RFA library,2,N,Mantis,Revise the RFA library
72081,Revise the RFA library,Revise the RFA library,2,N,Mantis,Revise the RFA library
72080,Revise the RFA library,Revise the RFA library,2,N,Mantis,Revise the RFA library
72079,Revise the RFA library,Revise the RFA library,2,N,Mantis,Revise the RFA library
72078,Revise the RFA library,Revise the RFA library,2,N,Mantis,Revise the RFA library
72077,Revise the RFA library,Revise the RFA library,2,N,Mantis,Revise the RFA library
72076,Revise the RFA library,Revise the RFA library,2,N,Mantis,Revise the RFA library
72074,Revise the RFA library,Revise the RFA library,2,N,Mantis,Revise the RFA library
72073,Revise the RFA library,Revise the RFA library,2,N,Mantis,Revise the RFA library
72072,Revise the RFA library,Revise the RFA library,2,N,Mantis,Revise the RFA library
72071,Revise the RFA library,Revise the RFA library,2,N,Mantis,Revise the RFA library
72070,Revise the RFA library,Revise the RFA library,2,N,Mantis,Revise the RFA library
72069,Revise the RFA library,Revise the RFA library,2,N,Mantis,Revise the RFA library
72068,Revise the RFA library,Revise the RFA library,2,N,Mantis,Revise the RFA library
72067,Revise the RFA library,Revise the RFA library,2,N,Mantis,Revise the RFA library
72066,Revise the RFA library,Revise the RFA library,2,N,Mantis,Revise the RFA library
72065,Revise the RFA library,Revise the RFA library,2,N,Mantis,Revise the RFA library
72064,Revise the RFA library,Revise the RFA library,2,N,Mantis,Revise the RFA library
72063,Revise the RFA library,Revise the RFA library,2,N,Mantis,Revise the RFA library
72062,Revise the RFA library,Revise the RFA library,2,N,Mantis,Revise the RFA library
72061,Revise the RFA library,Revise the RFA library,2,N,Mantis,Revise the RFA library
72060,Revise the RFA library,Revise the RFA library,2,N,Mantis,Revise the RFA library
72059,Revise the RFA library,Revise the RFA library,2,N,Mantis,Revise the RFA library
72058,Revise the RFA library,Revise the RFA library,2,N,Mantis,Revise the RFA library
72057,Revise the RFA library,Revise the RFA library,2,N,Mantis,Revise the RFA library
72056,Revise the RFA library,Revise the RFA library,2,N,Mantis,Revise the RFA library
72055,Revise the RFA library,Revise the RFA library,2,N,Mantis,Revise the RFA library
72054,Revise the RFA library,Revise the RFA library,2,N,Mantis,Revise the RFA library
72053,Revise the RFA library,Revise the RFA library,2,N,Mantis,Revise the RFA library
72052,Revise the RFA library,Revise the RFA library,2,N,Mantis,Revise the RFA library
72051,Revise the RFA library,Revise the RFA library,2,N,Mantis,Revise the RFA library
72050,Revise the RFA library,Revise the RFA library,2,N,Mantis,Revise the RFA library
72049,Revise the RFA library,Revise the RFA library,2,N,Mantis,Revise the RFA library
72048,Revise the RFA library,Revise the RFA library,2,N,Mantis,Revise the RFA library
72046,Revise the RFA library,Revise the RFA library,2,N,Mantis,Revise the RFA library
72043,Revise the RFA library,Revise the RFA library,2,N,Mantis,Revise the RFA library
72042,Revise the RFA library,Revise the RFA library,2,N,Mantis,Revise the RFA library
72041,Revise the RFA library,Revise the RFA library,2,N,Mantis,Revise the RFA library
72040,Revise the RFA library,Revise the RFA library,2,N,Mantis,Revise the RFA library
72039,Revise the RFA library,Revise the RFA library,2,N,Mantis,Revise the RFA library
72038,Revise the RFA library,Revise the RFA library,2,N,Mantis,Revise the RFA library
72037,Revise the RFA library,Revise the RFA library,2,N,Mantis,Revise the RFA library
72035,Revise the RFA library,Revise the RFA library,2,N,Mantis,Revise the RFA library
72032,Revise the RFA library,Revise the RFA library,2,N,Mantis,Revise the RFA library
72025,Revise the RFA library,Revise the RFA library,2,N,Mantis,Revise the RFA library
72024,Revise the RFA library,Revise the RFA library,2,N,Mantis,Revise the RFA library
72023,Revise the RFA library,Revise the RFA library,2,N,Mantis,Revise the RFA library
72022,Revise the RFA library,Revise the RFA library,2,N,Mantis,Revise the RFA library
72021,Revise the RFA library,Revise the RFA library,2,N,Mantis,Revise the RFA library
72020,Revise the RFA library,Revise the RFA library,2,N,Mantis,Revise the RFA library
72019,Revise the RFA library,Revise the RFA library,2,N,Mantis,Revise the RFA library
72018,Revise the RFA library,Revise the RFA library,2,N,Mantis,Revise the RFA library
72017,Revise the RFA library,Revise the RFA library,2,N,Mantis,Revise the RFA library
72016,Revise the RFA library,Revise the RFA library,2,N,Mantis,Revise the RFA library
72015,Revise the RFA library,Revise the RFA library,2,N,Mantis,Revise the RFA library
72014,Revise the RFA library,Revise the RFA library,2,N,Mantis,Revise the RFA library
72013,Revise the RFA library,Revise the RFA library,2,N,Mantis,Revise the RFA library
72012,Revise the RFA library,Revise the RFA library,2,N,Mantis,Revise the RFA library
72011,Revise the RFA library,Revise the RFA library,2,N,Mantis,Revise the RFA library
72010,Revise the RFA library,Revise the RFA library,2,N,Mantis,Revise the RFA library
72009,Revise the RFA library,Revise the RFA library,2,N,Mantis,Revise the RFA library
72008,Revise the RFA library,Revise the RFA library,2,N,Mantis,Revise the RFA library
72007,Revise the RFA library,Revise the RFA library,2,N,Mantis,Revise the RFA library
72006,Revise the RFA library,Revise the RFA library,2,N,Mantis,Revise the RFA library
72005,Revise the RFA library,Revise the RFA library,2,N,Mantis,Revise the RFA library
72003,Revise the RFA library,Revise the RFA library,2,N,Mantis,Revise the RFA library
72002,Revise the RFA library,Revise the RFA library,2,N,Mantis,Revise the RFA library
72001,Revise the RFA library,Revise the RFA library,2,N,Mantis,Revise the RFA library
72000,Revise the RFA library,Revise the RFA library,2,N,Mantis,Revise the RFA library
71999,Revise the RFA library,Revise the RFA library,2,N,Mantis,Revise the RFA library
71998,Revise the RFA library,Revise the RFA library,2,N,Mantis,Revise the RFA library
71997,Revise the RFA library,Revise the RFA library,2,N,Mantis,Revise the RFA library
71996,Revise the RFA library,Revise the RFA library,2,N,Mantis,Revise the RFA library
71994,Revise the RFA library,Revise the RFA library,2,N,Mantis,Revise the RFA library
71992,Revise the RFA library,Revise the RFA library,2,N,Mantis,Revise the RFA library
71991,Revise the RFA library,Revise the RFA library,2,N,Mantis,Revise the RFA library
71990,Revise the RFA library,Revise the RFA library,2,N,Mantis,Revise the RFA library
71989,Revise the RFA library,Revise the RFA library,2,N,Mantis,Revise the RFA library
71988,Revise the RFA library,Revise the RFA library,2,N,Mantis,Revise the RFA library
71931,Revise the RFA library,Revise the RFA library,2,N,Mantis,Revise the RFA library
71930,Revise the RFA library,Revise the RFA library,2,N,Mantis,Revise the RFA library
71929,Revise the RFA library,Revise the RFA library,2,N,Mantis,Revise the RFA library
71928,Revise the RFA library,Revise the RFA library,2,N,Mantis,Revise the RFA library
71927,Revise the RFA library,Revise the RFA library,2,N,Mantis,Revise the RFA library
71926,Revise the RFA library,Revise the RFA library,2,N,Mantis,Revise the RFA library
71925,Revise the RFA library,Revise the RFA library,2,N,Mantis,Revise the RFA library
71924,Revise the RFA library,Revise the RFA library,2,N,Mantis,Revise the RFA library
71923,Revise the RFA library,Revise the RFA library,2,N,Mantis,Revise the RFA library
71922,Revise the RFA library,Revise the RFA library,2,N,Mantis,Revise the RFA library
71921,Revise the RFA library,Revise the RFA library,2,N,Mantis,Revise the RFA library
71920,Revise the RFA library,Revise the RFA library,2,N,Mantis,Revise the RFA library
71919,Revise the RFA library,Revise the RFA library,2,N,Mantis,Revise the RFA library
71918,Revise the RFA library,Revise the RFA library,2,N,Mantis,Revise the RFA library
71902,Framework deliverables,Framework deliverables,10,N,Mantis,Framework deliverables
71899,Framework deliverables,Framework deliverables,10,N,Mantis,Framework deliverables
71877,Revise the RFA library,Revise the RFA library,2,N,Mantis,Revise the RFA library
71876,Revise the RFA library,Revise the RFA library,2,N,Mantis,Revise the RFA library
71875,Revise the RFA library,Revise the RFA library,2,N,Mantis,Revise the RFA library
71874,Revise the RFA library,Revise the RFA library,2,N,Mantis,Revise the RFA library
71873,Revise the RFA library,Revise the RFA library,2,N,Mantis,Revise the RFA library
71872,Revise the RFA library,Revise the RFA library,2,N,Mantis,Revise the RFA library
71871,Revise the RFA library,Revise the RFA library,2,N,Mantis,Revise the RFA library
71870,Revise the RFA library,Revise the RFA library,2,N,Mantis,Revise the RFA library
71869,Revise the RFA library,Revise the RFA library,2,N,Mantis,Revise the RFA library
71868,Revise the RFA library,Revise the RFA library,2,N,Mantis,Revise the RFA library
71867,Revise the RFA library,Revise the RFA library,2,N,Mantis,Revise the RFA library
71866,Revise the RFA library,Revise the RFA library,2,N,Mantis,Revise the RFA library
71865,Revise the RFA library,Revise the RFA library,2,N,Mantis,Revise the RFA library
71864,Revise the RFA library,Revise the RFA library,2,N,Mantis,Revise the RFA library
71863,Revise the RFA library,Revise the RFA library,2,N,Mantis,Revise the RFA library
71862,Revise the RFA library,Revise the RFA library,2,N,Mantis,Revise the RFA library
71861,Revise the RFA library,Revise the RFA library,2,N,Mantis,Revise the RFA library
71860,Revise the RFA library,Revise the RFA library,2,N,Mantis,Revise the RFA library
71858,Output Checklists,Output Checklists,7,N,Mantis,Output Checklists
71857,Sample Model + Output Data,Sample Model + Output Data,3,N,Mantis,Sample Model + Output Data
71856,Sample Model + Output Data,Sample Model + Output Data,3,N,Mantis,Sample Model + Output Data
71855,Sample Model + Output Data,Sample Model + Output Data,3,N,Mantis,Sample Model + Output Data
71854,Sample Model + Output Data,Sample Model + Output Data,3,N,Mantis,Sample Model + Output Data
71853,Sample Model + Output Data,Sample Model + Output Data,3,N,Mantis,Sample Model + Output Data
71852,Sample Model + Output Data,Sample Model + Output Data,3,N,Mantis,Sample Model + Output Data
71851,Sample Model + Output Data,Sample Model + Output Data,3,N,Mantis,Sample Model + Output Data
71850,Revise the RFA library,Revise the RFA library,2,N,Mantis,Revise the RFA library
71847,Revise the RFA library,Revise the RFA library,2,N,Mantis,Revise the RFA library
71846,Revise the RFA library,Revise the RFA library,2,N,Mantis,Revise the RFA library
71843,Revise the RFA library,Revise the RFA library,2,N,Mantis,Revise the RFA library
71842,Revise the RFA library,Revise the RFA library,2,N,Mantis,Revise the RFA library
71834,Revise the RFA library,Revise the RFA library,2,N,Mantis,Revise the RFA library
71833,Revise the RFA library,Revise the RFA library,2,N,Mantis,Revise the RFA library
71832,Revise the RFA library,Revise the RFA library,2,N,Mantis,Revise the RFA library
71831,Revise the RFA library,Revise the RFA library,2,N,Mantis,Revise the RFA library
71830,Revise the RFA library,Revise the RFA library,2,N,Mantis,Revise the RFA library
71828,Revise the RFA library,Revise the RFA library,2,N,Mantis,Revise the RFA library
71826,Revise the RFA library,Revise the RFA library,2,N,Mantis,Revise the RFA library
71825,Revise the RFA library,Revise the RFA library,2,N,Mantis,Revise the RFA library
71824,Revise the RFA library,Revise the RFA library,2,N,Mantis,Revise the RFA library
71823,Revise the RFA library,Revise the RFA library,2,N,Mantis,Revise the RFA library
71822,Revise the RFA library,Revise the RFA library,2,N,Mantis,Revise the RFA library
71821,Revise the RFA library,Revise the RFA library,2,N,Mantis,Revise the RFA library
71820,Revise the RFA library,Revise the RFA library,2,N,Mantis,Revise the RFA library
71808,Revise the RFA library,Revise the RFA library,2,N,Mantis,Revise the RFA library
71807,Revise the RFA library,Revise the RFA library,2,N,Mantis,Revise the RFA library
71806,Revise the RFA library,Revise the RFA library,2,N,Mantis,Revise the RFA library
71805,Revise the RFA library,Revise the RFA library,2,N,Mantis,Revise the RFA library
71799,Revise the RFA library,Revise the RFA library,2,N,Mantis,Revise the RFA library
71798,Revise the RFA library,Revise the RFA library,2,N,Mantis,Revise the RFA library
71797,Revise the RFA library,Revise the RFA library,2,N,Mantis,Revise the RFA library
71796,Revise the RFA library,Revise the RFA library,2,N,Mantis,Revise the RFA library
71795,Revise the RFA library,Revise the RFA library,2,N,Mantis,Revise the RFA library
71794,Revise the RFA library,Revise the RFA library,2,N,Mantis,Revise the RFA library
71793,Revise the RFA library,Revise the RFA library,2,N,Mantis,Revise the RFA library
71792,Revise the RFA library,Revise the RFA library,2,N,Mantis,Revise the RFA library
71791,Revise the RFA library,Revise the RFA library,2,N,Mantis,Revise the RFA library
71790,Revise the RFA library,Revise the RFA library,2,N,Mantis,Revise the RFA library
71789,Revise the RFA library,Revise the RFA library,2,N,Mantis,Revise the RFA library
71788,Revise the RFA library,Revise the RFA library,2,N,Mantis,Revise the RFA library
71787,Revise the RFA library,Revise the RFA library,2,N,Mantis,Revise the RFA library
71786,Revise the RFA library,Revise the RFA library,2,N,Mantis,Revise the RFA library
71785,Revise the RFA library,Revise the RFA library,2,N,Mantis,Revise the RFA library
71784,Revise the RFA library,Revise the RFA library,2,N,Mantis,Revise the RFA library
71783,Revise the RFA library,Revise the RFA library,2,N,Mantis,Revise the RFA library
71782,Revise the RFA library,Revise the RFA library,2,N,Mantis,Revise the RFA library
71781,Revise the RFA library,Revise the RFA library,2,N,Mantis,Revise the RFA library
71780,Revise the RFA library,Revise the RFA library,2,N,Mantis,Revise the RFA library
71779,Revise the RFA library,Revise the RFA library,2,N,Mantis,Revise the RFA library
71778,Revise the RFA library,Revise the RFA library,2,N,Mantis,Revise the RFA library
71777,Revise the RFA library,Revise the RFA library,2,N,Mantis,Revise the RFA library
71774,Revise the RFA library,Revise the RFA library,2,N,Mantis,Revise the RFA library
71773,Revise the RFA library,Revise the RFA library,2,N,Mantis,Revise the RFA library
71772,Revise the RFA library,Revise the RFA library,2,N,Mantis,Revise the RFA library
71771,Revise the RFA library,Revise the RFA library,2,N,Mantis,Revise the RFA library
71770,Revise the RFA library,Revise the RFA library,2,N,Mantis,Revise the RFA library
71769,Revise the RFA library,Revise the RFA library,2,N,Mantis,Revise the RFA library
71768,Revise the RFA library,Revise the RFA library,2,N,Mantis,Revise the RFA library
71767,Revise the RFA library,Revise the RFA library,2,N,Mantis,Revise the RFA library
71766,Revise the RFA library,Revise the RFA library,2,N,Mantis,Revise the RFA library
71765,Revise the RFA library,Revise the RFA library,2,N,Mantis,Revise the RFA library
71764,Revise the RFA library,Revise the RFA library,2,N,Mantis,Revise the RFA library
71763,Revise the RFA library,Revise the RFA library,2,N,Mantis,Revise the RFA library
71762,Revise the RFA library,Revise the RFA library,2,N,Mantis,Revise the RFA library
71761,Revise the RFA library,Revise the RFA library,2,N,Mantis,Revise the RFA library
71760,Revise the RFA library,Revise the RFA library,2,N,Mantis,Revise the RFA library
71759,Revise the RFA library,Revise the RFA library,2,N,Mantis,Revise the RFA library
71758,Revise the RFA library,Revise the RFA library,2,N,Mantis,Revise the RFA library
71757,Revise the RFA library,Revise the RFA library,2,N,Mantis,Revise the RFA library
71756,Revise the RFA library,Revise the RFA library,2,N,Mantis,Revise the RFA library
71755,Revise the RFA library,Revise the RFA library,2,N,Mantis,Revise the RFA library
71754,Revise the RFA library,Revise the RFA library,2,N,Mantis,Revise the RFA library
71753,Revise the RFA library,Revise the RFA library,2,N,Mantis,Revise the RFA library
71752,Revise the RFA library,Revise the RFA library,2,N,Mantis,Revise the RFA library
71751,Revise the RFA library,Revise the RFA library,2,N,Mantis,Revise the RFA library
71750,Revise the RFA library,Revise the RFA library,2,N,Mantis,Revise the RFA library
71749,Revise the RFA library,Revise the RFA library,2,N,Mantis,Revise the RFA library
71748,Revise the RFA library,Revise the RFA library,2,N,Mantis,Revise the RFA library
71747,Revise the RFA library,Revise the RFA library,2,N,Mantis,Revise the RFA library
71746,Revise the RFA library,Revise the RFA library,2,N,Mantis,Revise the RFA library
71745,Revise the RFA library,Revise the RFA library,2,N,Mantis,Revise the RFA library
71744,Revise the RFA library,Revise the RFA library,2,N,Mantis,Revise the RFA library
71743,Revise the RFA library,Revise the RFA library,2,N,Mantis,Revise the RFA library
71742,Revise the RFA library,Revise the RFA library,2,N,Mantis,Revise the RFA library
71741,Revise the RFA library,Revise the RFA library,2,N,Mantis,Revise the RFA library
71740,Revise the RFA library,Revise the RFA library,2,N,Mantis,Revise the RFA library
71739,Revise the RFA library,Revise the RFA library,2,N,Mantis,Revise the RFA library
71738,Revise the RFA library,Revise the RFA library,2,N,Mantis,Revise the RFA library
71737,Revise the RFA library,Revise the RFA library,2,N,Mantis,Revise the RFA library
71736,Revise the RFA library,Revise the RFA library,2,N,Mantis,Revise the RFA library
71735,Revise the RFA library,Revise the RFA library,2,N,Mantis,Revise the RFA library
71734,Revise the RFA library,Revise the RFA library,2,N,Mantis,Revise the RFA library
71733,Revise the RFA library,Revise the RFA library,2,N,Mantis,Revise the RFA library
71732,Revise the RFA library,Revise the RFA library,2,N,Mantis,Revise the RFA library
71731,Revise the RFA library,Revise the RFA library,2,N,Mantis,Revise the RFA library
71729,Revise the RFA library,Revise the RFA library,2,N,Mantis,Revise the RFA library
71728,Revise the RFA library,Revise the RFA library,2,N,Mantis,Revise the RFA library
71727,Revise the RFA library,Revise the RFA library,2,N,Mantis,Revise the RFA library
71726,Revise the RFA library,Revise the RFA library,2,N,Mantis,Revise the RFA library
71725,Revise the RFA library,Revise the RFA library,2,N,Mantis,Revise the RFA library
71724,Revise the RFA library,Revise the RFA library,2,N,Mantis,Revise the RFA library
71723,Revise the RFA library,Revise the RFA library,2,N,Mantis,Revise the RFA library
71722,Revise the RFA library,Revise the RFA library,2,N,Mantis,Revise the RFA library
71721,Revise the RFA library,Revise the RFA library,2,N,Mantis,Revise the RFA library
71720,Revise the RFA library,Revise the RFA library,2,N,Mantis,Revise the RFA library
71719,Revise the RFA library,Revise the RFA library,2,N,Mantis,Revise the RFA library
71718,Revise the RFA library,Revise the RFA library,2,N,Mantis,Revise the RFA library
71717,Revise the RFA library,Revise the RFA library,2,N,Mantis,Revise the RFA library
71716,Revise the RFA library,Revise the RFA library,2,N,Mantis,Revise the RFA library
71715,Revise the RFA library,Revise the RFA library,2,N,Mantis,Revise the RFA library
71714,Revise the RFA library,Revise the RFA library,2,N,Mantis,Revise the RFA library
71713,Revise the RFA library,Revise the RFA library,2,N,Mantis,Revise the RFA library
71712,Revise the RFA library,Revise the RFA library,2,N,Mantis,Revise the RFA library
71711,Revise the RFA library,Revise the RFA library,2,N,Mantis,Revise the RFA library
71709,Sample Model + Output Data,Sample Model + Output Data,3,N,Mantis,Sample Model + Output Data
71706,Revise the RFA library,Revise the RFA library,2,N,Mantis,Revise the RFA library
71705,Revise the RFA library,Revise the RFA library,2,N,Mantis,Revise the RFA library
71704,Revise the RFA library,Revise the RFA library,2,N,Mantis,Revise the RFA library
71703,Revise the RFA library,Revise the RFA library,2,N,Mantis,Revise the RFA library
71702,Revise the RFA library,Revise the RFA library,2,N,Mantis,Revise the RFA library
71701,Revise the RFA library,Revise the RFA library,2,N,Mantis,Revise the RFA library
71700,Revise the RFA library,Revise the RFA library,2,N,Mantis,Revise the RFA library
71699,Revise the RFA library,Revise the RFA library,2,N,Mantis,Revise the RFA library
71698,Revise the RFA library,Revise the RFA library,2,N,Mantis,Revise the RFA library
71697,Revise the RFA library,Revise the RFA library,2,N,Mantis,Revise the RFA library
71696,Revise the RFA library,Revise the RFA library,2,N,Mantis,Revise the RFA library
71695,Revise the RFA library,Revise the RFA library,2,N,Mantis,Revise the RFA library
71694,Revise the RFA library,Revise the RFA library,2,N,Mantis,Revise the RFA library
71693,Revise the RFA library,Revise the RFA library,2,N,Mantis,Revise the RFA library
71692,Revise the RFA library,Revise the RFA library,2,N,Mantis,Revise the RFA library
71691,Revise the RFA library,Revise the RFA library,2,N,Mantis,Revise the RFA library
71689,Revise the RFA library,Revise the RFA library,2,N,Mantis,Revise the RFA library
71688,Revise the RFA library,Revise the RFA library,2,N,Mantis,Revise the RFA library
71687,Revise the RFA library,Revise the RFA library,2,N,Mantis,Revise the RFA library
71686,Revise the RFA library,Revise the RFA library,2,N,Mantis,Revise the RFA library
71685,Revise the RFA library,Revise the RFA library,2,N,Mantis,Revise the RFA library
71684,Revise the RFA library,Revise the RFA library,2,N,Mantis,Revise the RFA library
71683,Revise the RFA library,Revise the RFA library,2,N,Mantis,Revise the RFA library
71682,Revise the RFA library,Revise the RFA library,2,N,Mantis,Revise the RFA library
71681,Revise the RFA library,Revise the RFA library,2,N,Mantis,Revise the RFA library
71680,Revise the RFA library,Revise the RFA library,2,N,Mantis,Revise the RFA library
71679,Revise the RFA library,Revise the RFA library,2,N,Mantis,Revise the RFA library
71666,Revise the RFA library,Revise the RFA library,2,N,Mantis,Revise the RFA library
71660,Framework deliverables,Framework deliverables,10,N,Mantis,Framework deliverables
71659,Revise the RFA library,Revise the RFA library,2,N,Mantis,Revise the RFA library
71634,Sample Model + Output Data,Sample Model + Output Data,3,N,Mantis,Sample Model + Output Data
71633,Sample Model + Output Data,Sample Model + Output Data,3,N,Mantis,Sample Model + Output Data
71632,Framework deliverables,Framework deliverables,10,N,Mantis,Framework deliverables
71622,Sample Model + Output Data,Sample Model + Output Data,3,N,Mantis,Sample Model + Output Data
71604,Framework deliverables,Framework deliverables,10,N,Mantis,Framework deliverables
71603,Sample Model + Output Data,Sample Model + Output Data,3,N,Mantis,Sample Model + Output Data
71602,Sample Model + Output Data,Sample Model + Output Data,3,N,Mantis,Sample Model + Output Data
71601,Sample Model + Output Data,Sample Model + Output Data,3,N,Mantis,Sample Model + Output Data
71599,Revise the RFA library,Revise the RFA library,2,N,Mantis,Revise the RFA library
71598,Revise the RFA library,Revise the RFA library,2,N,Mantis,Revise the RFA library
71597,Revise the RFA library,Revise the RFA library,2,N,Mantis,Revise the RFA library
71596,Revise the RFA library,Revise the RFA library,2,N,Mantis,Revise the RFA library
71595,Revise the RFA library,Revise the RFA library,2,N,Mantis,Revise the RFA library
71594,Revise the RFA library,Revise the RFA library,2,N,Mantis,Revise the RFA library
71593,Revise the RFA library,Revise the RFA library,2,N,Mantis,Revise the RFA library
71592,Revise the RFA library,Revise the RFA library,2,N,Mantis,Revise the RFA library
71591,Revise the RFA library,Revise the RFA library,2,N,Mantis,Revise the RFA library
71590,Revise the RFA library,Revise the RFA library,2,N,Mantis,Revise the RFA library
71589,Revise the RFA library,Revise the RFA library,2,N,Mantis,Revise the RFA library
71588,Revise the RFA library,Revise the RFA library,2,N,Mantis,Revise the RFA library
71587,Revise the RFA library,Revise the RFA library,2,N,Mantis,Revise the RFA library
71586,Revise the RFA library,Revise the RFA library,2,N,Mantis,Revise the RFA library
71584,Revise the RFA library,Revise the RFA library,2,N,Mantis,Revise the RFA library
71582,Revise the RFA library,Revise the RFA library,2,N,Mantis,Revise the RFA library
71581,Revise the RFA library,Revise the RFA library,2,N,Mantis,Revise the RFA library
71576,Framework deliverables,Framework deliverables,10,N,Mantis,Framework deliverables
71544,Revise the RFA library,Revise the RFA library,2,N,Mantis,Revise the RFA library
71543,Revise the RFA library,Revise the RFA library,2,N,Mantis,Revise the RFA library
71542,Revise the RFA library,Revise the RFA library,2,N,Mantis,Revise the RFA library
71541,Revise the RFA library,Revise the RFA library,2,N,Mantis,Revise the RFA library
71540,Revise the RFA library,Revise the RFA library,2,N,Mantis,Revise the RFA library
71520,Revise the RFA library,Revise the RFA library,2,N,Mantis,Revise the RFA library
71496,Framework deliverables,Framework deliverables,10,N,Mantis,Framework deliverables
71484,Revise the RFA library,Revise the RFA library,2,N,Mantis,Revise the RFA library
71483,Revise the RFA library,Revise the RFA library,2,N,Mantis,Revise the RFA library
71482,Revise the RFA library,Revise the RFA library,2,N,Mantis,Revise the RFA library
71481,Revise the RFA library,Revise the RFA library,2,N,Mantis,Revise the RFA library
71456,Sample Model + Output Data,Sample Model + Output Data,3,N,Mantis,Sample Model + Output Data
71437,Output Checklists,Output Checklists,7,N,Mantis,Output Checklists
71435,Output Checklists,Output Checklists,7,N,Mantis,Output Checklists
71432,Sample Model + Output Data,Sample Model + Output Data,3,N,Mantis,Sample Model + Output Data
71431,Sample Model + Output Data,Sample Model + Output Data,3,N,Mantis,Sample Model + Output Data
71349,Revise the RFA library,Revise the RFA library,2,N,Mantis,Revise the RFA library
71348,Revise the RFA library,Revise the RFA library,2,N,Mantis,Revise the RFA library
71347,Revise the RFA library,Revise the RFA library,2,N,Mantis,Revise the RFA library
71345,Revise the RFA library,Revise the RFA library,2,N,Mantis,Revise the RFA library
71344,Revise the RFA library,Revise the RFA library,2,N,Mantis,Revise the RFA library
71343,Revise the RFA library,Revise the RFA library,2,N,Mantis,Revise the RFA library
71342,Revise the RFA library,Revise the RFA library,2,N,Mantis,Revise the RFA library
71229,Revise the RFA library,Revise the RFA library,2,N,Mantis,Revise the RFA library
71228,Revise the RFA library,Revise the RFA library,2,N,Mantis,Revise the RFA library
71227,Revise the RFA library,Revise the RFA library,2,N,Mantis,Revise the RFA library
71226,Revise the RFA library,Revise the RFA library,2,N,Mantis,Revise the RFA library
71225,Revise the RFA library,Revise the RFA library,2,N,Mantis,Revise the RFA library
71224,Revise the RFA library,Revise the RFA library,2,N,Mantis,Revise the RFA library
71208,Framework deliverables,Framework deliverables,10,N,Mantis,Framework deliverables
71143,Output Checklists,Output Checklists,7,N,Mantis,Output Checklists
71142,Output Checklists,Output Checklists,7,N,Mantis,Output Checklists
71063,Framework deliverables,Framework deliverables,10,N,Mantis,Framework deliverables
70988,Framework deliverables,Framework deliverables,10,N,Mantis,Framework deliverables
70900,Framework deliverables,Framework deliverables,10,N,Mantis,Framework deliverables
70869,Framework deliverables,Framework deliverables,10,N,Mantis,Framework deliverables
69618,Framework deliverables,Framework deliverables,10,N,Mantis,Framework deliverables
69617,Framework deliverables,Framework deliverables,10,N,Mantis,Framework deliverables
68897,Revise the RFA library,Revise the RFA library,2,N,Mantis,Revise the RFA library
68896,Revise the RFA library,Revise the RFA library,2,N,Mantis,Revise the RFA library
68757,Revise the RFA library,Revise the RFA library,2,N,Mantis,Revise the RFA library
68755,Revise the RFA library,Revise the RFA library,2,N,Mantis,Revise the RFA library
68754,Revise the RFA library,Revise the RFA library,2,N,Mantis,Revise the RFA library
68753,Revise the RFA library,Revise the RFA library,2,N,Mantis,Revise the RFA library
68752,Revise the RFA library,Revise the RFA library,2,N,Mantis,Revise the RFA library
68750,Revise the RFA library,Revise the RFA library,2,N,Mantis,Revise the RFA library
68749,Revise the RFA library,Revise the RFA library,2,N,Mantis,Revise the RFA library
68748,Revise the RFA library,Revise the RFA library,2,N,Mantis,Revise the RFA library
68747,Revise the RFA library,Revise the RFA library,2,N,Mantis,Revise the RFA library
68746,Revise the RFA library,Revise the RFA library,2,N,Mantis,Revise the RFA library
68745,Revise the RFA library,Revise the RFA library,2,N,Mantis,Revise the RFA library
68744,Revise the RFA library,Revise the RFA library,2,N,Mantis,Revise the RFA library
68659,Revise the RFA library,Revise the RFA library,2,N,Mantis,Revise the RFA library
68658,Revise the RFA library,Revise the RFA library,2,N,Mantis,Revise the RFA library
68657,Revise the RFA library,Revise the RFA library,2,N,Mantis,Revise the RFA library
68656,Revise the RFA library,Revise the RFA library,2,N,Mantis,Revise the RFA library
68655,Revise the RFA library,Revise the RFA library,2,N,Mantis,Revise the RFA library
68654,Revise the RFA library,Revise the RFA library,2,N,Mantis,Revise the RFA library
68617,Revise the RFA library,Revise the RFA library,2,N,Mantis,Revise the RFA library
68615,Revise the RFA library,Revise the RFA library,2,N,Mantis,Revise the RFA library
68554,Revise the RFA library,Revise the RFA library,2,N,Mantis,Revise the RFA library
68553,Revise the RFA library,Revise the RFA library,2,N,Mantis,Revise the RFA library
68552,Revise the RFA library,Revise the RFA library,2,N,Mantis,Revise the RFA library
68551,Revise the RFA library,Revise the RFA library,2,N,Mantis,Revise the RFA library
68550,Revise the RFA library,Revise the RFA library,2,N,Mantis,Revise the RFA library
68542,Framework deliverables,Framework deliverables,10,N,Mantis,Framework deliverables
68493,Framework deliverables,Framework deliverables,10,N,Mantis,Framework deliverables
68489,Sample Model + Output Data,Sample Model + Output Data,3,N,Mantis,Sample Model + Output Data
68484,Sample Model + Output Data,Sample Model + Output Data,3,N,Mantis,Sample Model + Output Data
68476,Framework deliverables,Framework deliverables,10,N,Mantis,Framework deliverables
68450,Revise the RFA library,Revise the RFA library,2,N,Mantis,Revise the RFA library
68438,Sample Model + Output Data,Sample Model + Output Data,3,N,Mantis,Sample Model + Output Data
68436,Framework deliverables,Framework deliverables,10,N,Mantis,Framework deliverables
68400,Framework deliverables,Framework deliverables,10,N,Mantis,Framework deliverables
68340,Framework deliverables,Framework deliverables,10,N,Mantis,Framework deliverables
68325,Revise the RFA library,Revise the RFA library,2,N,Mantis,Revise the RFA library
68323,Sample Model + Output Data,Sample Model + Output Data,3,N,Mantis,Sample Model + Output Data
68322,Revise the RFA library,Revise the RFA library,2,N,Mantis,Revise the RFA library
68300,Revise the RFA library,Revise the RFA library,2,N,Mantis,Revise the RFA library
68299,Revise the RFA library,Revise the RFA library,2,N,Mantis,Revise the RFA library
68298,Revise the RFA library,Revise the RFA library,2,N,Mantis,Revise the RFA library
68297,Revise the RFA library,Revise the RFA library,2,N,Mantis,Revise the RFA library
68288,Framework deliverables,Framework deliverables,10,N,Mantis,Framework deliverables
68287,Sample Model + Output Data,Sample Model + Output Data,3,N,Mantis,Sample Model + Output Data
68281,Output Checklists,Output Checklists,7,N,Mantis,Output Checklists
68280,Output Checklists,Output Checklists,7,N,Mantis,Output Checklists
68279,Framework deliverables,Framework deliverables,10,N,Mantis,Framework deliverables
68278,Framework deliverables,Framework deliverables,10,N,Mantis,Framework deliverables
68277,Framework deliverables,Framework deliverables,10,N,Mantis,Framework deliverables
68276,Framework deliverables,Framework deliverables,10,N,Mantis,Framework deliverables
68263,Revise the RFA library,Revise the RFA library,2,N,Mantis,Revise the RFA library
68250,Sample Model + Output Data,Sample Model + Output Data,3,N,Mantis,Sample Model + Output Data
68249,Sample Model + Output Data,Sample Model + Output Data,3,N,Mantis,Sample Model + Output Data
68227,Revise the RFA library,Revise the RFA library,2,N,Mantis,Revise the RFA library
68223,Revise the RFA library,Revise the RFA library,2,N,Mantis,Revise the RFA library
68202,Framework deliverables,Framework deliverables,10,N,Mantis,Framework deliverables
68201,Framework deliverables,Framework deliverables,10,N,Mantis,Framework deliverables
68199,Framework deliverables,Framework deliverables,10,N,Mantis,Framework deliverables
68192,Framework deliverables,Framework deliverables,10,N,Mantis,Framework deliverables
68190,Framework deliverables,Framework deliverables,10,N,Mantis,Framework deliverables
68182,Framework deliverables,Framework deliverables,10,N,Mantis,Framework deliverables
68181,Framework deliverables,Framework deliverables,10,N,Mantis,Framework deliverables
68180,Revise the RFA library,Revise the RFA library,2,N,Mantis,Revise the RFA library
68179,Revise the RFA library,Revise the RFA library,2,N,Mantis,Revise the RFA library
68173,Revise the RFA library,Revise the RFA library,2,N,Mantis,Revise the RFA library
68172,Revise the RFA library,Revise the RFA library,2,N,Mantis,Revise the RFA library
68171,Revise the RFA library,Revise the RFA library,2,N,Mantis,Revise the RFA library
68167,Revise the RFA library,Revise the RFA library,2,N,Mantis,Revise the RFA library
68166,Revise the RFA library,Revise the RFA library,2,N,Mantis,Revise the RFA library
68165,Revise the RFA library,Revise the RFA library,2,N,Mantis,Revise the RFA library
68164,Revise the RFA library,Revise the RFA library,2,N,Mantis,Revise the RFA library
68163,Revise the RFA library,Revise the RFA library,2,N,Mantis,Revise the RFA library
68162,Revise the RFA library,Revise the RFA library,2,N,Mantis,Revise the RFA library
68161,Framework deliverables,Framework deliverables,10,N,Mantis,Framework deliverables
68160,Framework deliverables,Framework deliverables,10,N,Mantis,Framework deliverables
68153,Revise the RFA library,Revise the RFA library,2,N,Mantis,Revise the RFA library
68152,Revise the RFA library,Revise the RFA library,2,N,Mantis,Revise the RFA library
68151,Revise the RFA library,Revise the RFA library,2,N,Mantis,Revise the RFA library
68150,Revise the RFA library,Revise the RFA library,2,N,Mantis,Revise the RFA library
68149,Revise the RFA library,Revise the RFA library,2,N,Mantis,Revise the RFA library
68148,Revise the RFA library,Revise the RFA library,2,N,Mantis,Revise the RFA library
68146,Framework deliverables,Framework deliverables,10,N,Mantis,Framework deliverables
68145,Framework deliverables,Framework deliverables,10,N,Mantis,Framework deliverables
68144,Framework deliverables,Framework deliverables,10,N,Mantis,Framework deliverables
68143,Framework deliverables,Framework deliverables,10,N,Mantis,Framework deliverables
68142,Framework deliverables,Framework deliverables,10,N,Mantis,Framework deliverables
68140,Framework deliverables,Framework deliverables,10,N,Mantis,Framework deliverables
68139,Framework deliverables,Framework deliverables,10,N,Mantis,Framework deliverables
68138,Framework deliverables,Framework deliverables,10,N,Mantis,Framework deliverables
68132,Framework deliverables,Framework deliverables,10,N,Mantis,Framework deliverables
68131,Framework deliverables,Framework deliverables,10,N,Mantis,Framework deliverables
68109,Revise the RFA library,Revise the RFA library,2,N,Mantis,Revise the RFA library
68108,Revise the RFA library,Revise the RFA library,2,N,Mantis,Revise the RFA library
68107,Revise the RFA library,Revise the RFA library,2,N,Mantis,Revise the RFA library
68106,Revise the RFA library,Revise the RFA library,2,N,Mantis,Revise the RFA library
68105,Revise the RFA library,Revise the RFA library,2,N,Mantis,Revise the RFA library
68061,Sample Model + Output Data,Sample Model + Output Data,3,N,Mantis,Sample Model + Output Data
68054,Framework deliverables,Framework deliverables,10,N,Mantis,Framework deliverables
68032,Framework deliverables,Framework deliverables,10,N,Mantis,Framework deliverables
68031,Framework deliverables,Framework deliverables,10,N,Mantis,Framework deliverables
68018,Framework deliverables,Framework deliverables,10,N,Mantis,Framework deliverables
68017,Framework deliverables,Framework deliverables,10,N,Mantis,Framework deliverables
68016,Framework deliverables,Framework deliverables,10,N,Mantis,Framework deliverables
68015,Framework deliverables,Framework deliverables,10,N,Mantis,Framework deliverables
68014,Framework deliverables,Framework deliverables,10,N,Mantis,Framework deliverables
68013,Framework deliverables,Framework deliverables,10,N,Mantis,Framework deliverables
68012,Framework deliverables,Framework deliverables,10,N,Mantis,Framework deliverables
68011,Framework deliverables,Framework deliverables,10,N,Mantis,Framework deliverables
68010,Framework deliverables,Framework deliverables,10,N,Mantis,Framework deliverables
68009,Framework deliverables,Framework deliverables,10,N,Mantis,Framework deliverables
68008,Framework deliverables,Framework deliverables,10,N,Mantis,Framework deliverables
68007,Framework deliverables,Framework deliverables,10,N,Mantis,Framework deliverables
68005,Framework deliverables,Framework deliverables,10,N,Mantis,Framework deliverables
68004,Framework deliverables,Framework deliverables,10,N,Mantis,Framework deliverables
67971,Framework deliverables,Framework deliverables,10,N,Mantis,Framework deliverables
67944,Framework deliverables,Framework deliverables,10,N,Mantis,Framework deliverables
67935,Framework deliverables,Framework deliverables,10,N,Mantis,Framework deliverables
67927,Framework deliverables,Framework deliverables,10,N,Mantis,Framework deliverables
67921,Framework deliverables,Framework deliverables,10,N,Mantis,Framework deliverables
67920,Framework deliverables,Framework deliverables,10,N,Mantis,Framework deliverables
67919,Framework deliverables,Framework deliverables,10,N,Mantis,Framework deliverables
67918,Framework deliverables,Framework deliverables,10,N,Mantis,Framework deliverables
67914,Framework deliverables,Framework deliverables,10,N,Mantis,Framework deliverables
67910,Framework deliverables,Framework deliverables,10,N,Mantis,Framework deliverables
67909,Framework deliverables,Framework deliverables,10,N,Mantis,Framework deliverables
67908,Framework deliverables,Framework deliverables,10,N,Mantis,Framework deliverables
67890,Framework deliverables,Framework deliverables,10,N,Mantis,Framework deliverables
67855,Framework deliverables,Framework deliverables,10,N,Mantis,Framework deliverables
67839,Framework deliverables,Framework deliverables,10,N,Mantis,Framework deliverables
67838,Framework deliverables,Framework deliverables,10,N,Mantis,Framework deliverables
67815,Framework deliverables,Framework deliverables,10,N,Mantis,Framework deliverables
67814,Framework deliverables,Framework deliverables,10,N,Mantis,Framework deliverables
67812,Framework deliverables,Framework deliverables,10,N,Mantis,Framework deliverables
67745,Revise the RFA library,Revise the RFA library,2,N,Mantis,Revise the RFA library
67744,Revise the RFA library,Revise the RFA library,2,N,Mantis,Revise the RFA library
67743,Revise the RFA library,Revise the RFA library,2,N,Mantis,Revise the RFA library
67741,Revise the RFA library,Revise the RFA library,2,N,Mantis,Revise the RFA library
67737,Framework deliverables,Framework deliverables,10,N,Mantis,Framework deliverables
67736,Framework deliverables,Framework deliverables,10,N,Mantis,Framework deliverables
67716,Framework deliverables,Framework deliverables,10,N,Mantis,Framework deliverables
67713,Framework deliverables,Framework deliverables,10,N,Mantis,Framework deliverables
67691,Framework deliverables,Framework deliverables,10,N,Mantis,Framework deliverables
67672,Revise the RFA library,Revise the RFA library,2,N,Mantis,Revise the RFA library
67567,Framework deliverables,Framework deliverables,10,N,Mantis,Framework deliverables
67566,Framework deliverables,Framework deliverables,10,N,Mantis,Framework deliverables
67565,Framework deliverables,Framework deliverables,10,N,Mantis,Framework deliverables
67375,Framework deliverables,Framework deliverables,10,N,Mantis,Framework deliverables
67343,Framework deliverables,Framework deliverables,10,N,Mantis,Framework deliverables
67342,Framework deliverables,Framework deliverables,10,N,Mantis,Framework deliverables
67341,Framework deliverables,Framework deliverables,10,N,Mantis,Framework deliverables
67340,Framework deliverables,Framework deliverables,10,N,Mantis,Framework deliverables
67308,Framework deliverables,Framework deliverables,10,N,Mantis,Framework deliverables
67307,Framework deliverables,Framework deliverables,10,N,Mantis,Framework deliverables
67305,Framework deliverables,Framework deliverables,10,N,Mantis,Framework deliverables
67303,Framework deliverables,Framework deliverables,10,N,Mantis,Framework deliverables
67300,Framework deliverables,Framework deliverables,10,N,Mantis,Framework deliverables
67262,Output Checklists,Output Checklists,7,N,Mantis,Output Checklists
67259,Framework deliverables,Framework deliverables,10,N,Mantis,Framework deliverables
67242,Framework deliverables,Framework deliverables,10,N,Mantis,Framework deliverables
67214,Framework deliverables,Framework deliverables,10,N,Mantis,Framework deliverables
67116,Framework deliverables,Framework deliverables,10,N,Mantis,Framework deliverables
67108,Framework deliverables,Framework deliverables,10,N,Mantis,Framework deliverables
67010,Framework deliverables,Framework deliverables,10,N,Mantis,Framework deliverables
66985,Framework deliverables,Framework deliverables,10,N,Mantis,Framework deliverables
66984,Framework deliverables,Framework deliverables,10,N,Mantis,Framework deliverables
66927,Framework deliverables,Framework deliverables,10,N,Mantis,Framework deliverables
66926,Framework deliverables,Framework deliverables,10,N,Mantis,Framework deliverables
66924,Framework deliverables,Framework deliverables,10,N,Mantis,Framework deliverables
66922,Framework deliverables,Framework deliverables,10,N,Mantis,Framework deliverables
66919,Framework deliverables,Framework deliverables,10,N,Mantis,Framework deliverables
66918,Framework deliverables,Framework deliverables,10,N,Mantis,Framework deliverables
66917,Framework deliverables,Framework deliverables,10,N,Mantis,Framework deliverables
66916,Framework deliverables,Framework deliverables,10,N,Mantis,Framework deliverables
66904,Framework deliverables,Framework deliverables,10,N,Mantis,Framework deliverables
66901,Framework deliverables,Framework deliverables,10,N,Mantis,Framework deliverables
66900,Framework deliverables,Framework deliverables,10,N,Mantis,Framework deliverables
66899,Framework deliverables,Framework deliverables,10,N,Mantis,Framework deliverables
66898,Framework deliverables,Framework deliverables,10,N,Mantis,Framework deliverables
66897,Framework deliverables,Framework deliverables,10,N,Mantis,Framework deliverables
66896,Framework deliverables,Framework deliverables,10,N,Mantis,Framework deliverables
66855,Framework deliverables,Framework deliverables,10,N,Mantis,Framework deliverables
66854,Framework deliverables,Framework deliverables,10,N,Mantis,Framework deliverables
66853,Framework deliverables,Framework deliverables,10,N,Mantis,Framework deliverables
66840,Framework deliverables,Framework deliverables,10,N,Mantis,Framework deliverables
66785,Revise the RFA library,Revise the RFA library,2,N,Mantis,Revise the RFA library
66709,Framework deliverables,Framework deliverables,10,N,Mantis,Framework deliverables
66706,Framework deliverables,Framework deliverables,10,N,Mantis,Framework deliverables
66678,Create Revit templates for each LPH,Create Revit templates for each LPH,9,N,Mantis,Create Revit templates for each LPH
66677,Framework deliverables,Framework deliverables,10,N,Mantis,Framework deliverables
66676,Revise the RFA library,Revise the RFA library,2,N,Mantis,Revise the RFA library
66675,Revise the RFA library,Revise the RFA library,2,N,Mantis,Revise the RFA library
66674,Revise the RFA library,Revise the RFA library,2,N,Mantis,Revise the RFA library
66673,Revise the RFA library,Revise the RFA library,2,N,Mantis,Revise the RFA library
66659,Framework deliverables,Framework deliverables,10,N,Mantis,Framework deliverables
66617,Framework deliverables,Framework deliverables,10,N,Mantis,Framework deliverables
66616,Framework deliverables,Framework deliverables,10,N,Mantis,Framework deliverables
66615,Create Revit templates for each LPH,Create Revit templates for each LPH,9,N,Mantis,Create Revit templates for each LPH
66614,Create Revit templates for each LPH,Create Revit templates for each LPH,9,N,Mantis,Create Revit templates for each LPH
66613,Framework deliverables,Framework deliverables,10,N,Mantis,Framework deliverables
66601,Framework deliverables,Framework deliverables,10,N,Mantis,Framework deliverables
66600,Framework deliverables,Framework deliverables,10,N,Mantis,Framework deliverables
66599,Framework deliverables,Framework deliverables,10,N,Mantis,Framework deliverables
66598,Framework deliverables,Framework deliverables,10,N,Mantis,Framework deliverables
66592,Framework deliverables,Framework deliverables,10,N,Mantis,Framework deliverables
66578,Framework deliverables,Framework deliverables,10,N,Mantis,Framework deliverables
66575,Framework deliverables,Framework deliverables,10,N,Mantis,Framework deliverables
